{"type":"footer","name":"t:sections.footer.settings.footer-group.label","sections":{"footer":{"type":"footer","blocks":{"footer-1":{"type":"link_list","settings":{"subheading":"Shop","menu":"footer","default_open":false}},"footer-2":{"type":"link_list","settings":{"subheading":"Company","menu":"footer","default_open":false}},"footer-3":{"type":"link_list","settings":{"subheading":"Services","menu":"footer","default_open":false}},"footer-4":{"type":"link_list","settings":{"subheading":"Socials","menu":"footer","default_open":false}},"footer-5":{"type":"link_list","settings":{"subheading":"Legal","menu":"footer","default_open":false}}},"block_order":["footer-1","footer-2","footer-3","footer-4","footer-5"],"settings":{"color_scheme":"background-2","show_border":true,"logo":"shopify:\/\/shop_images\/lessandromance_copy-222.png","logo_width":340,"logo_layout":"center","description":"This section can showcase a quick summary of what your store offers, such as premium products, customer service, or brand values.","language_button_type":"text","region_button_type":"text","enable_subscribe":true,"subscribe_heading":"Subscribe to Our Newsletter","subscribe_text":"","enable_country_selector":true,"enable_language_selector":true,"payment_enable":true,"enable_follow_on_shop":true,"copyright_bottom":true,"enable_copyright_date":true,"enable_copyright_shopname":true,"padding_top":"no-indent","padding_bottom":"xs"}}},"order":["footer"]}