{"type":"header","name":"t:sections.header.settings.header-group.label","sections":{"countdown-timer-bar":{"type":"countdown-timer-bar","disabled":true,"settings":{"height":40,"height_mobile":40,"color_scheme":"background-2","promo_text":"","date_picker":"2025-06-01","time_picker":"00:00","countdown_block_font":"h1","completed_countdown":"show_text","countdown_heading":"Soft breeze collection","button_label":"Shop now","button_link":"","overlay_mobile_link":true}},"announcement_bar_fHyxwK":{"type":"announcement-bar","name":"t:sections.announcement-bar.name","settings":{"height":40,"height_mobile":40,"color_scheme":"background-2","text_align":"center","text":"For example, a test of the announcement of some news"}},"header":{"type":"header","blocks":{"burger_menu_CirWtE":{"type":"burger_menu","settings":{"burger_menu_heading":"Menu","main_menu":"pop-up-menu","small_menu":"main-menu","burger_menu_description":"Quick access to everything you need.","burger_menu_button_label":"Shop Now","burger_menu_button_link":"","burger_menu_button_style":"tertiary","burger_menu_promo_1_trigger":"","heading_1":"New Arrivals","button_link_1":"","burger_menu_promo_2_trigger":"","heading_2":"Best Sellers","button_link_2":"","burger_menu_promo_3_trigger":"","heading_3":"Collections","button_link_3":"","burger_menu_promo_4_trigger":"","heading_4":"Deals & Offers","button_link_4":"","burger_menu_promo_5_trigger":"","heading_5":"Shop by Category","button_link_5":""}}},"block_order":["burger_menu_CirWtE"],"settings":{"enable_border":false,"header_type":"center-logo","logo":"shopify:\/\/shop_images\/lessandromance_copy-2.png","logo_2":"shopify:\/\/shop_images\/lessandromance_copy-222.png","logo_width":295,"menu":"pop-up-menu","sticky_header_type":"always","header_animation_type":"slide","enable_country_selector":true,"enable_language_selector":true,"enable_search":true,"scheme_position":"right","dm_button_type":"text","search_button_type":"text","search_mobile_button_type":"icon","cart_button_type":"text","cart_mobile_button_type":"text","account_button_type":"text","language_button_type":"text","region_button_type":"text"}}},"order":["countdown-timer-bar","announcement_bar_fHyxwK","header"]}