{"type":"custom.overlay","name":"t:sections.overlay-group.name","sections":{"popup_nWJQyd":{"type":"popup","blocks":{"popup_heading_btYGGf":{"type":"popup_heading","settings":{"heading":"Ready to Shop?","heading2":"Subscribe to Newsletter & Get 25% Off Your First Order","heading_size":"h3"}},"popup_description_KMYJzM":{"type":"popup_description","settings":{"description":"","description2":""}},"subscribe_form_nWxeWT":{"type":"subscribe_form","settings":{"placeholder_input":"Your Email","button_label":"Subscribe","show_form_for_loggedout":false,"button_label2":"Sign up","button_style":"tertiary","description":""}}},"block_order":["popup_heading_btYGGf","popup_description_KMYJzM","subscribe_form_nWxeWT"],"settings":{"image_layout":"left","image_fit":"cover","image_caption":"Some caption for your popup image","content_alignment":"left","limit-display":10,"limit-cache":30,"position":"bottom-right","popup-id":"","trigger-open":"manual","trigger-open-delay":1,"open-scroll-type":"%","open-scroll-position":20,"manual-selector":"","trigger-close":"none","trigger-close-delay":30,"close-scroll-type":"%","close-scroll-position":50,"color_scheme":"","open-animation":"Fade","exit-animation":"Fade","show-overlay":false,"mobile":false,"scrolling":false,"overlay-close":false,"esc-close":false,"f4-close":false}},"age_verification_MgYNnJ":{"type":"age-verification","disabled":true,"name":"t:sections.overlay-group.age-verification.name","settings":{"heading":"Here can be your age verification title","heading_size":"h2","text":"<p>Here can be a short message asking users to confirm their age before accessing the site.<\/p>","button_label_no":"No I'm not","button_label_yes":"Yes I am","heading_declined":"Access Restricted","text_declined":"<p>Unfortunately, you don’t meet the requirements to view this content.<\/p>"}},"notification_banner_A8hkCq":{"type":"notification-banner","disabled":true,"name":"t:sections.overlay-group.notification-banner.name","settings":{"layout":"banner","image_fit":"cover","image_position":"left","content_alignment":"left","heading":"Heading for new members","heading_size":"h3","text":"","button_label":"Explore Now","button_action":"link","button_link":"","button_style":"tertiary","limit-display":0,"limit-cache":30,"position":"bottom-right","popup-id":"","trigger-open":"delay","trigger-open-delay":1,"open-scroll-type":"%","open-scroll-position":50,"manual-selector":"","trigger-close":"none","trigger-close-delay":30,"close-scroll-type":"%","close-scroll-position":50,"color_scheme":"","open-animation":"Fade","exit-animation":"Fade","show-overlay":false,"mobile":false,"scrolling":false,"overlay-close":false,"esc-close":false,"f4-close":false}},"popup_UadXqg":{"type":"popup","blocks":{"popup_heading_T7Q4Wz":{"type":"popup_heading","settings":{"heading":"Ready to Shop?","heading2":"Subscribe to Newsletter & Get 25% Off Your First Order","heading_size":"h3"}},"popup_description_gfaYJC":{"type":"popup_description","settings":{"description":"","description2":""}},"subscribe_form_QrpHXh":{"type":"subscribe_form","settings":{"placeholder_input":"Your Email","button_label":"Subscribe","show_form_for_loggedout":false,"button_label2":"Sign up","button_style":"tertiary","description":""}}},"block_order":["popup_heading_T7Q4Wz","popup_description_gfaYJC","subscribe_form_QrpHXh"],"name":"t:sections.overlay-group.popup.name","settings":{"image_layout":"left","image_fit":"cover","image_caption":"Some caption for your popup image","content_alignment":"center","limit-display":1,"limit-cache":30,"position":"center","popup-id":"","trigger-open":"delay","trigger-open-delay":1,"open-scroll-type":"%","open-scroll-position":50,"manual-selector":"","trigger-close":"none","trigger-close-delay":30,"close-scroll-type":"%","close-scroll-position":50,"color_scheme":"background-1","open-animation":"Fade","exit-animation":"Fade","show-overlay":true,"mobile":false,"scrolling":false,"overlay-close":false,"esc-close":false,"f4-close":false}},"ss_product_variant_BMe4TB":{"type":"ss-product-variant","blocks":{"item_G7Pa8z":{"type":"item","settings":{"image":"shopify:\/\/shop_images\/lesand-1-_304_748ba6ce-f768-45a3-9264-d4b72d7dc868.jpg","url":""}}},"block_order":["item_G7Pa8z"],"name":"SS - Product variants","settings":{"variants_position":"below_price","use_blocks":true,"layout":"grid","layout_row":4,"layout_row_mobile":4,"layout_gap":8,"layout_gap_mobile":8,"item_padding":2,"item_padding_mobile":2,"item_radius":0,"item_border_thickness":1,"item_ratio":"square","item_ratio_mobile":"square","item_bg_color":"#ffffff","item_border_color":"#ebebed","item_border_active_color":"#000000","button_icon_color":"#000000","button_icon_hover_color":"#000000","background_color":"","background_gradient":"","border_color":"#000000","margin_top":0,"margin_bottom":0,"padding_top":0,"padding_bottom":0,"padding_horizontal":0,"padding_horizontal_mobile":0,"border_thickness":0}},"custom_liquid_UmxABV":{"type":"custom-liquid","name":"t:sections.custom-liquid.presets.name","settings":{"custom_liquid":""}}},"order":["popup_nWJQyd","age_verification_MgYNnJ","notification_banner_A8hkCq","popup_UadXqg","ss_product_variant_BMe4TB","custom_liquid_UmxABV"]}