{"type":"footer","name":"Groupe de pied de page","sections":{"html_c3EdUz":{"type":"html","settings":{"html":"<a href=\"https:\/\/wa.me\/+33786636667\" \n   target=\"_blank\" \n   style=\"display: inline-block; padding: 12px 20px; background-color: #25D366; color: white; text-decoration: none; font-weight: bold; border-radius: 5px;\">\n  📞 Contactez Nous\n<\/a>","bg_color":"bg-body text-body","bg_gradient":false,"container":"container","text_align":"text-center","brand_image_size":"60","subtitle":"","subtitle_size":"fs-5","color_caption":"#6c757d","title_overlay":"","title_overlay_size":"3","color_title_overlay":"#000000","title":"","heading_tag":"h2","title_size":"h2","description":"","description_size":"fs-5","btn_text":"","btn_url":"","btn_color":"btn-primary","btn_size":"btn-md","pt":6,"pb":5,"mt":0,"mb":0}},"de8f91bc-e212-4603-9b8c-25a1396f5db7":{"type":"newsletter-popup","settings":{"delay":5,"days_to_wait":3,"modal_title":"Obtenez 10 % De Réduction IMMÉDIATEMENT","title":"Devenir VIP","title_size":"h4","description":"<p>Saisissez votre adresse e-mail pour devenir VIP et <strong>bénéficiez immédiatement d'une réduction de 10 %<\/strong> lors de votre prochain achat.  <\/p><p>P.S. Vous pouvez vous désabonner à tout moment et c'est une liste d'information, aucun spam à prévoir ;)<\/p>","description_size":"fs-5","input_group_size":"","btn_color":"btn-primary","notice":"<p>En vous inscrivant pour recevoir des courriels, vous acceptez nos <a href=\"\/pages\/conditions-generales-de-vente\" title=\"Conditions générales de vente\">conditions générales<\/a> et notre <a href=\"\/pages\/politique-de-confidentialite\" title=\"Politique de confidentialité et protection des données personnelles\">politique de confidentialité<\/a>.<\/p>","image":"shopify:\/\/shop_images\/whatsinsidetoner_ff.jpg","img_orientation":"landscape","img_crop":"center","img_thumbnail":"img-thumbnail","border_color":"border-primary","shadow_sp":"shadow-4","img_align_desktop":"flex-lg-row","pt":6,"pb":6,"mt":0,"mb":0}},"age_verfication_modal_JjbNfk":{"type":"age-verfication-modal","disabled":true,"settings":{"min_age":18,"days_to_wait":30,"text_align":"text-start","title":"Vérification de l'âge","title_size":"h3","description":"<p>Veuillez confirmer votre âge pour continuer. <strong>Vous devez avoir plus de 18 ans ou l'âge de la majorité dans la juridiction à partir de laquelle vous accédez au site Web.<\/strong><\/p>","description_size":"fs-5","input_group_size":"","btn_text":"Continuer","btn_color":"btn-primary","notice":"<p>En continuant à visiter notre magasin, vous acceptez nos conditions d'utilisation et notre politique de confidentialité.<\/p>","img_orientation":"square","img_crop":"center","img_thumbnail":"img-thumbnail","border_color":"border-primary","shadow_sp":"shadow-1","img_align_desktop":"flex-lg-row","text_month_label":"Mois","text_month_placeholder":"MM","text_day_label":"Jour","text_day_placeholder":"JJ","text_year_label":"Année","text_year_placeholder":"AAAA","pt":6,"pb":6,"mt":0,"mb":0}},"7f83320a-aa0d-44d3-bcee-64f1f97fa554":{"type":"icon-blocks","blocks":{"bbff3b35-e39d-4c7b-ba5e-641283ffed8b":{"type":"item","settings":{"bg_color":"bg-white text-dark","bg_gradient":false,"border_color":"","border_width":0,"shadow_sp":"shadow-none","text_align":"text-center","icon":"<svg xmlns=\"http:\/\/www.w3.org\/2000\/svg\" id=\"Outline\" viewbox=\"0 0 24 24\" width=\"40\" height=\"40\"><path d=\"M23.836,8.794a3.179,3.179,0,0,0-3.067-2.226H16.4L15.073,2.432a3.227,3.227,0,0,0-6.146,0L7.6,6.568H3.231a3.227,3.227,0,0,0-1.9,5.832L4.887,15,3.535,19.187A3.178,3.178,0,0,0,4.719,22.8a3.177,3.177,0,0,0,3.8-.019L12,20.219l3.482,2.559a3.227,3.227,0,0,0,4.983-3.591L19.113,15l3.56-2.6A3.177,3.177,0,0,0,23.836,8.794Zm-2.343,1.991-4.144,3.029a1,1,0,0,0-.362,1.116L18.562,19.8a1.227,1.227,0,0,1-1.895,1.365l-4.075-3a1,1,0,0,0-1.184,0l-4.075,3a1.227,1.227,0,0,1-1.9-1.365L7.013,14.93a1,1,0,0,0-.362-1.116L2.507,10.785a1.227,1.227,0,0,1,.724-2.217h5.1a1,1,0,0,0,.952-.694l1.55-4.831a1.227,1.227,0,0,1,2.336,0l1.55,4.831a1,1,0,0,0,.952.694h5.1a1.227,1.227,0,0,1,.724,2.217Z\"><\/path><\/svg>","image_width_custom":50,"icon_position":"top","title":"Titre de la colonne","heading_tag":"h3","title_size":"h5","description":"<p>Associez du texte à une image pour mettre l'accent sur le produit, la collection ou l'article de blog de votre choix.<\/p>","description_size":"fs-6","btn_text":"En savoir plus","btn_url":"","btn_color":"btn-link","btn_size":"btn-sm"}},"76f81d4a-a74c-43bf-82d9-83d7e05035c6":{"type":"item","settings":{"bg_color":"bg-light text-body","bg_gradient":false,"border_color":"","border_width":1,"shadow_sp":"shadow-2","text_align":"text-center","icon":"<svg xmlns=\"http:\/\/www.w3.org\/2000\/svg\" id=\"Outline\" viewbox=\"0 0 24 24\" width=\"40\" height=\"40\"><path d=\"M22.555,13.662l-1.9-6.836A9.321,9.321,0,0,0,2.576,7.3L1.105,13.915A5,5,0,0,0,5.986,20H7.1a5,5,0,0,0,9.8,0h.838a5,5,0,0,0,4.818-6.338ZM12,22a3,3,0,0,1-2.816-2h5.632A3,3,0,0,1,12,22Zm8.126-5.185A2.977,2.977,0,0,1,17.737,18H5.986a3,3,0,0,1-2.928-3.651l1.47-6.616a7.321,7.321,0,0,1,14.2-.372l1.9,6.836A2.977,2.977,0,0,1,20.126,16.815Z\"><\/path><\/svg>","image_width_custom":50,"icon_position":"top","title":"Titre de la colonne","heading_tag":"h3","title_size":"h5","description":"<p>Associez du texte à une image pour mettre l'accent sur le produit, la collection ou l'article de blog de votre choix.<\/p>","description_size":"fs-6","btn_text":"En savoir plus","btn_url":"#main","btn_color":"btn-outline-primary","btn_size":"btn-sm"}},"5ae6627f-98cd-4978-8d28-d6d824a8f8ee":{"type":"item","settings":{"bg_color":"bg-light text-body","bg_gradient":false,"border_color":"border-primary","border_width":1,"shadow_sp":"shadow-2","text_align":"text-center","icon":"<svg xmlns=\"http:\/\/www.w3.org\/2000\/svg\" id=\"Outline\" viewbox=\"0 0 24 24\" width=\"40\" height=\"40\"><path d=\"M19,8.424V7A7,7,0,0,0,5,7V8.424A5,5,0,0,0,2,13v6a5.006,5.006,0,0,0,5,5H17a5.006,5.006,0,0,0,5-5V13A5,5,0,0,0,19,8.424ZM7,7A5,5,0,0,1,17,7V8H7ZM20,19a3,3,0,0,1-3,3H7a3,3,0,0,1-3-3V13a3,3,0,0,1,3-3H17a3,3,0,0,1,3,3Z\"><\/path><path d=\"M12,14a1,1,0,0,0-1,1v2a1,1,0,0,0,2,0V15A1,1,0,0,0,12,14Z\"><\/path><\/svg>","image_width_custom":50,"icon_position":"top","title":"Titre de la colonne","heading_tag":"h3","title_size":"h5","description":"<p>Associez du texte à une image pour mettre l'accent sur le produit, la collection ou l'article de blog de votre choix.<\/p>","description_size":"fs-6","btn_text":"En savoir plus","btn_url":"","btn_color":"btn-primary","btn_size":"btn-sm"}},"f22e5e63-298e-485d-be5a-965d53f85fe8":{"type":"item","settings":{"bg_color":"bg-body text-body","bg_gradient":false,"border_color":"border-primary","border_width":1,"shadow_sp":"shadow-4","text_align":"text-center","icon":"<svg version=\"1.1\" id=\"shopidemosecurepayment\" xmlns=\"http:\/\/www.w3.org\/2000\/svg\" x=\"0px\" y=\"0px\" viewbox=\"0 0 500 500\" xmlns:xlink=\"http:\/\/www.w3.org\/1999\/xlink\" xml:space=\"preserve\"> <style type=\"text\/css\"> \t.stshopidemosecurepayment0{fill:#C99700;} <\/style> <path d=\"M473.9,63.5c-12.5-1-24,0-37.5,0H56c-21.1,0-38.4,17.3-38.4,38.4V174c2.9-1.9,5.8-2.9,8.6-3.8v-36.5c1-4.8,3.8-9.6,8.6-11.5 \tc5.8-1,12.5-1,21.1-1c134.5,0,289.2,1.9,423.7,0c6.7,0,8.6,5.8,8.6,9.6v54.8c0,7.7-1.9,11.5-11.5,11.5c-82.6,0-172-1-255.5-1 \tc-6.7,0-5.8,5.8-5.8,12.5v108.6c0,11.5-4.8,21.1-9.6,30.7l-13.4,24c99,0,185.4,1,277.6,1c16.3,0,25.9-9.6,25.9-25V92.3 \tC496,78.9,488.3,65.4,473.9,63.5z M472.9,359.4H203l9.6-15.4h260.3V359.4z\"><\/path> <path class=\"stshopidemosecurepayment0\" d=\"M208.8,166.3c-55.7-24-119.1-27.9-176.8-6.7C7,167.3,3.2,180.7,4.1,198c1,32.7,0,65.3,0,98 \tc0,19.2,5.8,35.5,16.3,50.9c21.1,30.7,47.1,56.7,75.9,79.7c19.2,14.4,18.3,13.4,38.4-1.9c24-18.3,65.3-61.5,65.3-61.5 \ts5.8-7.7,14.4-23.1c4.8-9.6,8.6-20.2,8.6-31.7c0-40.3,1.9-80.7,1.9-121C225.1,174,218.4,170.2,208.8,166.3z M75.2,252.8v-9.6 \tc1-8.6,1-16.3,5.8-24c5.8-9.6,13.4-13.4,15.4-14.4c2.9-1.9,9.6-4.8,18.3-4.8c2.9,0,12.5,1,21.1,7.7c16.3,11.5,14.4,31.7,14.4,33.6 \tv8.6c0,3.8,0,6.7-1,7.7c-1,1-2.9,1-3.8,1c-1,0-6.7,0-7.7-1c-1-1-1-4.8-1-4.8v-1v-18.3c0-1.9-1-8.6-4.8-13.4c-1-1.9-8.6-9.6-19.2-9.6 \tc-14.4,1-22.1,14.4-24,26.9c0,1-1,19.2-1,20.2c0,1-4.8,1-6.7,1c-5.8,0-5.8-1-5.8-1.9V252.8z M163.6,342.1L163.6,342.1 \tc0,5.8-3.8,9.6-9.6,9.6H70.4c-6.7,0-9.6-2.9-9.6-10.6v-61.5c0-7.7,1.9-10.6,13.4-10.6H154c8.6,0,11.5,1.9,11.5,8.6 \tC164.6,285.4,163.6,342.1,163.6,342.1z\"><\/path> <\/svg>","image_width_custom":60,"icon_position":"top","title":"Titre de la colonne","heading_tag":"h3","title_size":"h5","description":"<p>Associez du texte à une image pour mettre l'accent sur le produit, la collection ou l'article de blog de votre choix.<\/p>","description_size":"fs-6","btn_text":"En savoir plus","btn_url":"","btn_color":"btn-primary","btn_size":"btn-sm"}}},"block_order":["bbff3b35-e39d-4c7b-ba5e-641283ffed8b","76f81d4a-a74c-43bf-82d9-83d7e05035c6","5ae6627f-98cd-4978-8d28-d6d824a8f8ee","f22e5e63-298e-485d-be5a-965d53f85fe8"],"disabled":true,"settings":{"bg_color":"bg-white text-dark","bg_gradient":false,"container":"container","max_width":"","text_align":"text-center","brand_image_size":"60","subtitle":"","subtitle_size":"fs-5","color_caption":"#6c757d","title_overlay":"","title_overlay_size":"3","color_title_overlay":"#000000","title":"Multicolonne Icônes","heading_tag":"h2","title_size":"h2","description":"<p>Ajouter une description facultative à cette section<\/p>","description_size":"fs-5","btn_text":"","btn_url":"","btn_color":"btn-primary","btn_size":"btn-md","animation":"animate__zoomIn","animation_speed":"animate__fast","breakpoint_xs_scroll":true,"breakpoint_xs":1,"breakpoint_sm":1,"breakpoint_md":2,"breakpoint_lg":2,"breakpoint_xl":4,"breakpoint_xxl":4,"pt":10,"pb":10,"mt":0,"mb":0}},"bf5e08e7-a44d-48a8-9229-05d359a62590":{"type":"custom-border","settings":{"divider_option":"wave_animated","full_width":true,"width_border":5,"opacity":0.7,"color_border":"#c99700","wave_custom":"8","color_border_fond_svg":"#ffffff","color_border_svg":"#000000","wave_fixe_height_desktop":8,"wave_fixe_height_mobile":4,"wave_animated":"1","waves_position":"sp-waves-top","color_border_svg_animated":"#000000","blend_wave":false,"color_border_fond_svg_animated":"#ffffff","blend_opacity":1,"animation_speed":12,"wave_height_desktop":8,"wave_height_mobile":4,"svg_border_top":"","svg_border_bottom":"","mt":13,"mb":0}},"newsletter":{"type":"newsletter","settings":{"bg_color":"bg-dark text-white","bg_gradient":false,"container":"container","max_width":"","text_align":"text-start","brand_image_size":"60","subtitle":"","subtitle_size":"fs-5","color_caption":"#6c757d","title_overlay":"","title_overlay_size":"3","color_title_overlay":"#000000","title":"Devenir VIP","heading_tag":"h2","title_size":"h3","description":"<p>Recevez nos offres spéciales, (code promo, vente privée,...) en avant-premières. <\/p><p>- Désinscription possible à tout moment<\/p><p>- Totalement gratuit <\/p>","description_size":"fs-6","input_group_size":"","show_first_name":true,"first_name_placeholder":"Entrer votre prénom","btn_color":"btn-primary","notice":"<p>En vous inscrivant pour recevoir des courriels, vous acceptez nos  <a href=\"\/pages\/conditions-generales-de-vente\" target=\"_blank\" title=\"Conditions générales de vente\">conditions général de vente<\/a> et notre <a href=\"\/pages\/politique-de-confidentialite\" target=\"_blank\" title=\"Politique de confidentialité et protection des données personnelles\">politique de confidentialité<\/a>.<\/p>","pt":10,"pb":10,"mt":0,"mb":0}},"footer":{"type":"footer","blocks":{"738cdbe4-d453-45ea-8940-aed81d08bf3b":{"type":"menu","settings":{"menu":"menu-propos-bas-de-page","title":"À PROPOS","title_size":"h6"}},"347c0c0a-1863-4236-a7ce-8cc6a91e5950":{"type":"menu","settings":{"menu":"menu-votre-compte-bas-de-page","title":"VOTRE COMPTE","title_size":"h6"}},"3cda8bcc-909e-48bd-a7b7-2823ca9ea34b":{"type":"richtext","settings":{"title":"CARTOUCHE DEAL","title_size":"h6","description":"<p>Le service client est à votre disposition de 9h à 19h<\/p>","btn_text":"Contactez nous !","btn_url":"shopify:\/\/pages\/contact","btn_color":"btn-primary","btn_size":"btn-sm"}}},"block_order":["738cdbe4-d453-45ea-8940-aed81d08bf3b","347c0c0a-1863-4236-a7ce-8cc6a91e5950","3cda8bcc-909e-48bd-a7b7-2823ca9ea34b"],"settings":{"bg_color":"bg-dark text-white","bg_gradient":false,"container":"container","show_payment_icons":true,"show_social_icons":false,"show_powered_by":false,"show_theme_by":false,"language_selector_show":true,"currency_selector_show":true,"lang_currency_btn_color":"btn-outline-light","show_about_area":true,"about_bg_color":"bg-white text-dark","about_bg_gradient":false,"about_bg_transparent":false,"about_logo":"shopify:\/\/shop_images\/logo2024.jpg","about_logo_height":100,"svg_logo_footer":"<svg version=\"1.1\" id=\"logo-footer\" xmlns=\"http:\/\/www.w3.org\/2000\/svg\" x=\"0px\" y=\"0px\" viewbox=\"0 0 336 100\" style=\"enable-background:new 0 0 336 100;\" xmlns:xlink=\"http:\/\/www.w3.org\/1999\/xlink\" xml:space=\"preserve\"> <style type=\"text\/css\"> \t.stlogo-footer0{fill:#FFFFFF;} \t.stlogo-footer1{fill:#C99700;} \t.stlogo-footer2{fill-rule:evenodd;clip-rule:evenodd;fill:#FFFFFF;} \t.stlogo-footer3{fill-rule:evenodd;clip-rule:evenodd;fill:#C99700;} <\/style> <path class=\"stlogo-footer0\" d=\"M124.9,29.3h-8.6V26c0-0.3-0.1-0.6-0.4-0.9c-0.2-0.3-0.5-0.4-0.9-0.4h-3.6c-0.3,0-0.6,0.1-0.9,0.4 \tc-0.2,0.3-0.3,0.6-0.3,0.9v7.5c0,0.3,0.1,0.7,0.3,0.9c0.2,0.3,0.5,0.4,0.9,0.4h5.9c5.4,0.1,8.1,3,8.1,8.6v9c0,5.7-2.7,8.6-8.1,8.6 \th-7.7c-5.4,0-8.1-2.9-8.1-8.6V48h8.6v4.7c0,0.3,0.1,0.7,0.3,0.9c0.2,0.3,0.5,0.4,0.9,0.4h4c0.3,0,0.6-0.1,0.9-0.4 \tc0.2-0.3,0.4-0.6,0.4-0.9v-8.2c0-0.3-0.1-0.6-0.4-0.9c-0.2-0.3-0.5-0.4-0.9-0.4h-5.9c-5.4,0-8.1-2.9-8.1-8.6v-8.4 \tc0-5.7,2.7-8.6,8.1-8.6h7.2c5.4,0,8.1,2.9,8.1,8.6V29.3z\"><\/path> <path class=\"stlogo-footer0\" d=\"M140.4,43.8v16.5h-9.1v-42h9.1v17.6h7.2V18.3h9.1v42h-9.1V43.8H140.4z\"><\/path> <path class=\"stlogo-footer0\" d=\"M188,26.2v26.2c0,5.7-2.7,8.6-8.1,8.6h-8.6c-5.4,0-8.1-2.9-8.1-8.6V26.2c0-5.7,2.7-8.6,8.1-8.6h8.6 \tC185.3,17.6,188,20.5,188,26.2z M178.9,53.4V25.1c0-0.3-0.1-0.6-0.4-0.9c-0.2-0.3-0.5-0.4-0.9-0.4h-4.1c-0.3,0-0.6,0.1-0.9,0.4 \tc-0.2,0.3-0.4,0.6-0.4,0.9v28.3c0,0.3,0.1,0.7,0.4,0.9c0.2,0.3,0.5,0.4,0.9,0.4h4.1c0.3,0,0.6-0.1,0.9-0.4 \tC178.8,54.1,178.9,53.8,178.9,53.4z\"><\/path> <path class=\"stlogo-footer0\" d=\"M211,18.3c5.4,0,8.1,2.9,8.1,8.6v8.4c0,5.7-2.7,8.6-8.1,8.6h-7.3v16.5h-9.1v-42H211z M210,36.3V25.8 \tc0-0.3-0.1-0.6-0.4-0.9c-0.2-0.3-0.5-0.4-0.9-0.4h-5.1v13.1h5.1c0.3,0,0.6-0.1,0.9-0.4C209.9,36.9,210,36.6,210,36.3z\"><\/path> <path class=\"stlogo-footer0\" d=\"M232.7,18.3v42h-9.1v-42H232.7z\"><\/path> <path class=\"stlogo-footer0\" d=\"M255,18.3h8.1l4.9,31.6l3.6-31.6h8.8l-6.8,42h-10.3L259,34.5l-4.2,25.8h-10.3l-6.8-42h8.8l3.6,31.6L255,18.3z\"><\/path> <path class=\"stlogo-footer0\" d=\"M294.5,52.8h10.1v7.5h-19.2v-42h19.2v7.4h-10.1v9.9h9.4v7.2h-9.4V52.8z\"><\/path> <path class=\"stlogo-footer0\" d=\"M330.4,37.3c2.8,1,4.2,3.3,4.2,6.9v7.5c0,5.7-2.7,8.6-8.1,8.6h-16.7v-42H326c5.4,0,8.1,2.9,8.1,8.6v3.8 \tC334.1,34.1,332.8,36.3,330.4,37.3z M323.7,24.4h-4.8v11.2h4.8c0.3,0,0.6-0.1,0.9-0.4c0.2-0.3,0.4-0.6,0.4-0.9v-8.6 \tc0-0.4-0.1-0.7-0.4-0.9C324.4,24.6,324.1,24.4,323.7,24.4z M325.5,52.8v-9.4c0-0.3-0.1-0.6-0.4-0.9c-0.2-0.3-0.5-0.4-0.9-0.4h-5.3 \tv12h5.3c0.3,0,0.6-0.1,0.9-0.4C325.4,53.4,325.5,53.1,325.5,52.8z\"><\/path> <path class=\"stlogo-footer1\" d=\"M111,71.9c3.1,0,4.6,1.6,4.6,4.9v4.8c0,3.3-1.5,4.9-4.6,4.9h-4.2v9.4h-5.2v-24H111z M110.4,82.2v-6 \tc0-0.2-0.1-0.4-0.2-0.5c-0.1-0.1-0.3-0.2-0.5-0.2h-2.9v7.5h2.9c0.2,0,0.4-0.1,0.5-0.2C110.3,82.6,110.4,82.4,110.4,82.2z\"><\/path> <path class=\"stlogo-footer1\" d=\"M125.2,86.1v9.8H120v-24h9.2c3.1,0,4.6,1.6,4.6,4.9v2.8c0,2-0.7,3.2-2.1,3.8c1.2,0.4,1.9,1.5,1.9,3.1v9.5h-5.2 \tv-9.1c0-0.5-0.2-0.7-0.7-0.7H125.2z M125.2,75.4v7h2.7c0.2,0,0.4-0.1,0.5-0.2c0.1-0.1,0.2-0.3,0.2-0.5v-5.5c0-0.2-0.1-0.4-0.2-0.5 \tc-0.1-0.1-0.3-0.2-0.5-0.2H125.2z\"><\/path> <path class=\"stlogo-footer1\" d=\"M144.3,91.6h5.8v4.3h-10.9v-24H150v4.2h-5.8v5.6h5.4v4.1h-5.4V91.6z\"><\/path> <path class=\"stlogo-footer1\" d=\"M160.1,95.9h-5.2V76.4c0-3.3,1.5-4.9,4.6-4.9h2.7c1.8,0,3.1,0.6,3.9,1.8c0.7-1.2,2-1.8,3.9-1.8h2.7 \tc3.1,0,4.6,1.6,4.6,4.9v19.5h-5.2V76c0-0.2-0.1-0.4-0.2-0.5c-0.1-0.1-0.3-0.2-0.5-0.2h-2c-0.2,0-0.4,0.1-0.5,0.2 \tc-0.1,0.2-0.2,0.3-0.2,0.5v20h-5.2V76c0-0.2-0.1-0.4-0.2-0.5c-0.1-0.1-0.3-0.2-0.5-0.2h-2c-0.2,0-0.4,0.1-0.5,0.2 \tc-0.1,0.2-0.2,0.3-0.2,0.5V95.9z\"><\/path> <path class=\"stlogo-footer1\" d=\"M187.9,71.9v24h-5.2v-24H187.9z\"><\/path> <path class=\"stlogo-footer1\" d=\"M202.2,71.9h5.2v19.5c0,3.3-1.5,4.9-4.6,4.9h-4.6c-3.1,0-4.6-1.6-4.6-4.9V71.9h5.2v19.9c0,0.2,0.1,0.4,0.2,0.5 \tc0.1,0.2,0.3,0.2,0.5,0.2h2c0.2,0,0.4-0.1,0.5-0.2c0.1-0.1,0.2-0.3,0.2-0.5V71.9z\"><\/path> <path class=\"stlogo-footer1\" d=\"M218,95.9h-5.2V76.4c0-3.3,1.5-4.9,4.6-4.9h2.7c1.8,0,3.1,0.6,3.9,1.8c0.7-1.2,2-1.8,3.9-1.8h2.7 \tc3.1,0,4.6,1.6,4.6,4.9v19.5h-5.2V76c0-0.2-0.1-0.4-0.2-0.5c-0.1-0.1-0.3-0.2-0.5-0.2h-2c-0.2,0-0.4,0.1-0.5,0.2 \tc-0.1,0.2-0.2,0.3-0.2,0.5v20h-5.2V76c0-0.2-0.1-0.4-0.2-0.5c-0.1-0.1-0.3-0.2-0.5-0.2h-2c-0.2,0-0.4,0.1-0.5,0.2 \tc-0.1,0.2-0.2,0.3-0.2,0.5V95.9z\"><\/path> <path class=\"stlogo-footer2\" d=\"M41.2,17.3H22.1c-0.1-0.5-0.1-1-0.1-1.6c0-5.4,4.3-9.7,9.7-9.7c5.3,0,9.7,4.3,9.7,9.7 \tC41.3,16.2,41.3,16.8,41.2,17.3z M11.1,80.8h8.2V68.3c3.3,2.4,6.6,4.3,10,5.5c3.4,1.3,6.6,1.9,9.8,1.9c3,0,5.3-0.6,6.9-1.8 \tc1.6-1.2,2.5-2.8,2.5-4.7V69c0-1.1-0.4-2.1-1.1-3c-0.7-0.8-1.7-1.6-3-2.2c-1.3-0.6-2.7-1.2-4.3-1.7l-5.1-1.5 \tc-2.2-0.7-4.4-1.4-6.7-2.3c-2.2-0.8-4.3-1.9-6-3.3S19,52,17.8,50c-1.1-1.9-1.7-4.4-1.7-7.3v-0.2c0-2.8,0.6-5.4,1.7-7.7 \tc1.1-2.3,2.6-4.2,4.6-5.8c1.9-1.6,4.2-2.8,6.8-3.7s5.4-1.3,8.4-1.3c3.8,0,7.6,0.6,11.5,1.8c1.1,0.4,2.2,0.7,3.3,1.2v-9.9h-8 \tc0.1-0.5,0.1-1,0.1-1.6c0-7.1-5.7-12.8-12.8-12.8c-7.1,0-12.8,5.8-12.8,12.8c0,0.5,0,1.1,0.1,1.6H8.1L1.4,80.8H11.1L11.1,80.8z\"><\/path> <path class=\"stlogo-footer3\" d=\"M54.2,40.8c-2.9-1.8-5.8-3.1-8.8-4.2c-3-1-5.7-1.5-8.2-1.5c-2.7,0-4.7,0.6-6.2,1.7c-1.5,1.1-2.2,2.6-2.2,4.3 \tv0.2c0,1.1,0.4,2,1.1,2.8c0.8,0.8,1.8,1.5,3,2.2c1.3,0.6,2.7,1.3,4.3,1.8c1.6,0.6,3.3,1.1,5.1,1.7c2.2,0.7,4.4,1.5,6.6,2.4 \tc2.2,0.9,4.2,2,6,3.4c1.8,1.3,3.3,3,4.4,4.9c1.1,1.9,1.7,4.2,1.7,7v0.2c0,3.2-0.6,6-1.7,8.3c-1.1,2.4-2.7,4.3-4.7,5.9 \tc-2,1.6-4.4,2.7-7.1,3.5c-2.7,0.8-5.7,1.2-8.8,1.2c-4.3,0-8.7-0.8-13.2-2.3c-1.3-0.4-2.5-0.9-3.7-1.5v14.2h56L71,33H54.2L54.2,40.8 \tL54.2,40.8z\"><\/path> <path class=\"stlogo-footer2\" d=\"M63.4,20.5l6.7,0.1l-0.9-6.7l-6.9-0.1L63.4,20.5z\"><\/path> <path class=\"stlogo-footer3\" d=\"M70.6,21l1.2,10.4l10.7-0.2l-1.5-10.5L70.6,21z\"><\/path> <path class=\"stlogo-footer3\" d=\"M79,14.3l0.7,6.5l6.6-0.1l-0.9-6.5L79,14.3z\"><\/path> <path class=\"stlogo-footer2\" d=\"M71.9,6.9l0.7,6.5l6.6-0.1l-1-6.5L71.9,6.9z\"><\/path> <\/svg>","logo_svg_height":55,"about_description":"<p>Votre référence en ligne depuis 2010 pour la vente de cartouche d'encre et toner laser compatible avec votre imprimante de marque.<\/p>","about_phone_text":"","about_phone_url":"shopify:\/\/pages\/contact","about_email_text":"","about_email_url":"mailto:info@shopiweb.fr","about_adresse_text":"","pt":10,"pb":6}}},"order":["html_c3EdUz","de8f91bc-e212-4603-9b8c-25a1396f5db7","age_verfication_modal_JjbNfk","7f83320a-aa0d-44d3-bcee-64f1f97fa554","bf5e08e7-a44d-48a8-9229-05d359a62590","newsletter","footer"]}