{"type":"header","name":"Groupe d'en-tête","sections":{"html_kLcW8f":{"type":"html","settings":{"html":"<style>\n    \/* Styles généraux *\/\n    .client-testimonials {\n        display: flex;\n        align-items: center;\n        justify-content: center;\n        text-align: center;\n        padding: 10px; \/* Rembourrage interne *\/\n        background-color: black; \/* Ajout du fond noir *\/\n        color: white; \/* Changer la couleur du texte en blanc pour contraster avec le fond noir *\/\n    }\n\n    .client-testimonials img {\n        height: 20px;\n        margin-left: 10px; \/* Espacement entre l'image et le texte *\/\n    }\n\n    \/* Version PC *\/\n    .pc-version {\n        display: flex;\n        align-items: center;\n    }\n\n    .pc-version span {\n        margin-right: 10px; \/* Espacement entre les éléments *\/\n    }\n\n    \/* Version Mobile *\/\n    .mobile-version {\n        display: none; \/* Cacher la version mobile par défaut *\/\n    }\n\n    \/* Media Queries *\/\n    @media (max-width: 768px) {\n        .pc-version {\n            display: none; \/* Cacher la version PC sur mobile *\/\n        }\n\n        .mobile-version {\n            display: flex; \/* Afficher la version mobile sur petits écrans *\/\n        }\n    }\n<\/style>\n\n<!-- Version PC -->\n<div class=\"client-testimonials pc-version\">\n    <span>Nos clients témoignent<\/span>\n    <span style=\"font-weight: bold;\">Excellent<\/span>\n    <div>\n        <img src=\"https:\/\/cdn.shopify.com\/s\/files\/1\/0887\/8433\/9269\/files\/Frame_987.png?v=1730721184\" alt=\"Avis\">\n        <span>{{ \"4.7\/5 - basé sur plus de 110 avis\" }}<\/span>\n    <\/div>\n<\/div>\n\n<!-- Version Mobile -->\n<div class=\"client-testimonials mobile-version\">\n    <img src=\"https:\/\/cdn.shopify.com\/s\/files\/1\/0887\/8433\/9269\/files\/Frame_987.png?v=1730721184\" alt=\"Avis\">\n    <span style=\"margin-left: 10px;\">{{ \"4.7\/5\" }}<\/span>\n<\/div>","bg_color":"bg-dark text-white","bg_gradient":false,"container":"container","text_align":"text-center","brand_image_size":"60","subtitle":"","subtitle_size":"fs-5","color_caption":"#6c757d","title_overlay":"","title_overlay_size":"3","color_title_overlay":"#000000","title":"","heading_tag":"h2","title_size":"h2","description":"","description_size":"fs-5","btn_text":"","btn_url":"","btn_color":"btn-primary","btn_size":"btn-md","pt":0,"pb":0,"mt":0,"mb":0}},"announcement-bar":{"type":"announcement-bar","blocks":{"cf923d4e-4c36-46bb-ad52-64f13460006c":{"type":"Announcement","settings":{"description":"<p>🔥 Téléchargez Shopiweb Premium<\/p>","url":"https:\/\/www.shopiweb.fr","countdown_timer":"2024-03-17 11h10am"}},"70d481db-010f-4095-9699-df6cb2715aa5":{"type":"Announcement","settings":{"description":"<p>📦 Livraison gratuite<\/p>","url":"shopify:\/\/collections\/all","countdown_timer":""}},"e68ebebc-7d55-4358-93d4-5bd12db195f9":{"type":"Announcement","settings":{"description":"<p>🥇 +2,700 Clients Satisfaits<\/p>","url":"","countdown_timer":""}}},"block_order":["cf923d4e-4c36-46bb-ad52-64f13460006c","70d481db-010f-4095-9699-df6cb2715aa5","e68ebebc-7d55-4358-93d4-5bd12db195f9"],"disabled":true,"settings":{"homepage":false,"sticky":false,"bg_color":"bg-dark text-white","bg_gradient":true,"max_width":"800","font_size":"fs-6","text_transform":"text-capitalize","expiration_time":"","controls":true,"autoplay":true,"pt":5,"pb":5}},"navbar":{"type":"navbar","blocks":{"f4a7be46-d8ec-47ba-a371-758453232d27":{"type":"button","settings":{"btn_text":"Contactez-nous","btn_url":"","btn_color":"btn-outline-primary","btn_size":"btn-sm"}},"536399c2-8fd9-4344-9396-79a16f5250c0":{"type":"tools","settings":{"bg_color":"bg-light text-body","bg_gradient":false,"toolbar_menu":"","option-outils":false,"option_text":"Service client 7j\/7","option_link":"#","language_selector_show":true,"currency_selector_show":true,"lang_currency_btn_color":"btn-outline-dark"}}},"block_order":["f4a7be46-d8ec-47ba-a371-758453232d27","536399c2-8fd9-4344-9396-79a16f5250c0"],"custom_css":["h1,h2,h3 {font-weight: bold;}"],"settings":{"bg_color":"bg-white text-body","bg_gradient":false,"bg_option":"","logo_filter":false,"container":"container","shadow":"shadow-lg","layout_desktop":"navbar-desktop-logo-left","logo_svg":"<svg version=\"1.1\" id=\"logo-header\" xmlns=\"http:\/\/www.w3.org\/2000\/svg\" x=\"0px\" y=\"0px\" viewbox=\"0 0 336 100\" style=\"enable-background:new 0 0 336 100;\" xmlns:xlink=\"http:\/\/www.w3.org\/1999\/xlink\" xml:space=\"preserve\"> <style type=\"text\/css\"> \t.stlogo-header0{fill:#000000} \t.stlogo-header1{fill:#000000;} \t.stlogo-header2{fill-rule:evenodd;clip-rule:evenodd;fill:#000000;} \t.stlogo-header3{fill-rule:evenodd;clip-rule:evenodd;fill:#000000} <\/style> <g> \t<path class=\"stlogo-header0\" d=\"M126.5,30.1h-8.3v-3.2c0-0.3-0.1-0.6-0.4-0.9c-0.2-0.2-0.5-0.4-0.8-0.4h-3.4c-0.3,0-0.6,0.1-0.8,0.4 \t\tc-0.2,0.3-0.3,0.5-0.3,0.9v7.2c0,0.3,0.1,0.6,0.3,0.9c0.2,0.2,0.5,0.4,0.8,0.4h5.6c5.2,0.1,7.8,2.8,7.8,8.3v8.7 \t\tc0,5.5-2.6,8.3-7.8,8.3h-7.4c-5.2,0-7.8-2.8-7.8-8.3v-4.2h8.3v4.5c0,0.3,0.1,0.6,0.3,0.9c0.2,0.3,0.5,0.4,0.8,0.4h3.9 \t\tc0.3,0,0.6-0.1,0.8-0.4c0.2-0.2,0.4-0.5,0.4-0.9v-7.9c0-0.3-0.1-0.6-0.4-0.9c-0.2-0.2-0.5-0.4-0.8-0.4h-5.6c-5.2,0-7.8-2.8-7.8-8.3 \t\tv-8.1c0-5.5,2.6-8.3,7.8-8.3h6.9c5.2,0,7.8,2.8,7.8,8.3V30.1z\"><\/path> \t<path class=\"stlogo-header0\" d=\"M141.4,44v15.9h-8.8V19.4h8.8v17h6.9v-17h8.8v40.5h-8.8V44H141.4z\"><\/path> \t<path class=\"stlogo-header0\" d=\"M187.2,27.1v25.2c0,5.5-2.6,8.3-7.8,8.3h-8.3c-5.2,0-7.8-2.8-7.8-8.3V27.1c0-5.5,2.6-8.3,7.8-8.3h8.3 \t\tC184.7,18.8,187.2,21.6,187.2,27.1z M178.5,53.3V26c0-0.3-0.1-0.6-0.4-0.9c-0.2-0.2-0.5-0.4-0.8-0.4h-3.9c-0.3,0-0.6,0.1-0.8,0.4 \t\tc-0.2,0.3-0.3,0.5-0.3,0.9v27.3c0,0.3,0.1,0.6,0.3,0.9c0.2,0.3,0.5,0.4,0.8,0.4h3.9c0.3,0,0.6-0.1,0.8-0.4 \t\tC178.4,53.9,178.5,53.6,178.5,53.3z\"><\/path> \t<path class=\"stlogo-header0\" d=\"M209.5,19.4c5.2,0,7.8,2.8,7.8,8.3v8.1c0,5.5-2.6,8.3-7.8,8.3h-7.1v15.9h-8.8V19.4H209.5z M208.5,36.8V26.7 \t\tc0-0.3-0.1-0.6-0.4-0.9c-0.2-0.2-0.5-0.4-0.8-0.4h-4.9V38h4.9c0.3,0,0.6-0.1,0.8-0.4C208.3,37.4,208.5,37.1,208.5,36.8z\"><\/path> \t<path class=\"stlogo-header0\" d=\"M230.4,19.4v40.5h-8.8V19.4H230.4z\"><\/path> \t<path class=\"stlogo-header0\" d=\"M251.8,19.4h7.8l4.7,30.5l3.5-30.5h8.5l-6.6,40.5h-10l-4.1-24.8l-4.1,24.8h-10l-6.6-40.5h8.5l3.5,30.5 \t\tL251.8,19.4z\"><\/path> \t<path class=\"stlogo-header0\" d=\"M289.9,52.7h9.7v7.3h-18.5V19.4h18.5v7.1h-9.7v9.5h9.1V43h-9.1V52.7z\"><\/path> \t<path class=\"stlogo-header0\" d=\"M324.4,37.8c2.7,1,4.1,3.2,4.1,6.6v7.3c0,5.5-2.6,8.3-7.8,8.3h-16.1V19.4h15.6c5.2,0,7.8,2.8,7.8,8.3v3.7 \t\tC328,34.7,326.8,36.8,324.4,37.8z M318,25.4h-4.6v10.8h4.6c0.3,0,0.6-0.1,0.8-0.4c0.2-0.2,0.4-0.5,0.4-0.9v-8.3 \t\tc0-0.3-0.1-0.6-0.4-0.9C318.7,25.5,318.4,25.4,318,25.4z M319.7,52.7v-9.1c0-0.3-0.1-0.6-0.4-0.9c-0.2-0.2-0.5-0.4-0.8-0.4h-5.1 \t\tv11.6h5.1c0.3,0,0.6-0.1,0.8-0.4C319.6,53.3,319.7,53,319.7,52.7z\"><\/path> \t<path class=\"stlogo-header1\" d=\"M113.1,71.1c3,0,4.4,1.6,4.4,4.7v4.6c0,3.1-1.5,4.7-4.4,4.7h-4v9.1h-5V71.1H113.1z M112.5,81v-5.8 \t\tc0-0.2-0.1-0.4-0.2-0.5c-0.1-0.1-0.3-0.2-0.5-0.2H109v7.2h2.8c0.2,0,0.4-0.1,0.5-0.2C112.4,81.4,112.5,81.2,112.5,81z\"><\/path> \t<path class=\"stlogo-header1\" d=\"M126.8,84.8v9.5h-5V71.1h8.9c3,0,4.4,1.6,4.4,4.7v2.7c0,1.9-0.7,3.1-2,3.6c1.2,0.4,1.8,1.4,1.8,2.9v9.2h-5 \t\tv-8.8c0-0.5-0.2-0.7-0.7-0.7H126.8z M126.8,74.5v6.8h2.6c0.2,0,0.4-0.1,0.5-0.2c0.1-0.1,0.2-0.3,0.2-0.5v-5.3 \t\tc0-0.2-0.1-0.4-0.2-0.5c-0.1-0.1-0.3-0.2-0.5-0.2H126.8z\"><\/path> \t<path class=\"stlogo-header1\" d=\"M145.2,90.1h5.5v4.2h-10.5V71.1h10.5v4.1h-5.5v5.4h5.2v3.9h-5.2V90.1z\"><\/path> \t<path class=\"stlogo-header1\" d=\"M160.4,94.3h-5V75.5c0-3.1,1.5-4.7,4.4-4.7h2.6c1.7,0,3,0.6,3.7,1.7c0.7-1.1,1.9-1.7,3.7-1.7h2.6 \t\tc3,0,4.4,1.6,4.4,4.7v18.8h-5V75c0-0.2-0.1-0.4-0.2-0.5c-0.1-0.1-0.3-0.2-0.5-0.2h-1.9c-0.2,0-0.4,0.1-0.5,0.2 \t\tc-0.1,0.1-0.2,0.3-0.2,0.5v19.2h-5V75c0-0.2-0.1-0.4-0.2-0.5c-0.1-0.1-0.3-0.2-0.5-0.2H161c-0.2,0-0.4,0.1-0.5,0.2 \t\tc-0.1,0.1-0.2,0.3-0.2,0.5V94.3z\"><\/path> \t<path class=\"stlogo-header1\" d=\"M187.2,71.1v23.1h-5V71.1H187.2z\"><\/path> \t<path class=\"stlogo-header1\" d=\"M201,71.1h5v18.8c0,3.2-1.5,4.7-4.4,4.7h-4.4c-3,0-4.4-1.6-4.4-4.7V71.1h5v19.2c0,0.2,0.1,0.4,0.2,0.5 \t\tc0.1,0.1,0.3,0.2,0.5,0.2h1.9c0.2,0,0.3-0.1,0.5-0.2c0.1-0.1,0.2-0.3,0.2-0.5V71.1z\"><\/path> \t<path class=\"stlogo-header1\" d=\"M216.2,94.3h-5V75.5c0-3.1,1.5-4.7,4.4-4.7h2.6c1.7,0,3,0.6,3.7,1.7c0.7-1.1,1.9-1.7,3.7-1.7h2.6 \t\tc3,0,4.4,1.6,4.4,4.7v18.8h-5V75c0-0.2-0.1-0.4-0.2-0.5c-0.1-0.1-0.3-0.2-0.5-0.2h-1.9c-0.2,0-0.4,0.1-0.5,0.2 \t\tc-0.1,0.1-0.2,0.3-0.2,0.5v19.2h-5V75c0-0.2-0.1-0.4-0.2-0.5c-0.1-0.1-0.3-0.2-0.5-0.2h-1.9c-0.2,0-0.4,0.1-0.5,0.2 \t\tc-0.1,0.1-0.2,0.3-0.2,0.5V94.3z\"><\/path> \t<g> \t\t<path class=\"stlogo-header2\" d=\"M45.8,18.5H27.4c-0.1-0.5-0.1-1-0.1-1.5c0-5.2,4.2-9.3,9.3-9.3c5.2,0,9.3,4.2,9.3,9.3 \t\t\tC46,17.5,45.9,18,45.8,18.5z M16.8,79.6h7.9v-12c3.2,2.3,6.4,4.1,9.6,5.3c3.3,1.2,6.4,1.8,9.4,1.8c2.9,0,5.1-0.6,6.7-1.7 \t\t\tc1.6-1.1,2.4-2.7,2.4-4.6v-0.2c0-1.1-0.3-2.1-1-2.9c-0.7-0.8-1.6-1.5-2.9-2.1c-1.2-0.6-2.6-1.2-4.2-1.7l-4.9-1.5 \t\t\tc-2.1-0.7-4.3-1.4-6.4-2.2c-2.2-0.8-4.1-1.9-5.8-3.1s-3.1-2.9-4.2-4.7c-1.1-1.9-1.7-4.2-1.7-7v-0.2c0-2.7,0.5-5.2,1.6-7.4 \t\t\tc1.1-2.2,2.5-4.1,4.4-5.6c1.9-1.5,4.1-2.7,6.6-3.5s5.2-1.2,8.1-1.2c3.7,0,7.4,0.6,11.1,1.8c1.1,0.3,2.1,0.7,3.2,1.1v-9.5h-7.7 \t\t\tC49,18,49,17.5,49,17c0-6.8-5.5-12.4-12.4-12.4c-6.8,0-12.4,5.5-12.4,12.4c0,0.5,0,1,0.1,1.5H13.9L7.5,79.6H16.8L16.8,79.6z\"><\/path> \t\t<path class=\"stlogo-header3\" d=\"M58.4,41.2c-2.8-1.7-5.6-3-8.5-4c-2.9-1-5.5-1.5-7.9-1.5c-2.6,0-4.6,0.5-6,1.7c-1.4,1.1-2.1,2.5-2.1,4.2v0.2 \t\t\tc0,1,0.4,1.9,1.1,2.7c0.7,0.8,1.7,1.5,2.9,2.1c1.2,0.6,2.6,1.2,4.2,1.8c1.6,0.6,3.2,1.1,4.9,1.6c2.1,0.7,4.3,1.4,6.4,2.3 \t\t\tc2.1,0.9,4.1,2,5.8,3.2c1.7,1.3,3.1,2.8,4.2,4.7c1.1,1.8,1.6,4.1,1.6,6.7v0.2c0,3.1-0.5,5.8-1.6,8c-1.1,2.3-2.6,4.2-4.6,5.7 \t\t\tc-1.9,1.5-4.2,2.6-6.9,3.4c-2.6,0.8-5.5,1.2-8.5,1.2c-4.2,0-8.4-0.7-12.7-2.2c-1.2-0.4-2.4-0.9-3.6-1.4v13.7h53.9l-6.6-61.8H58.4 \t\t\tL58.4,41.2L58.4,41.2z\"><\/path> \t\t<path class=\"stlogo-header2\" d=\"M67.2,21.6l6.5,0.1l-0.9-6.5l-6.7-0.1L67.2,21.6z\"><\/path> \t\t<path class=\"stlogo-header3\" d=\"M74.1,22.1l1.1,10l10.3-0.2l-1.5-10.1L74.1,22.1z\"><\/path> \t\t<path class=\"stlogo-header3\" d=\"M82.3,15.6l0.7,6.2l6.4-0.1l-0.9-6.3L82.3,15.6z\"><\/path> \t\t<path class=\"stlogo-header2\" d=\"M75.4,8.5l0.7,6.2l6.4-0.1l-0.9-6.3L75.4,8.5z\"><\/path> \t<\/g> <\/g> <\/svg>","logo_svg_height_mobile":126,"logo_svg_height_desktop":128,"logo":"shopify:\/\/shop_images\/logo.png","logo_height_mobile":80,"logo_height_desktop":94,"menu_desktop":"mega-menu-le-bon-pc","always_show_toggle":false,"menu_desktop_font_family":"headings-font-family","shadow_sp_img_megamenu":"shadow-2","border_color_img_megamenu":"border-tertiary","menu_desktop_trigger":"menu-desktop-click","menu_mobile":"mega-menu-le-bon-pc","mobile_menu_label":true,"menu_mobile_font_family":"headings-font-family","show_account":true,"utilities_menu":"menu-utilitaires","offcanvas_menu_show_cart_upsells":true,"language_selector_show":false,"currency_selector_show":false,"lang_currency_btn_color":"btn-outline-dark","offcanvas_menu_show_social_icons":true,"pt":2,"pb":2}},"html_ApQGiB":{"type":"html","settings":{"html":"<div class=\"container\">\n    <form action=\"<\/style>\n<a class=\"nav-link\" href=\"#offcanvas-search\" data-bs-toggle=\"offcanvas\" aria-controls=\"offcanvas-search\" role=\"button\" aria-label=\"Recherche\">\n        <div class=\"d-flex form-group\">\n            <input class=\"form-control me-2\" type=\"search\" placeholder=\"ex :  BROTHER TN-247, EPSON 604XL, HP DESKJET 1050, CANON MG5450...\" aria-label=\"Rechercher...\" name=\"q\" value=\"\" data-dashlane-rid=\"1e9e7be24e0c064f\">\n            <button type=\"submit\" class=\"btn btn-primary\" data-dashlane-label=\"true\" data-dashlane-rid=\"ffaec4c76025b7bc\">Recherche<\/button>\n        <\/div>\n    <\/form>\n<\/div>\n\n<style>\n\/* Style par défaut *\/\n.form-control {\n    flex: 1;\n    min-width: 0;\n}\n\n.btn {\n    white-space: nowrap;\n}\n\n\/* Media query pour petits écrans *\/\n@media (max-width: 768px) {\n    .d-flex {\n        display: flex;\n        flex-direction: row;\n    }\n\n    .form-control {\n        margin-right: 8px;\n        width: auto;\n    }\n}\n\n\n<\/style>","bg_color":"bg-dark text-white","bg_gradient":false,"container":"","text_align":"text-center","brand_image_size":"60","subtitle":"","subtitle_size":"fs-5","color_caption":"#6c757d","title_overlay":"","title_overlay_size":"3","color_title_overlay":"#000000","title":"","heading_tag":"h2","title_size":"h2","description":"","description_size":"fs-5","btn_text":"","btn_url":"","btn_color":"btn-primary","btn_size":"btn-md","pt":5,"pb":5,"mt":0,"mb":0}}},"order":["html_kLcW8f","announcement-bar","navbar","html_ApQGiB"]}