{"current":{"code_css":"","color_primary":"#0074e6","color_secondary":"#000000","color_tertiary":"#ffc107","color_light":"#efefef","color_dark":"#000000","color_body_bg":"#ffffff","color_body_text":"#1d1d1f","color_price":"#198754","favicon":"shopify:\/\/shop_images\/Favicon_Shopiweb_Premium.png","border_radius":"1rem","svg_h2":"h2svg19","custom_svg_h2":"","color_svg_h2":"#c9c9c9","width_svg_h2":12,"buttons_font_weight":"500","buttons_bg_gradient":true,"btn_shadow_sp":"btn-shadow-2","star_style":"default","offcanvas_opening_direction":"offcanvas-from-top","offcanvas_header_bg":"bg-dark text-white","offcanvas_header_title_size":"h5","offcanvas_backdrop_opacity":50,"offcanvas_backdrop_blur":true,"offcanvas_img_orientation":"square","offcanvas_img_thumbnail":"img-thumbnail","offcanvas_border_color":"border-primary","offcanvas_shadow_sp":"shadow-2","font_headings":"poppins_n7","font_headings_custom":"","font_body":"poppins_n4","animations_on_scroll":true,"animation_title_name":"animate__zoomInLeft","effect_apply_svg_enable":true,"social_facebook":"","social_twitter":"","social_instagram":"","social_pinterest":"","social_tiktok":"","social_snapchat":"","social_youtube":"","social_linkedin":"","social_whatsapp":"","social_discord":"","enable-right-clic":false,"enable-text-selection":false,"enable-image-drag":false,"enable_scroll_top_btn":true,"go_top_scroll":2000,"scroll_top_btn_color":"btn-secondary","scroll_mobile_position":"center","scroll_desktop_position":"center","browser_tab_text":"Poursuivre les achats 🛍️","cooks":false,"bg_cooks":"bg-white text-dark","cooks_description_size":"fs-6","cookstxt-refused":"Non merci","btn_color_cooks_refused":"btn-outline-primary","btn_color_cooks_esp":"btn-link","url_refuse":"#","btn_color_cooks_accept":"btn-primary","messengerchat":false,"pageid":"162238792605427","enable_whatsapp":false,"btn_z_index":"1023","dialog_header_img":"shopify:\/\/shop_images\/Sans_titre_4.png","cart_icon_type":"4","cart_drawer_disable":false,"cart_taxes_shipping":true,"cart_drawer_show_cart_link":true,"cart_drawer_show_note":true,"cart_drawer_note_btn_color":"btn-outline-secondary","cart_drawer_show_shipping_rates":true,"cart_drawer_empty_product_list":["etui-airpods-pro-capuccino","etui-airpods-pro-navy","etui-airpods-pro-nuage","etuis-airpods-pro"],"show_compte_rebours_panier":true,"timer_minutes":10,"cart_notice_show":true,"cart_notice":"","cart_goal_enable":true,"show_icon":"show_gift","cart_goal_value":"49","cart_goal_description_before":"<p>Plus que <strong>[amount]<\/strong> et la <strong>LIVRAISON<\/strong> est <strong>OFFERTE<\/strong> !<\/p>","cart_goal_description_after":"<p>Félicitations ! Vous pouvez bénéficier de la <strong>LIVRAISON GRATUITE.<\/strong><\/p>","cart_goal_free_product":"bolaya-one-prix","cart_show_testimonial":true,"cart_testimonial":"<p>Rejoignez les <strong>2 700+ clients<\/strong> qui ont fait confiance à Cartouche Deal pour satisfaire leurs besoins en impression.<\/p>","cart_testimonial_img":"shopify:\/\/shop_images\/1683094512111.jpg","cart_upsell_metafield":"shopiweb.upsell","cart_upsell_collection":"","cart_upsell_layout":"vertical","cart_upsell_title":"Produits recommandés","cart_upsell_product_title_truncate":"text-truncate","cart_shipping_protect_show":false,"cart_shipping_protect_product":"protection-des-colis","cart_protection_img":"shopify:\/\/shop_images\/Protection_Colis.png","shipping_protection_text":"<p>Ajoutez une <a href=\"\/products\/protection-des-colis\" target=\"_blank\" title=\"Protection des colis\">Protection Colis<\/a> pour seulement <strong>[price] <\/strong>et assurez la sérénité de votre envoi !<\/p>","layout_mobile":"navbar-mobile-simple","layout_desktop":"navbar-desktop-simple","search_show_popular_products":true,"search_popular_products":["etui-airpods-pro-capuccino","etui-airpods-pro-navy","etui-airpods-pro-nuage","etui-airpods-pro-space-evasion","etui-airpods-pro-ruby","etui-airpods-pro-summer"],"search_title_truncate":"text-truncate","color_swatches_show":true,"color_swatches_names":"Color, Colour, Material, Couleur, couleurs, noir","color_swatches_use_variant_images":false,"size_buttons_show":true,"size_buttons_names":"Size, Sizes, Taille, Tailles","checkout_logo_image":"shopify:\/\/shop_images\/shopiweb-black.jpg","checkout_logo_position":"center","checkout_logo_size":"large","checkout_accent_color":"#f56900","checkout_button_color":"#f56900","cart_drawer_show_shipping_protection":true,"shipping_protection_product":"protection-des-colis","lang_currency_btn_color":"btn-light","currency_selector_show1":false,"currency_selector_btn_color":"btn-outline-primary","currency_selector_z_index":"9","effect_block_stories_enable":false,"animation_block_stories":"animate__fadeInRightBig","animation_block_card":"animate__zoomIn","color_prefer_dark":false,"btn_position":"eg-whatsapp-button-left","metafield":"shopiweb.stp","currency_code_enabled":true,"buttons_shadow_sp":true,"enable_exit_popup":false,"exit_bg_color":"bg-white text-dark","exit_modal_title":"Vous partez ?","exit_description":"<p>Il semble que vous n'ayez pas encore utilisé vos remises de <strong>10 %<\/strong><\/p>","exit_description_size":"fs-5","exit-pop-img":"shopify:\/\/shop_images\/Newsletter-Popup.webp","exit_img_orientation":"landscape","exit_shadow_sp":"shadow-4","exit_border_color":"border-primary","exit_img_align_desktop":"flex-lg-row-reverse","pop-txt":"PROMO10","pt":6,"pb":6,"btn_color_cooks":"btn-primary","color_scheme_cooks":"bg-white text-dark","show_scroll_top_btn":true,"exit_modal_title1":"Vous partez ?","popsubhead":"Il semble que vous n'ayez pas encore utilisé vos remises de 10 %","pophead":"Vous partez ?","img_thumbnail":"img-thumbnail","clockdiv_color":"bg-warning","background_color":"#f3f3f3","show_elite":true,"buttons_border_radius":"rounded-pill","sections":{"navbar":{"type":"navbar","settings":{"bg_color":"bg-white text-dark","container":"container","shadow":"shadow-sm","logo":"shopify:\/\/shop_images\/shopiweb-logo-black.png","logo_height_mobile":42,"logo_height_desktop":52,"menu_desktop":"main-menu","menu_mobile":"main-menu","utilities_menu":"utilities-menu","offcanvas_menu_show_social_icons":true,"pt":3,"pb":3}},"footer":{"type":"footer","blocks":{"738cdbe4-d453-45ea-8940-aed81d08bf3b":{"type":"menu","settings":{"menu":"main-menu","title":"Boutique","title_size":"h6"}},"ac3b4c00-f362-4697-b848-3957315b3c61":{"type":"menu","disabled":true,"settings":{"menu":"","title":"Liens rapides","title_size":"h6"}},"347c0c0a-1863-4236-a7ce-8cc6a91e5950":{"type":"menu","settings":{"menu":"footer","title":"Légal","title_size":"h6"}},"3cda8bcc-909e-48bd-a7b7-2823ca9ea34b":{"type":"richtext","settings":{"title":"Shopiweb","title_size":"h6","description":"<p>\"Shopiweb : Transformez votre boutique en ligne avec le meilleur thème e-commerce du marché\"<\/p>","btn_text":"Acheter Shopiweb","btn_url":"https:\/\/www.shopiweb.fr","btn_color":"btn-primary","btn_size":"btn-sm"}},"7564787f-5adc-4ea9-b71b-9c77fdc17f01":{"type":"image","settings":{"title":"Shopiweb","title_size":"h6","description":"<p>Partagez les informations du magasin et le contenu de la marque avec vos clients.<\/p>","image_footer":"shopify:\/\/shop_images\/Sans_titre.png","image_footer_height":100}}},"block_order":["738cdbe4-d453-45ea-8940-aed81d08bf3b","ac3b4c00-f362-4697-b848-3957315b3c61","347c0c0a-1863-4236-a7ce-8cc6a91e5950","3cda8bcc-909e-48bd-a7b7-2823ca9ea34b","7564787f-5adc-4ea9-b71b-9c77fdc17f01"],"settings":{"bg_color":"bg-dark text-white","container":"container","show_payment_icons":true,"show_social_icons":true,"show_powered_by":true,"show_theme_by":true,"show_about_area":true,"about_bg_transparent":false,"about_logo_height":50,"svg_logo_footer":"<svg version=\"1.1\" id=\"logo-footer\" xmlns=\"http:\/\/www.w3.org\/2000\/svg\" x=\"0px\" y=\"0px\" viewbox=\"0 0 326 45\" style=\"enable-background:new 0 0 326 45;\" xmlns:xlink=\"http:\/\/www.w3.org\/1999\/xlink\" xml:space=\"preserve\"> <style type=\"text\/css\"> \t.stlogo-footer0{fill:#FFFFFF;} \t.stlogo-footer1{fill:#FFFFFF;stroke:#F56900;stroke-width:3;stroke-miterlimit:10;} \t.stlogo-footer2{fill:#F56900;} <\/style> <g> \t<g> \t\t<path class=\"stlogo-footer0\" d=\"M53.1,30.3l0-0.4H60l0,0.3c0.5,2.7,3.3,4.4,7.3,4.4c4,0,6.6-1.8,6.6-4.4v0c0-2.4-1.7-3.5-6-4.4L64.2,25 \t\t\tc-6.9-1.4-10.4-4.7-10.4-9.9v0c0-6.4,5.6-10.6,13.3-10.6c8.1,0,13,4,13.3,10.1l0,0.5h-6.9l0-0.3c-0.4-2.7-2.9-4.4-6.5-4.4 \t\t\tc-3.7,0-6,1.7-6,4.2v0c0,2.2,1.8,3.5,5.8,4.3l3.7,0.7c7.3,1.4,10.6,4.4,10.6,9.9v0c0,6.7-5.3,10.9-14,10.9 \t\t\tC58.9,40.5,53.6,36.7,53.1,30.3z\"><\/path> \t\t<path class=\"stlogo-footer0\" d=\"M88.1,5.1h7.3v14.1h15.7V5.1h7.3v34.8h-7.3V25.2H95.4v14.7h-7.3V5.1z\"><\/path> \t\t<path class=\"stlogo-footer0\" d=\"M125.6,22.5L125.6,22.5c0-11.1,6.5-18,16.8-18c10.3,0,16.8,6.9,16.8,18v0c0,11.1-6.4,18-16.8,18 \t\t\tS125.6,33.6,125.6,22.5z M151.8,22.5L151.8,22.5c0-7.3-3.6-11.9-9.4-11.9c-5.7,0-9.4,4.5-9.4,11.8v0c0,7.3,3.6,11.8,9.4,11.8 \t\t\tC148.2,34.3,151.8,29.7,151.8,22.5z\"><\/path> \t\t<path class=\"stlogo-footer0\" d=\"M166.4,5.1h14c7.3,0,12.2,4.7,12.2,11.9v0c0,7.2-4.9,11.9-12.2,11.9h-6.7v11h-7.3V5.1z M173.7,10.9v12.4h4.9 \t\t\tc4.2,0,6.6-2.2,6.6-6.2v0c0-4-2.5-6.2-6.6-6.2H173.7z\"><\/path> \t\t<path class=\"stlogo-footer0\" d=\"M199.4,5.1h7.3v34.8h-7.3V5.1z\"><\/path> \t\t<path class=\"stlogo-footer0\" d=\"M213.1,5.1h7.6l5.5,25h0.1l6.4-25h6.4l6.4,25h0.1l5.5-25h7.6l-9.2,34.8h-7.1L236,16.6h-0.1l-6.4,23.3h-7.1 \t\t\tL213.1,5.1z\"><\/path> \t\t<path class=\"stlogo-footer0\" d=\"M265.1,5.1h23.1v6h-15.8v8.4h14.9v5.7h-14.9v8.8h15.8v6h-23.1V5.1z\"><\/path> \t\t<path class=\"stlogo-footer0\" d=\"M296,5.1h15.2c6.6,0,10.7,3.4,10.7,8.7v0c0,3.8-2.9,7.1-6.7,7.6v0.1c4.9,0.4,8.4,3.8,8.4,8.4v0 \t\t\tc0,6.1-4.6,9.9-12,9.9H296V5.1z M303.3,10.5v9.1h5.1c4.1,0,6.3-1.7,6.3-4.7v0c0-2.8-2-4.4-5.4-4.4H303.3z M303.3,24.6v9.9h6.3 \t\t\tc4.2,0,6.5-1.7,6.5-4.9v0c0-3.2-2.3-4.9-6.8-4.9H303.3z\"><\/path> \t<\/g> \t<path class=\"stlogo-footer1\" d=\"M38.4,36l0-26.9c0-1.2-0.5-2.3-1.3-3.1S35.2,4.7,34,4.7H20.6v2.9c0,0,13.4,0,13.4,0c0.4,0,0.8,0.2,1.1,0.4 \t\tc0.3,0.3,0.4,0.7,0.4,1.1l0,26.9c0,0.4-0.2,0.8-0.4,1.1c-0.3,0.3-0.7,0.4-1.1,0.4l-26.9,0c-0.4,0-0.8-0.2-1.1-0.4 \t\tc-0.3-0.3-0.4-0.7-0.4-1.1c0,0,0-10.3,0-13.4H2.7l0,13.4c0,1.2,0.5,2.3,1.3,3.1s1.9,1.3,3.1,1.3l26.9,0c1.2,0,2.3-0.5,3.1-1.3 \t\tC38,38.3,38.4,37.2,38.4,36z\"><\/path> \t<path class=\"stlogo-footer2\" d=\"M2.6,6l0,6.9c0,0.7,0.6,1.3,1.3,1.3l5.7,0c2.3,0.1,3.8,1.6,3.9,3.9l0,11.2c0,0.7,0.6,1.3,1.3,1.3l12.5,0 \t\tc0.7,0,1.3-0.6,1.3-1.3l0-12.5c0-0.7-0.6-1.3-1.3-1.3l-11.3,0c-2.3-0.1-3.8-1.5-3.9-3.8l0-5.7c0-0.7-0.6-1.3-1.3-1.3l-6.9,0 \t\tC3.2,4.6,2.6,5.2,2.6,6z\"><\/path> <\/g> <\/svg>","logo_svg_height":60,"about_description":"<p>Créateur d'expérience pour votre projet e-commerce.<\/p>","about_phone_text":"+336XXXXXXXX","about_phone_url":"tel:+33698765432","about_email_text":"hello@shopiweb.fr","about_email_url":"mailto:info@shopiweb.fr","about_adresse_text":"27 Place de la madeleine, 75008 Paris","pt":10,"pb":6}},"template-cart":{"type":"template-cart","settings":{"show_note":true,"mt":10,"mb":10}},"announcement-bar":{"type":"announcement-bar","blocks":{"cf923d4e-4c36-46bb-ad52-64f13460006c":{"type":"Announcement","settings":{"description":"<p>🔥 Téléchargez Shopiweb Premium dans<\/p>","url":"https:\/\/www.shopiweb.fr","countdown_timer":"1685635484"}},"70d481db-010f-4095-9699-df6cb2715aa5":{"type":"Announcement","settings":{"description":"<p>📦 Livraison gratuite pour toute commande supérieure à 100 €.<\/p>","url":"shopify:\/\/collections\/all","countdown_timer":""}}},"block_order":["cf923d4e-4c36-46bb-ad52-64f13460006c","70d481db-010f-4095-9699-df6cb2715aa5"],"settings":{"homepage":false,"sticky":false,"bg_color":"bg-dark text-white","max_width":"600","font_size":"small","text_transform":"text-capitalize","expiration_time":"","controls":true,"autoplay":true,"pt":3,"pb":3}},"newsletter":{"type":"newsletter","settings":{"bg_color":"bg-dark text-white","container":"container","max_width":"1000","title":"Newsletter Subscribe","title_size":"h3","description":"<p>Subscribe to get updates about our latest offers and other important stuff. We usually send once per week.<\/p>","description_size":"fs-6","input_group_size":"","btn_color":"btn-primary","notice":"<p>By signing up for email, you agree to our <a href=\"#\" title=\"#\">Terms of Service<\/a> and <a href=\"#\" title=\"#\">Privacy Policy<\/a>.<\/p>","pt":11,"pb":10,"mt":0,"mb":0}}},"content_for_index":[]},"platform_customizations":{"custom_css":[]}}