[
  {
    "name": "theme_info",
    "theme_name": "Shopiweb Premium",
    "theme_version": "1.6.0",
    "theme_author": "Équipe Shopiweb",
    "theme_documentation_url": "https:\/\/docs.shopiweb.fr\/theme-premium",
    "theme_support_url": "https:\/\/docs.shopiweb.fr\/theme-premium"
  },
  {
    "name": "Écosystème du thème",
    "settings": [
      {
        "type": "paragraph",
        "content": "📚 Afficher la notice d'utilisation. [Documentation](https:\/\/docs.shopiweb.fr\/theme-premium)."
      },
      {
        "type": "paragraph",
        "content": "🙋🏻‍♂️ Besoin d'aide ? Passez 1 ou 2 heures en visio avec Xavier. Posez-lui vos questions. [Réserver](https:\/\/theme.shopiweb.fr\/coaching-technique-design)."
      },
      {
        "type": "paragraph",
        "content": "🔔 Besoin d'une assistance ? Rejoigner notre [Groupe Privé Facebook](https:\/\/www.facebook.com\/groups\/133448203019703)."
      }
    ]
  },
  {
    "name": "Code personnalisé",
    "settings": [
      {
        "type": "textarea",
        "id": "code_head",
        "label": "Head",
        "info": "Intégration de pixel"
      },
      {
        "type": "textarea",
        "id": "code_css",
        "label": "CSS",
        "info": "Personnalisation sur-mesure"
      },
      {
        "type": "textarea",
        "id": "code_javascript",
        "label": "JavaScript",
        "info": "Automatisation spécifique"
      }
    ]
  },
  {
    "name": "Couleurs",
    "settings": [
      {
        "type": "paragraph",
        "content": "Documentation FR : [Couleurs by Shopiweb](https:\/\/www.docs.shopiweb.fr\/theme-premium\/documentation\/parametres-du-theme\/couleurs)"
      },
      {
        "type": "header",
        "content": "=== Couleur Principal ==="
      },
      {
        "type": "color",
        "id": "color_primary",
        "label": "Primaire",
        "default": "#d32f2f"
      },
      {
        "type": "color",
        "id": "color_secondary",
        "label": "Secondaire",
        "default": "#455a64"
      },
      {
        "type": "color",
        "id": "color_tertiary",
        "label": "Tertiaire",
        "default": "#0F6378"
      },
      {
        "type": "header",
        "content": "=== Couleur Intermédiaire ==="
      },
      {
        "type": "color",
        "id": "color_light",
        "label": "Claire",
        "default": "#f8f9fa"
      },
      {
        "type": "color",
        "id": "color_dark",
        "label": "Sombre",
        "default": "#212529"
      },
      {
        "type": "header",
        "content": "=== Couleur par défaut ==="
      },
      {
        "type": "color",
        "id": "color_body_bg",
        "label": "Corps (Body)",
        "default": "#ffffff"
      },
      {
        "type": "color",
        "id": "color_body_text",
        "label": "Texte (Body)",
        "default": "#212529"
      },
      {
        "type": "header",
        "content": "=== Couleur Prix ==="
      },
      {
        "type": "color",
        "id": "color_price",
        "label": "Couleur Prix",
        "default": "#198754"
      },
      {
        "type": "header",
        "content": "=== Couleur Alerte ==="
      },
      {
        "type": "paragraph",
        "content": "Les couleurs ALERTE font partie des couleurs système de Shopify. Il est vivement conseillé de ne pas les modifier pour assurer un affichage optimal et une expérience utilisateur cohérente."
      },
      {
        "type": "color",
        "id": "color_success",
        "label": "Succès",
        "default": "#198754"
      },
      {
        "type": "color",
        "id": "color_danger",
        "label": "Danger",
        "default": "#dc3545"
      },
      {
        "type": "color",
        "id": "color_warning",
        "label": "Avertissement",
        "default": "#ffc107"
      },
      {
        "type": "color",
        "id": "color_info",
        "label": "Info",
        "default": "#0dcaf0"
      }
    ]
  },
  {
    "name": "Style",
    "settings": [
      {
        "type": "header",
        "content": "=== Favicon ==="
      },
      {
        "type": "image_picker",
        "id": "favicon",
        "label": "Image favicon",
        "info": "Sera réduit à 32x32 px"
      },
      {
        "type": "header",
        "content": "=== Général ==="
      },
      {
        "type": "select",
        "id": "border_radius",
        "label": "Rayon des bordures",
        "default": "0.375rem",
        "info": "S'applique à divers éléments tels que les images, les boutons, les cartes, les listes déroulantes, etc.",
        "options": [
          {
            "value": "0",
            "label": "Aucun"
          },
          {
            "value": "0.25rem",
            "label": "Arrondi s"
          },
          {
            "value": "0.375rem",
            "label": "Arrondi m"
          },
          {
            "value": "0.5rem",
            "label": "Arrondi l"
          },
          {
            "value": "1rem",
            "label": "Arrondi xl"
          },
          {
            "value": "2rem",
            "label": "Arrondi xxl"
          }
        ]
      },
      {
        "type": "header",
        "content": "🏆 Application SVG Sous-titre",
        "info": "👉 Application Version Shopiweb Premium"
      },
      {
        "type": "select",
        "id": "svg_h2",
        "label": "SVG Sous-titre (prédéfinis)",
        "default": "h2svg1",
        "info": "Vous disposez de sous-titres prédéfinis au format SVG.",
        "options": [
          {
            "value": "none",
            "label": "Aucun"
          },
          {
            "group": "Géométrique",
            "value": "h2svg1",
            "label": "Svg 1"
          },
          {
            "group": "Géométrique",
            "value": "h2svg2",
            "label": "Svg 2"
          },
          {
            "group": "Géométrique",
            "value": "h2svg3",
            "label": "Svg 3"
          },
          {
            "group": "Abstrait",
            "value": "h2svg4",
            "label": "Svg 4"
          },
          {
            "group": "Géométrique",
            "value": "h2svg5",
            "label": "Svg 5"
          },
          {
            "group": "Abstrait",
            "value": "h2svg6",
            "label": "Svg 6"
          },
          {
            "group": "Géométrique",
            "value": "h2svg7",
            "label": "Svg 7"
          },
          {
            "group": "Géométrique",
            "value": "h2svg8",
            "label": "Svg 8"
          },
          {
            "group": "Géométrique",
            "value": "h2svg9",
            "label": "Svg 9"
          },
          {
            "group": "Géométrique",
            "value": "h2svg10",
            "label": "Svg 10"
          },
          {
            "group": "Animaux",
            "value": "h2svg11",
            "label": "Svg 11"
          },
          {
            "group": "Fleurs",
            "value": "h2svg12",
            "label": "Svg 12"
          },
          {
            "group": "Géométrique",
            "value": "h2svg13",
            "label": "Svg 13"
          },
          {
            "group": "Géométrique",
            "value": "h2svg14",
            "label": "Svg 14"
          },
          {
            "group": "Abstrait",
            "value": "h2svg15",
            "label": "Svg 15"
          },
          {
            "group": "Géométrique",
            "value": "h2svg16",
            "label": "Svg 16"
          },
          {
            "group": "Cuisine",
            "value": "h2svg17",
            "label": "Svg 17"
          },
          {
            "group": "Géométrique",
            "value": "h2svg18",
            "label": "Svg 18"
          },
          {
            "group": "Abstrait",
            "value": "h2svg19",
            "label": "Svg 19"
          },
          {
            "group": "Abstrait",
            "value": "h2svg20",
            "label": "Svg 20"
          },
          {
            "group": "Musique",
            "value": "h2svg21",
            "label": "Svg 21"
          }
        ]
      },
      {
        "type": "html",
        "id": "custom_svg_h2",
        "label": "SVG personnalisé",
        "info": "Laisser vide pour désactiver."
      },
      {
        "type": "color",
        "id": "color_svg_h2",
        "label": "Couleur du SVG",
        "default": "#000"
      },
      {
        "type": "range",
        "id": "width_svg_h2",
        "min": 0,
        "max": 100,
        "step": 2,
        "unit": "rem",
        "label": "Taille du SVG",
        "default": 20
      },
      {
        "type": "header",
        "content": "=== Boutons ==="
      },
      {
        "type": "range",
        "id": "buttons_padding_x",
        "label": "Padding horizontal",
        "default": 0.8,
        "min": 0.5,
        "max": 2.0,
        "step": 0.1,
        "unit": "rem"
      },
      {
        "type": "range",
        "id": "buttons_padding_y",
        "label": "Padding vertical",
        "default": 0.4,
        "min": 0.2,
        "max": 1.0,
        "step": 0.1,
        "unit": "rem"
      },
      {
        "type": "range",
        "id": "buttons_letter_spacing",
        "label": "Espacement des lettres",
        "default": 0.0,
        "min": 0.0,
        "max": 0.4,
        "step": 0.1,
        "unit": "rem"
      },
      {
        "type": "select",
        "id": "buttons_text_transform",
        "label": "Transformation du texte",
        "default": "",
        "options": [
          {
            "value": "",
            "label": "Normal"
          },
          {
            "value": "capitalize",
            "label": "Capitale"
          },
          {
            "value": "lowercase",
            "label": "Minuscules"
          },
          {
            "value": "uppercase",
            "label": "Majuscules"
          }
        ]
      },
      {
        "type": "select",
        "id": "buttons_font_weight",
        "label": "Poids de la police",
        "default": "500",
        "options": [
          {
            "value": "400",
            "label": "Normal"
          },
          {
            "value": "500",
            "label": "Medium"
          },
          {
            "value": "600",
            "label": "Semi-bold"
          },
          {
            "value": "700",
            "label": "Bold"
          }
        ]
      },
      {
        "type": "checkbox",
        "id": "buttons_bg_gradient",
        "label": "Dégradé des boutons",
        "default": false
      },
      {
        "type": "select",
        "id": "btn_shadow_sp",
        "label": "Ombre du bouton",
        "options": [
          {
            "value": "shadow-none",
            "label": "Aucune"
          },
          {
            "value": "btn-shadow-1",
            "label": "Ombre légère"
          },
          {
            "value": "btn-shadow-2",
            "label": "Ombre partiel"
          },
          {
            "value": "btn-shadow-3",
            "label": "Ombre profonde"
          },
          {
            "value": "btn-shadow-4",
            "label": "Ombre totale"
          }
        ],
        "default": "btn-shadow-1"
      },
      {
        "type": "header",
        "content": "🏆 Application Avis ShopiTrust",
        "info": "👉 Application Version Shopiweb Premium"
      },
      {
        "type": "select",
        "id": "star_style",
        "label": "Style d'étoiles",
        "options": [
          {
            "value": "default",
            "label": "Par défaut"
          },
          {
            "value": "shopitrust",
            "label": "ShopiTrust"
          }
        ],
        "default": "default"
      },
      {
        "type": "header",
        "content": "=== Panneaux coulissant ==="
      },
      {
        "type": "select",
        "id": "offcanvas_opening_direction",
        "label": "Direction d'ouverture des panneaux coulissant",
        "info": "S'applique à divers éléments tels que le panier, la wishlist, la recherche, le filtre, etc.",
        "default": "",
        "options": [
          {
            "value": "",
            "label": "Default (depuis le côté)"
          },
          {
            "value": "offcanvas-from-top",
            "label": "Depuis le haut"
          },
          {
            "value": "offcanvas-from-bottom",
            "label": "Depuis le bas"
          }
        ]
      },
      {
        "type": "select",
        "id": "offcanvas_header_bg",
        "label": "Couleur de l'arrière plan de l'en-tête",
        "default": "bg-dark text-white",
        "options": [
          {
            "group": "Hériter",
            "value": "",
            "label": "Body"
          },
          {
            "group": "Light",
            "value": "bg-white text-dark",
            "label": "Blanc"
          },
          {
            "group": "Clair",
            "value": "bg-light text-body",
            "label": "Claire"
          },
          {
            "group": "Sombre",
            "value": "bg-primary text-white",
            "label": "Primaire"
          },
          {
            "group": "Sombre",
            "value": "bg-secondary text-white",
            "label": "Secondaire"
          },
          {
            "group": "Sombre",
            "value": "bg-tertiary text-white",
            "label": "Tertiaire"
          },
          {
            "group": "Sombre",
            "value": "bg-dark text-white",
            "label": "Sombre"
          },
          {
            "group": "Alerte",
            "value": "bg-success text-white",
            "label": "Succès"
          },
          {
            "group": "Alerte",
            "value": "bg-warning text-dark",
            "label": "Avertissement"
          },
          {
            "group": "Alerte",
            "value": "bg-danger text-white",
            "label": "Danger"
          },
          {
            "group": "Alerte",
            "value": "bg-info text-white",
            "label": "Info"
          }
        ]
      },
      {
        "type": "select",
        "id": "offcanvas_header_title_size",
        "label": "Taille du titre de l'en-tête",
        "default": "h5",
        "options": [
          {
            "group": "Titre Standard",
            "value": "h1",
            "label": "Très Grand"
          },
          {
            "group": "Titre Standard",
            "value": "h2",
            "label": "Grand"
          },
          {
            "group": "Titre Standard",
            "value": "h3",
            "label": "Moyen"
          },
          {
            "group": "Titre Standard",
            "value": "h4",
            "label": "Petit"
          },
          {
            "group": "Titre Standard",
            "value": "h5",
            "label": "Très Petit"
          },
          {
            "group": "Titre Standard",
            "value": "h6",
            "label": "Super Petit"
          }
        ]
      },
      {
        "type": "range",
        "id": "offcanvas_backdrop_opacity",
        "label": "Opacité en toile de fond (%)",
        "default": 50,
        "min": 0,
        "max": 100,
        "step": 1
      },
      {
        "type": "checkbox",
        "id": "offcanvas_backdrop_blur",
        "label": "Activer le flou en toile de fond",
        "default": true
      },
      {
        "type": "select",
        "id": "offcanvas_img_orientation",
        "label": "Orientation des images dans les panneaux coulissant",
        "default": "square",
        "options": [
          {
            "value": "square",
            "label": "Carré"
          },
          {
            "value": "landscape",
            "label": "Paysage"
          },
          {
            "value": "potrait",
            "label": "Portrait"
          }
        ]
      },
      {
        "type": "select",
        "id": "offcanvas_img_thumbnail",
        "label": "Bordure de l'image",
        "default": "img-thumbnail",
        "options": [
          {
            "value": "",
            "label": "Aucune"
          },
          {
            "value": "img-thumbnail",
            "label": "Bordure"
          }
        ]
      },
      {
        "type": "select",
        "id": "offcanvas_border_color",
        "label": "Couleur de la bordure",
        "options": [
          {
            "value": "",
            "label": "Default"
          },
          {
            "value": "border-primary",
            "label": "Primaire"
          },
          {
            "value": "border-secondary",
            "label": "Secondaire"
          },
          {
            "value": "border-tertiary",
            "label": "Tertiaire"
          },
          {
            "value": "border-dark",
            "label": "Sombre"
          },
          {
            "value": "border-success",
            "label": "Succès"
          },
          {
            "value": "border-warning",
            "label": "Avertissement"
          },
          {
            "value": "border-danger",
            "label": "Danger"
          },
          {
            "value": "border-info",
            "label": "Info"
          }
        ],
        "default": ""
      },
      {
        "type": "select",
        "id": "offcanvas_shadow_sp",
        "label": "Ombre",
        "options": [
          {
            "value": "shadow-none",
            "label": "Aucune"
          },
          {
            "value": "shadow-1",
            "label": "Ombre légère"
          },
          {
            "value": "shadow-2",
            "label": "Ombre partiel"
          },
          {
            "value": "shadow-3",
            "label": "Ombre profonde"
          },
          {
            "value": "shadow-4",
            "label": "Ombre totale"
          }
        ],
        "default": "shadow-1"
      }
    ]
  },
  {
    "name": "Typographie",
    "settings": [
      {
        "type": "paragraph",
        "content": "Documentation FR : [Typographie by Shopiweb](https:\/\/www.docs.shopiweb.fr\/theme-premium\/documentation\/parametres-du-theme\/typographie)"
      },
      {
        "type": "font_picker",
        "id": "font_headings",
        "label": "Titres police",
        "default": "sans-serif",
        "info": "La sélection d'une police différente peut influencer la vitesse de votre boutique. [En savoir plus sur les polices système.](https:\/\/help.shopify.com\/manual\/online-store\/os\/store-speed\/improving-speed#fonts)"
      },
      {
        "type": "text",
        "id": "font_headings_custom",
        "label": "Titres police (custom)",
        "info": "Téléchargez votre fichier de police dans la section [Fichiers](https:\/\/www.shopify.com\/admin\/content\/files) et entrez ici le nom exact du fichier. Par exemple, 'ubuntu-regular.woff2'. Pour plus d'informations, veuillez vous référer à notre vidéo de documentation."
      },
      {
        "type": "font_picker",
        "id": "font_body",
        "label": "Corps police",
        "default": "sans-serif",
        "info": "La sélection d'une police différente peut influencer la vitesse de votre boutique. [En savoir plus sur les polices système.](https:\/\/help.shopify.com\/manual\/online-store\/os\/store-speed\/improving-speed#fonts)"
      }
    ]
  },
  {
    "name": "Animations",
    "settings": [
      {
        "type": "header",
        "content": "=== Général ==="
      },
      {
        "type": "checkbox",
        "id": "animations_on_scroll",
        "label": "Activer les animations au défilement",
        "default": false,
        "info": "Désactivez cette option pour arrêter les animations"
      },
      {
        "type": "header",
        "content": "Animation légendes (caption)"
      },
      {
        "type": "checkbox",
        "id": "effect_apply_caption_enable",
        "label": "Activer",
        "default": true,
        "info": "Active des effets d'animations lors du défilement sur les Légendes (caption)"
      },
      {
        "type": "select",
        "id": "animation_caption_name",
        "label": "Effet d'animation",
        "default": "animate__fadeInDown",
        "options": [
          {
            "group": "Retour",
            "value": "animate__backInDown",
            "label": "Back In Down"
          },
          {
            "group": "Retour",
            "value": "animate__backInLeft",
            "label": "Back In Left"
          },
          {
            "group": "Retour",
            "value": "animate__backInRight",
            "label": "Back In Right"
          },
          {
            "group": "Retour",
            "value": "animate__backInUp",
            "label": "Back In Up"
          },
          {
            "group": "Rebond",
            "value": "animate__bounceIn",
            "label": "Bounce In"
          },
          {
            "group": "Rebond",
            "value": "animate__bounceInDown",
            "label": "Bounce-in-down"
          },
          {
            "group": "Rebond",
            "value": "animate__bounceInLeft",
            "label": "Bounce-in-left"
          },
          {
            "group": "Rebond",
            "value": "animate__bounceInRight",
            "label": "Bounce-in-right"
          },
          {
            "group": "Rebond",
            "value": "animate__bounceInUp",
            "label": "Bounce-in-up"
          },
          {
            "group": "Fondu",
            "value": "animate__fadeIn",
            "label": "Fade In"
          },
          {
            "group": "Fondu",
            "value": "animate__fadeInDown",
            "label": "Fade-in-down"
          },
          {
            "group": "Fondu",
            "value": "animate__fadeInDownBig",
            "label": "Fade-in-down Big"
          },
          {
            "group": "Fondu",
            "value": "animate__fadeInLeft",
            "label": "Fade-in-left"
          },
          {
            "group": "Fondu",
            "value": "animate__fadeInLeftBig",
            "label": "Fade-in-left Big"
          },
          {
            "group": "Fondu",
            "value": "animate__fadeInRight",
            "label": "Fade-in-right"
          },
          {
            "group": "Fondu",
            "value": "animate__fadeInRightBig",
            "label": "Fade-in-right Big"
          },
          {
            "group": "Fondu",
            "value": "animate__fadeInUp",
            "label": "Fade-in-up"
          },
          {
            "group": "Fondu",
            "value": "animate__fadeInUpBig",
            "label": "Fade-in-up Big"
          },
          {
            "group": "Fondu",
            "value": "animate__fadeInTopLeft",
            "label": "Fade-in Top Left"
          },
          {
            "group": "Fondu",
            "value": "animate__fadeInTopRight",
            "label": "Fade-in Top Right"
          },
          {
            "group": "Fondu",
            "value": "animate__fadeInBottomLeft",
            "label": "Fade-in Bottom Left"
          },
          {
            "group": "Fondu",
            "value": "animate__fadeInBottomRight",
            "label": "Fade-in Bottom Right"
          },
          {
            "group": "Flip",
            "value": "animate__flip",
            "label": "Flip"
          },
          {
            "group": "Flip",
            "value": "animate__flipInX",
            "label": "Flip In X"
          },
          {
            "group": "Flip",
            "value": "animate__flipInY",
            "label": "Flip In Y"
          },
          {
            "group": "Flip",
            "value": "animate__flipOutX",
            "label": "Flip Out X"
          },
          {
            "group": "Flip",
            "value": "animate__flipOutY",
            "label": "Flip Out Y"
          },
          {
            "group": "Vitesse Lumière",
            "value": "animate__lightSpeedInRight",
            "label": "Light Speed In Right"
          },
          {
            "group": "Vitesse Lumière",
            "value": "animate__lightSpeedInLeft",
            "label": "Light Speed In Left"
          },
          {
            "group": "Rotation",
            "value": "animate__rotateIn",
            "label": "Rotate In"
          },
          {
            "group": "Rotation",
            "value": "animate__rotateInDownLeft",
            "label": "Rotate In Down Left"
          },
          {
            "group": "Rotation",
            "value": "animate__rotateInDownRight",
            "label": "Rotate In Down Right"
          },
          {
            "group": "Rotation",
            "value": "animate__rotateInUpLeft",
            "label": "Rotate In Up Left"
          },
          {
            "group": "Rotation",
            "value": "animate__rotateInUpRight",
            "label": "Rotate In Up Right"
          },
          {
            "group": "Zoom",
            "value": "animate__zoomIn",
            "label": "Zoom In"
          },
          {
            "group": "Zoom",
            "value": "animate__zoomInDown",
            "label": "Zoom In Down"
          },
          {
            "group": "Zoom",
            "value": "animate__zoomInLeft",
            "label": "Zoom In Left"
          },
          {
            "group": "Zoom",
            "value": "animate__zoomInRight",
            "label": "Zoom In Right"
          },
          {
            "group": "Zoom",
            "value": "animate__zoomInUp",
            "label": "Zoom In Up"
          },
          {
            "group": "Glissement",
            "value": "animate__slideInDown",
            "label": "Slide In Down"
          },
          {
            "group": "Glissement",
            "value": "animate__slideInLeft",
            "label": "Slide In Left"
          },
          {
            "group": "Glissement",
            "value": "animate__slideInRight",
            "label": "Slide In Right"
          },
          {
            "group": "Glissement",
            "value": "animate__slideInUp",
            "label": "Slide In Up"
          }
        ]
      },
      {
        "type": "header",
        "content": "Animation titres"
      },
      {
        "type": "checkbox",
        "id": "effect_apply_title_enable",
        "label": "Activer",
        "default": true,
        "info": "Active des effets d'animations lors du défilement sur les titres"
      },
      {
        "type": "select",
        "id": "animation_title_name",
        "label": "Effet d'animation",
        "default": "animate__fadeInUp",
        "options": [
          {
            "group": "Retour",
            "value": "animate__backInDown",
            "label": "Back In Down"
          },
          {
            "group": "Retour",
            "value": "animate__backInLeft",
            "label": "Back In Left"
          },
          {
            "group": "Retour",
            "value": "animate__backInRight",
            "label": "Back In Right"
          },
          {
            "group": "Retour",
            "value": "animate__backInUp",
            "label": "Back In Up"
          },
          {
            "group": "Rebond",
            "value": "animate__bounceIn",
            "label": "Bounce In"
          },
          {
            "group": "Rebond",
            "value": "animate__bounceInDown",
            "label": "Bounce-in-down"
          },
          {
            "group": "Rebond",
            "value": "animate__bounceInLeft",
            "label": "Bounce-in-left"
          },
          {
            "group": "Rebond",
            "value": "animate__bounceInRight",
            "label": "Bounce-in-right"
          },
          {
            "group": "Rebond",
            "value": "animate__bounceInUp",
            "label": "Bounce-in-up"
          },
          {
            "group": "Fondu",
            "value": "animate__fadeIn",
            "label": "Fade In"
          },
          {
            "group": "Fondu",
            "value": "animate__fadeInDown",
            "label": "Fade-in-down"
          },
          {
            "group": "Fondu",
            "value": "animate__fadeInDownBig",
            "label": "Fade-in-down Big"
          },
          {
            "group": "Fondu",
            "value": "animate__fadeInLeft",
            "label": "Fade-in-left"
          },
          {
            "group": "Fondu",
            "value": "animate__fadeInLeftBig",
            "label": "Fade-in-left Big"
          },
          {
            "group": "Fondu",
            "value": "animate__fadeInRight",
            "label": "Fade-in-right"
          },
          {
            "group": "Fondu",
            "value": "animate__fadeInRightBig",
            "label": "Fade-in-right Big"
          },
          {
            "group": "Fondu",
            "value": "animate__fadeInUp",
            "label": "Fade-in-up"
          },
          {
            "group": "Fondu",
            "value": "animate__fadeInUpBig",
            "label": "Fade-in-up Big"
          },
          {
            "group": "Fondu",
            "value": "animate__fadeInTopLeft",
            "label": "Fade-in Top Left"
          },
          {
            "group": "Fondu",
            "value": "animate__fadeInTopRight",
            "label": "Fade-in Top Right"
          },
          {
            "group": "Fondu",
            "value": "animate__fadeInBottomLeft",
            "label": "Fade-in Bottom Left"
          },
          {
            "group": "Fondu",
            "value": "animate__fadeInBottomRight",
            "label": "Fade-in Bottom Right"
          },
          {
            "group": "Flip",
            "value": "animate__flip",
            "label": "Flip"
          },
          {
            "group": "Flip",
            "value": "animate__flipInX",
            "label": "Flip In X"
          },
          {
            "group": "Flip",
            "value": "animate__flipInY",
            "label": "Flip In Y"
          },
          {
            "group": "Flip",
            "value": "animate__flipOutX",
            "label": "Flip Out X"
          },
          {
            "group": "Flip",
            "value": "animate__flipOutY",
            "label": "Flip Out Y"
          },
          {
            "group": "Vitesse Lumière",
            "value": "animate__lightSpeedInRight",
            "label": "Light Speed In Right"
          },
          {
            "group": "Vitesse Lumière",
            "value": "animate__lightSpeedInLeft",
            "label": "Light Speed In Left"
          },
          {
            "group": "Rotation",
            "value": "animate__rotateIn",
            "label": "Rotate In"
          },
          {
            "group": "Rotation",
            "value": "animate__rotateInDownLeft",
            "label": "Rotate In Down Left"
          },
          {
            "group": "Rotation",
            "value": "animate__rotateInDownRight",
            "label": "Rotate In Down Right"
          },
          {
            "group": "Rotation",
            "value": "animate__rotateInUpLeft",
            "label": "Rotate In Up Left"
          },
          {
            "group": "Rotation",
            "value": "animate__rotateInUpRight",
            "label": "Rotate In Up Right"
          },
          {
            "group": "Zoom",
            "value": "animate__zoomIn",
            "label": "Zoom In"
          },
          {
            "group": "Zoom",
            "value": "animate__zoomInDown",
            "label": "Zoom In Down"
          },
          {
            "group": "Zoom",
            "value": "animate__zoomInLeft",
            "label": "Zoom In Left"
          },
          {
            "group": "Zoom",
            "value": "animate__zoomInRight",
            "label": "Zoom In Right"
          },
          {
            "group": "Zoom",
            "value": "animate__zoomInUp",
            "label": "Zoom In Up"
          },
          {
            "group": "Glissement",
            "value": "animate__slideInDown",
            "label": "Slide In Down"
          },
          {
            "group": "Glissement",
            "value": "animate__slideInLeft",
            "label": "Slide In Left"
          },
          {
            "group": "Glissement",
            "value": "animate__slideInRight",
            "label": "Slide In Right"
          },
          {
            "group": "Glissement",
            "value": "animate__slideInUp",
            "label": "Slide In Up"
          }
        ]
      },
      {
        "type": "header",
        "content": "Animation SVG Sous-titre"
      },
      {
        "type": "checkbox",
        "id": "effect_apply_svg_enable",
        "label": "Activer",
        "default": true,
        "info": "Active des effets d'animations lors du défilement sur les SVG sous-titres"
      },
      {
        "type": "select",
        "id": "animation_svg_name",
        "label": "Effet d'animation",
        "default": "animate__zoomInRight",
        "options": [
          {
            "group": "Retour",
            "value": "animate__backInDown",
            "label": "Back In Down"
          },
          {
            "group": "Retour",
            "value": "animate__backInLeft",
            "label": "Back In Left"
          },
          {
            "group": "Retour",
            "value": "animate__backInRight",
            "label": "Back In Right"
          },
          {
            "group": "Retour",
            "value": "animate__backInUp",
            "label": "Back In Up"
          },
          {
            "group": "Rebond",
            "value": "animate__bounceIn",
            "label": "Bounce In"
          },
          {
            "group": "Rebond",
            "value": "animate__bounceInDown",
            "label": "Bounce-in-down"
          },
          {
            "group": "Rebond",
            "value": "animate__bounceInLeft",
            "label": "Bounce-in-left"
          },
          {
            "group": "Rebond",
            "value": "animate__bounceInRight",
            "label": "Bounce-in-right"
          },
          {
            "group": "Rebond",
            "value": "animate__bounceInUp",
            "label": "Bounce-in-up"
          },
          {
            "group": "Fondu",
            "value": "animate__fadeIn",
            "label": "Fade In"
          },
          {
            "group": "Fondu",
            "value": "animate__fadeInDown",
            "label": "Fade-in-down"
          },
          {
            "group": "Fondu",
            "value": "animate__fadeInDownBig",
            "label": "Fade-in-down Big"
          },
          {
            "group": "Fondu",
            "value": "animate__fadeInLeft",
            "label": "Fade-in-left"
          },
          {
            "group": "Fondu",
            "value": "animate__fadeInLeftBig",
            "label": "Fade-in-left Big"
          },
          {
            "group": "Fondu",
            "value": "animate__fadeInRight",
            "label": "Fade-in-right"
          },
          {
            "group": "Fondu",
            "value": "animate__fadeInRightBig",
            "label": "Fade-in-right Big"
          },
          {
            "group": "Fondu",
            "value": "animate__fadeInUp",
            "label": "Fade-in-up"
          },
          {
            "group": "Fondu",
            "value": "animate__fadeInUpBig",
            "label": "Fade-in-up Big"
          },
          {
            "group": "Fondu",
            "value": "animate__fadeInTopLeft",
            "label": "Fade-in Top Left"
          },
          {
            "group": "Fondu",
            "value": "animate__fadeInTopRight",
            "label": "Fade-in Top Right"
          },
          {
            "group": "Fondu",
            "value": "animate__fadeInBottomLeft",
            "label": "Fade-in Bottom Left"
          },
          {
            "group": "Fondu",
            "value": "animate__fadeInBottomRight",
            "label": "Fade-in Bottom Right"
          },
          {
            "group": "Flip",
            "value": "animate__flip",
            "label": "Flip"
          },
          {
            "group": "Flip",
            "value": "animate__flipInX",
            "label": "Flip In X"
          },
          {
            "group": "Flip",
            "value": "animate__flipInY",
            "label": "Flip In Y"
          },
          {
            "group": "Flip",
            "value": "animate__flipOutX",
            "label": "Flip Out X"
          },
          {
            "group": "Flip",
            "value": "animate__flipOutY",
            "label": "Flip Out Y"
          },
          {
            "group": "Vitesse Lumière",
            "value": "animate__lightSpeedInRight",
            "label": "Light Speed In Right"
          },
          {
            "group": "Vitesse Lumière",
            "value": "animate__lightSpeedInLeft",
            "label": "Light Speed In Left"
          },
          {
            "group": "Rotation",
            "value": "animate__rotateIn",
            "label": "Rotate In"
          },
          {
            "group": "Rotation",
            "value": "animate__rotateInDownLeft",
            "label": "Rotate In Down Left"
          },
          {
            "group": "Rotation",
            "value": "animate__rotateInDownRight",
            "label": "Rotate In Down Right"
          },
          {
            "group": "Rotation",
            "value": "animate__rotateInUpLeft",
            "label": "Rotate In Up Left"
          },
          {
            "group": "Rotation",
            "value": "animate__rotateInUpRight",
            "label": "Rotate In Up Right"
          },
          {
            "group": "Zoom",
            "value": "animate__zoomIn",
            "label": "Zoom In"
          },
          {
            "group": "Zoom",
            "value": "animate__zoomInDown",
            "label": "Zoom In Down"
          },
          {
            "group": "Zoom",
            "value": "animate__zoomInLeft",
            "label": "Zoom In Left"
          },
          {
            "group": "Zoom",
            "value": "animate__zoomInRight",
            "label": "Zoom In Right"
          },
          {
            "group": "Zoom",
            "value": "animate__zoomInUp",
            "label": "Zoom In Up"
          },
          {
            "group": "Glissement",
            "value": "animate__slideInDown",
            "label": "Slide In Down"
          },
          {
            "group": "Glissement",
            "value": "animate__slideInLeft",
            "label": "Slide In Left"
          },
          {
            "group": "Glissement",
            "value": "animate__slideInRight",
            "label": "Slide In Right"
          },
          {
            "group": "Glissement",
            "value": "animate__slideInUp",
            "label": "Slide In Up"
          }
        ]
      },
      {
        "type": "header",
        "content": "Animation paragraphes"
      },
      {
        "type": "checkbox",
        "id": "effect_apply_description_enable",
        "label": "Activer",
        "default": true,
        "info": "Active des effets d'animations lors du défilement sur les paragraphes"
      },
      {
        "type": "select",
        "id": "animation_description_name",
        "label": "Effet d'animation",
        "default": "animate__fadeInUp",
        "options": [
          {
            "group": "Retour",
            "value": "animate__backInDown",
            "label": "Back In Down"
          },
          {
            "group": "Retour",
            "value": "animate__backInLeft",
            "label": "Back In Left"
          },
          {
            "group": "Retour",
            "value": "animate__backInRight",
            "label": "Back In Right"
          },
          {
            "group": "Retour",
            "value": "animate__backInUp",
            "label": "Back In Up"
          },
          {
            "group": "Rebond",
            "value": "animate__bounceIn",
            "label": "Bounce In"
          },
          {
            "group": "Rebond",
            "value": "animate__bounceInDown",
            "label": "Bounce-in-down"
          },
          {
            "group": "Rebond",
            "value": "animate__bounceInLeft",
            "label": "Bounce-in-left"
          },
          {
            "group": "Rebond",
            "value": "animate__bounceInRight",
            "label": "Bounce-in-right"
          },
          {
            "group": "Rebond",
            "value": "animate__bounceInUp",
            "label": "Bounce-in-up"
          },
          {
            "group": "Fondu",
            "value": "animate__fadeIn",
            "label": "Fade In"
          },
          {
            "group": "Fondu",
            "value": "animate__fadeInDown",
            "label": "Fade-in-down"
          },
          {
            "group": "Fondu",
            "value": "animate__fadeInDownBig",
            "label": "Fade-in-down Big"
          },
          {
            "group": "Fondu",
            "value": "animate__fadeInLeft",
            "label": "Fade-in-left"
          },
          {
            "group": "Fondu",
            "value": "animate__fadeInLeftBig",
            "label": "Fade-in-left Big"
          },
          {
            "group": "Fondu",
            "value": "animate__fadeInRight",
            "label": "Fade-in-right"
          },
          {
            "group": "Fondu",
            "value": "animate__fadeInRightBig",
            "label": "Fade-in-right Big"
          },
          {
            "group": "Fondu",
            "value": "animate__fadeInUp",
            "label": "Fade-in-up"
          },
          {
            "group": "Fondu",
            "value": "animate__fadeInUpBig",
            "label": "Fade-in-up Big"
          },
          {
            "group": "Fondu",
            "value": "animate__fadeInTopLeft",
            "label": "Fade-in Top Left"
          },
          {
            "group": "Fondu",
            "value": "animate__fadeInTopRight",
            "label": "Fade-in Top Right"
          },
          {
            "group": "Fondu",
            "value": "animate__fadeInBottomLeft",
            "label": "Fade-in Bottom Left"
          },
          {
            "group": "Fondu",
            "value": "animate__fadeInBottomRight",
            "label": "Fade-in Bottom Right"
          },
          {
            "group": "Flip",
            "value": "animate__flip",
            "label": "Flip"
          },
          {
            "group": "Flip",
            "value": "animate__flipInX",
            "label": "Flip In X"
          },
          {
            "group": "Flip",
            "value": "animate__flipInY",
            "label": "Flip In Y"
          },
          {
            "group": "Flip",
            "value": "animate__flipOutX",
            "label": "Flip Out X"
          },
          {
            "group": "Flip",
            "value": "animate__flipOutY",
            "label": "Flip Out Y"
          },
          {
            "group": "Vitesse Lumière",
            "value": "animate__lightSpeedInRight",
            "label": "Light Speed In Right"
          },
          {
            "group": "Vitesse Lumière",
            "value": "animate__lightSpeedInLeft",
            "label": "Light Speed In Left"
          },
          {
            "group": "Rotation",
            "value": "animate__rotateIn",
            "label": "Rotate In"
          },
          {
            "group": "Rotation",
            "value": "animate__rotateInDownLeft",
            "label": "Rotate In Down Left"
          },
          {
            "group": "Rotation",
            "value": "animate__rotateInDownRight",
            "label": "Rotate In Down Right"
          },
          {
            "group": "Rotation",
            "value": "animate__rotateInUpLeft",
            "label": "Rotate In Up Left"
          },
          {
            "group": "Rotation",
            "value": "animate__rotateInUpRight",
            "label": "Rotate In Up Right"
          },
          {
            "group": "Zoom",
            "value": "animate__zoomIn",
            "label": "Zoom In"
          },
          {
            "group": "Zoom",
            "value": "animate__zoomInDown",
            "label": "Zoom In Down"
          },
          {
            "group": "Zoom",
            "value": "animate__zoomInLeft",
            "label": "Zoom In Left"
          },
          {
            "group": "Zoom",
            "value": "animate__zoomInRight",
            "label": "Zoom In Right"
          },
          {
            "group": "Zoom",
            "value": "animate__zoomInUp",
            "label": "Zoom In Up"
          },
          {
            "group": "Glissement",
            "value": "animate__slideInDown",
            "label": "Slide In Down"
          },
          {
            "group": "Glissement",
            "value": "animate__slideInLeft",
            "label": "Slide In Left"
          },
          {
            "group": "Glissement",
            "value": "animate__slideInRight",
            "label": "Slide In Right"
          },
          {
            "group": "Glissement",
            "value": "animate__slideInUp",
            "label": "Slide In Up"
          }
        ]
      },
      {
        "type": "header",
        "content": "Animation boutons"
      },
      {
        "type": "checkbox",
        "id": "effect_apply_btn_enable",
        "label": "Activer",
        "default": true,
        "info": "Active des effets d'animations lors du défilement sur les boutons"
      },
      {
        "type": "select",
        "id": "animation_btn_name",
        "label": "Effet d'animation",
        "default": "animate__fadeInUp",
        "options": [
          {
            "group": "Retour",
            "value": "animate__backInDown",
            "label": "Back In Down"
          },
          {
            "group": "Retour",
            "value": "animate__backInLeft",
            "label": "Back In Left"
          },
          {
            "group": "Retour",
            "value": "animate__backInRight",
            "label": "Back In Right"
          },
          {
            "group": "Retour",
            "value": "animate__backInUp",
            "label": "Back In Up"
          },
          {
            "group": "Rebond",
            "value": "animate__bounceIn",
            "label": "Bounce In"
          },
          {
            "group": "Rebond",
            "value": "animate__bounceInDown",
            "label": "Bounce-in-down"
          },
          {
            "group": "Rebond",
            "value": "animate__bounceInLeft",
            "label": "Bounce-in-left"
          },
          {
            "group": "Rebond",
            "value": "animate__bounceInRight",
            "label": "Bounce-in-right"
          },
          {
            "group": "Rebond",
            "value": "animate__bounceInUp",
            "label": "Bounce-in-up"
          },
          {
            "group": "Fondu",
            "value": "animate__fadeIn",
            "label": "Fade In"
          },
          {
            "group": "Fondu",
            "value": "animate__fadeInDown",
            "label": "Fade-in-down"
          },
          {
            "group": "Fondu",
            "value": "animate__fadeInDownBig",
            "label": "Fade-in-down Big"
          },
          {
            "group": "Fondu",
            "value": "animate__fadeInLeft",
            "label": "Fade-in-left"
          },
          {
            "group": "Fondu",
            "value": "animate__fadeInLeftBig",
            "label": "Fade-in-left Big"
          },
          {
            "group": "Fondu",
            "value": "animate__fadeInRight",
            "label": "Fade-in-right"
          },
          {
            "group": "Fondu",
            "value": "animate__fadeInRightBig",
            "label": "Fade-in-right Big"
          },
          {
            "group": "Fondu",
            "value": "animate__fadeInUp",
            "label": "Fade-in-up"
          },
          {
            "group": "Fondu",
            "value": "animate__fadeInUpBig",
            "label": "Fade-in-up Big"
          },
          {
            "group": "Fondu",
            "value": "animate__fadeInTopLeft",
            "label": "Fade-in Top Left"
          },
          {
            "group": "Fondu",
            "value": "animate__fadeInTopRight",
            "label": "Fade-in Top Right"
          },
          {
            "group": "Fondu",
            "value": "animate__fadeInBottomLeft",
            "label": "Fade-in Bottom Left"
          },
          {
            "group": "Fondu",
            "value": "animate__fadeInBottomRight",
            "label": "Fade-in Bottom Right"
          },
          {
            "group": "Flip",
            "value": "animate__flip",
            "label": "Flip"
          },
          {
            "group": "Flip",
            "value": "animate__flipInX",
            "label": "Flip In X"
          },
          {
            "group": "Flip",
            "value": "animate__flipInY",
            "label": "Flip In Y"
          },
          {
            "group": "Flip",
            "value": "animate__flipOutX",
            "label": "Flip Out X"
          },
          {
            "group": "Flip",
            "value": "animate__flipOutY",
            "label": "Flip Out Y"
          },
          {
            "group": "Vitesse Lumière",
            "value": "animate__lightSpeedInRight",
            "label": "Light Speed In Right"
          },
          {
            "group": "Vitesse Lumière",
            "value": "animate__lightSpeedInLeft",
            "label": "Light Speed In Left"
          },
          {
            "group": "Rotation",
            "value": "animate__rotateIn",
            "label": "Rotate In"
          },
          {
            "group": "Rotation",
            "value": "animate__rotateInDownLeft",
            "label": "Rotate In Down Left"
          },
          {
            "group": "Rotation",
            "value": "animate__rotateInDownRight",
            "label": "Rotate In Down Right"
          },
          {
            "group": "Rotation",
            "value": "animate__rotateInUpLeft",
            "label": "Rotate In Up Left"
          },
          {
            "group": "Rotation",
            "value": "animate__rotateInUpRight",
            "label": "Rotate In Up Right"
          },
          {
            "group": "Zoom",
            "value": "animate__zoomIn",
            "label": "Zoom In"
          },
          {
            "group": "Zoom",
            "value": "animate__zoomInDown",
            "label": "Zoom In Down"
          },
          {
            "group": "Zoom",
            "value": "animate__zoomInLeft",
            "label": "Zoom In Left"
          },
          {
            "group": "Zoom",
            "value": "animate__zoomInRight",
            "label": "Zoom In Right"
          },
          {
            "group": "Zoom",
            "value": "animate__zoomInUp",
            "label": "Zoom In Up"
          },
          {
            "group": "Glissement",
            "value": "animate__slideInDown",
            "label": "Slide In Down"
          },
          {
            "group": "Glissement",
            "value": "animate__slideInLeft",
            "label": "Slide In Left"
          },
          {
            "group": "Glissement",
            "value": "animate__slideInRight",
            "label": "Slide In Right"
          },
          {
            "group": "Glissement",
            "value": "animate__slideInUp",
            "label": "Slide In Up"
          }
        ]
      }
    ]
  },
  {
    "name": "Réseaux sociaux",
    "settings": [
      {
        "type": "paragraph",
        "content": "Documentation FR : [Réseaux sociaux by Shopiweb](https:\/\/www.docs.shopiweb.fr\/theme-premium\/documentation\/parametres-du-theme\/reseaux-sociaux)"
      },
      {
        "type": "paragraph",
        "content": "Saisissez l'URL complète de chaque site de média social ci-dessous. Par exemple : https:\/\/www.facebook.com\/shopiweb"
      },
      {
        "type": "text",
        "id": "social_facebook",
        "label": "Facebook"
      },
      {
        "type": "text",
        "id": "social_twitter",
        "label": "Twitter"
      },
      {
        "type": "text",
        "id": "social_instagram",
        "label": "Instagram"
      },
      {
        "type": "text",
        "id": "social_pinterest",
        "label": "Pinterest"
      },
      {
        "type": "text",
        "id": "social_tiktok",
        "label": "TikTok"
      },
      {
        "type": "text",
        "id": "social_snapchat",
        "label": "Snapchat"
      },
      {
        "type": "text",
        "id": "social_youtube",
        "label": "Youtube"
      },
      {
        "type": "text",
        "id": "social_linkedin",
        "label": "Linkedin"
      },
      {
        "type": "text",
        "id": "social_whatsapp",
        "label": "Whatsapp"
      },
      {
        "type": "text",
        "id": "social_email",
        "label": "Email"
      },
      {
        "type": "text",
        "id": "social_discord",
        "label": "Discord"
      },
      {
        "type": "text",
        "id": "social_phone",
        "label": "Téléphone",
        "info": "tel:+33612345678"
      }
    ]
  },
  {
    "name": "Applications",
    "settings": [
      {
        "type": "header",
        "content": "🏆 Application Protection Boutique",
        "info": "👉 Application Version Shopiweb Premium"
      },
      {
        "type": "checkbox",
        "id": "enable-right-clic",
        "label": "Désactiver le clic droit"
      },
      {
        "type": "checkbox",
        "id": "enable-text-selection",
        "label": "Désactiver la sélection du texte"
      },
      {
        "type": "checkbox",
        "id": "enable-image-drag",
        "label": "Désactiver la sélection d'images"
      },
      {
        "type": "header",
        "content": "🏆 Application Flèche Scroll Top"
      },
      {
        "type": "checkbox",
        "id": "enable_scroll_top_btn",
        "label": "Activer la flèche 'Défiler vers le haut'",
        "info": "👉 Application Version Shopiweb Premium",
        "default": false
      },
      {
        "type": "range",
        "id": "go_top_scroll",
        "label": "Seuil d'affichage ",
        "info": "Affiche le bouton après que l'utilisateur a dépassé cette valeur.",
        "min": 0,
        "max": 2000,
        "step": 100,
        "default": 1000
      },
      {
        "type": "select",
        "id": "scroll_top_btn_color",
        "label": "Couleur du bouton 'Défiler vers le haut'",
        "default": "btn-secondary",
        "options": [
          {
            "group": "Normal",
            "value": "btn-link",
            "label": "Lien"
          },
          {
            "group": "Normal",
            "value": "btn-light",
            "label": "Claire"
          },
          {
            "group": "Normal",
            "value": "btn-dark",
            "label": "Sombre"
          },
          {
            "group": "Normal",
            "value": "btn-primary",
            "label": "Primaire"
          },
          {
            "group": "Normal",
            "value": "btn-secondary",
            "label": "Secondaire"
          },
          {
            "group": "Normal",
            "value": "btn-tertiary",
            "label": "Tertiaire"
          },
          {
            "group": "Normal",
            "value": "btn-success",
            "label": "Succès"
          },
          {
            "group": "Normal",
            "value": "btn-danger",
            "label": "Danger"
          },
          {
            "group": "Normal",
            "value": "btn-warning",
            "label": "Avertissement"
          },
          {
            "group": "Normal",
            "value": "btn-info",
            "label": "Info"
          },
          {
            "group": "Contour",
            "value": "btn-outline-light",
            "label": "Contour Claire"
          },
          {
            "group": "Contour",
            "value": "btn-outline-dark",
            "label": "Contour Sombre"
          },
          {
            "group": "Contour",
            "value": "btn-outline-primary",
            "label": "Contour Primaire"
          },
          {
            "group": "Contour",
            "value": "btn-outline-secondary",
            "label": "Contour Secondaire"
          },
          {
            "group": "Contour",
            "value": "btn-outline-tertiary",
            "label": "Contour Tertiaire"
          },
          {
            "group": "Contour",
            "value": "btn-outline-success",
            "label": "Contour Succès"
          },
          {
            "group": "Contour",
            "value": "btn-outline-danger",
            "label": "Contour Danger"
          },
          {
            "group": "Contour",
            "value": "btn-outline-warning",
            "label": "Contour Avertissement"
          },
          {
            "group": "Contour",
            "value": "btn-outline-info",
            "label": "Contour Info"
          }
        ]
      },
      {
        "type": "select",
        "id": "scroll_mobile_position",
        "label": "Position du bouton sur mobile",
        "default": "center",
        "options": [
          {
            "value": "left",
            "label": "Gauche"
          },
          {
            "value": "center",
            "label": "Centre"
          },
          {
            "value": "right",
            "label": "Droite"
          }
        ]
      },
      {
        "type": "select",
        "id": "scroll_desktop_position",
        "label": "Position du bouton sur desktop",
        "default": "center",
        "options": [
          {
            "value": "left",
            "label": "Gauche"
          },
          {
            "value": "center",
            "label": "Centre"
          },
          {
            "value": "right",
            "label": "Droite"
          }
        ]
      },
      {
        "type": "header",
        "content": "🏆 Application Titre Onglet Inactif"
      },
      {
        "type": "paragraph",
        "content": "👉 Application Version Shopiweb Premium"
      },
      {
        "type": "paragraph",
        "content": "Cette fonction permet de modifier dynamiquement le titre de l'onglet du navigateur lorsque la page devient inactive."
      },
      {
        "type": "checkbox",
        "id": "browser_tab_enable",
        "label": "Activer cette fonction",
        "default": true
      },
      {
        "type": "text",
        "id": "browser_tab_text",
        "label": "Texte",
        "default": "😍 Poursuivre les achats..."
      },
      {
        "type": "header",
        "content": "🏆 Application Wishlist"
      },
      {
        "type": "checkbox",
        "id": "wishlist_enable",
        "label": "Activer la Liste de Souhaits",
        "info": "👉 Application Version Shopiweb Premium",
        "default": true
      },
      {
        "type": "checkbox",
        "id": "wishlist_show_atc_form",
        "label": "Afficher le bouton 'Ajouter au panier'",
        "default": true
      },
      {
        "type": "header",
        "content": "🏆 Application Cookies RGPD"
      },
      {
        "type": "checkbox",
        "id": "cooks",
        "label": "Activer les Cookies",
        "info": "👉 Application Version Shopiweb Premium",
        "default": false
      },
      {
        "type": "select",
        "id": "bg_cooks",
        "label": "Couleur de l'arrière plan",
        "default": "",
        "options": [
          {
            "group": "Principal",
            "value": "bg-primary text-white",
            "label": "Primaire"
          },
          {
            "group": "Principal",
            "value": "bg-secondary text-white",
            "label": "Secondaire"
          },
          {
            "group": "Principal",
            "value": "bg-tertiary text-white",
            "label": "Tertiaire"
          },
          {
            "group": "Intermédiaire",
            "value": "bg-white text-dark",
            "label": "Blanc (par défaut)"
          },
          {
            "group": "Intermédiaire",
            "value": "bg-light text-body",
            "label": "Claire"
          },
          {
            "group": "Intermédiaire",
            "value": "bg-dark text-white",
            "label": "Sombre"
          },
          {
            "group": "Par défaut",
            "value": "",
            "label": "Corps (body)"
          }
        ]
      },
      {
        "type": "text",
        "id": "cooks_subtitle",
        "label": "Titre 1",
        "default": "Salut c'est nous..."
      },
      {
        "type": "text",
        "id": "cooks_titre",
        "label": "Titre 2",
        "default": "les Cookies !"
      },
      {
        "type": "richtext",
        "id": "cooks_description",
        "label": "Description",
        "default": "<p>Nous utilisons des cookies pour vous garantir la meilleure expérience possible sur notre site web...<\/p>"
      },
      {
        "type": "select",
        "id": "cooks_description_size",
        "label": "Taille de description",
        "default": "fs-6",
        "options": [
          {
            "group": "Description Standard",
            "value": "fs-1",
            "label": "Extra Grand"
          },
          {
            "group": "Description Standard",
            "value": "fs-2",
            "label": "Super Grand"
          },
          {
            "group": "Description Standard",
            "value": "fs-3",
            "label": "Très Grand"
          },
          {
            "group": "Description Standard",
            "value": "fs-4",
            "label": "Grand"
          },
          {
            "group": "Description Standard",
            "value": "fs-5",
            "label": "Moyen"
          },
          {
            "group": "Description Standard",
            "value": "fs-6",
            "label": "Petit"
          }
        ]
      },
      {
        "type": "text",
        "id": "cookstxt-refused",
        "label": "Texte du bouton refuser",
        "default": "Refuser"
      },
      {
        "type": "select",
        "id": "btn_color_cooks_refused",
        "label": "Couleur du bouton 'Refuser'",
        "default": "btn-secondary",
        "options": [
          {
            "group": "Normal",
            "value": "btn-link",
            "label": "Lien"
          },
          {
            "group": "Normal",
            "value": "btn-light",
            "label": "Claire"
          },
          {
            "group": "Normal",
            "value": "btn-dark",
            "label": "Sombre"
          },
          {
            "group": "Normal",
            "value": "btn-primary",
            "label": "Primaire"
          },
          {
            "group": "Normal",
            "value": "btn-secondary",
            "label": "Secondaire"
          },
          {
            "group": "Normal",
            "value": "btn-tertiary",
            "label": "Tertiaire"
          },
          {
            "group": "Normal",
            "value": "btn-success",
            "label": "Succès"
          },
          {
            "group": "Normal",
            "value": "btn-danger",
            "label": "Danger"
          },
          {
            "group": "Normal",
            "value": "btn-warning",
            "label": "Avertissement"
          },
          {
            "group": "Normal",
            "value": "btn-info",
            "label": "Info"
          },
          {
            "group": "Contour",
            "value": "btn-outline-light",
            "label": "Contour Claire"
          },
          {
            "group": "Contour",
            "value": "btn-outline-dark",
            "label": "Contour Sombre"
          },
          {
            "group": "Contour",
            "value": "btn-outline-primary",
            "label": "Contour Primaire"
          },
          {
            "group": "Contour",
            "value": "btn-outline-secondary",
            "label": "Contour Secondaire"
          },
          {
            "group": "Contour",
            "value": "btn-outline-tertiary",
            "label": "Contour Tertiaire"
          },
          {
            "group": "Contour",
            "value": "btn-outline-success",
            "label": "Contour Succès"
          },
          {
            "group": "Contour",
            "value": "btn-outline-danger",
            "label": "Contour Danger"
          },
          {
            "group": "Contour",
            "value": "btn-outline-warning",
            "label": "Contour Avertissement"
          },
          {
            "group": "Contour",
            "value": "btn-outline-info",
            "label": "Contour Info"
          }
        ]
      },
      {
        "type": "text",
        "id": "cookstxt-refuse",
        "label": "Texte du bouton en savoir plus",
        "default": "En savoir +"
      },
      {
        "type": "select",
        "id": "btn_color_cooks_esp",
        "label": "Couleur du bouton 'En savoir +'",
        "default": "btn-link",
        "options": [
          {
            "group": "Normal",
            "value": "btn-link",
            "label": "Lien"
          },
          {
            "group": "Normal",
            "value": "btn-light",
            "label": "Claire"
          },
          {
            "group": "Normal",
            "value": "btn-dark",
            "label": "Sombre"
          },
          {
            "group": "Normal",
            "value": "btn-primary",
            "label": "Primaire"
          },
          {
            "group": "Normal",
            "value": "btn-secondary",
            "label": "Secondaire"
          },
          {
            "group": "Normal",
            "value": "btn-tertiary",
            "label": "Tertiaire"
          },
          {
            "group": "Normal",
            "value": "btn-success",
            "label": "Succès"
          },
          {
            "group": "Normal",
            "value": "btn-danger",
            "label": "Danger"
          },
          {
            "group": "Normal",
            "value": "btn-warning",
            "label": "Avertissement"
          },
          {
            "group": "Normal",
            "value": "btn-info",
            "label": "Info"
          },
          {
            "group": "Contour",
            "value": "btn-outline-light",
            "label": "Contour Claire"
          },
          {
            "group": "Contour",
            "value": "btn-outline-dark",
            "label": "Contour Sombre"
          },
          {
            "group": "Contour",
            "value": "btn-outline-primary",
            "label": "Contour Primaire"
          },
          {
            "group": "Contour",
            "value": "btn-outline-secondary",
            "label": "Contour Secondaire"
          },
          {
            "group": "Contour",
            "value": "btn-outline-tertiary",
            "label": "Contour Tertiaire"
          },
          {
            "group": "Contour",
            "value": "btn-outline-success",
            "label": "Contour Succès"
          },
          {
            "group": "Contour",
            "value": "btn-outline-danger",
            "label": "Contour Danger"
          },
          {
            "group": "Contour",
            "value": "btn-outline-warning",
            "label": "Contour Avertissement"
          },
          {
            "group": "Contour",
            "value": "btn-outline-info",
            "label": "Contour Info"
          }
        ]
      },
      {
        "id": "url_refuse",
        "type": "url",
        "label": "Lien du bouton 'En savoir +'",
        "info": "Pour ne pas effectuer de redirection laisser le champ vide."
      },
      {
        "type": "text",
        "id": "cookstxt-agree",
        "label": "Texte du bouton accord",
        "default": "D'accord"
      },
      {
        "type": "select",
        "id": "btn_color_cooks_accept",
        "label": "Couleur du bouton 'Accepter'",
        "default": "btn-secondary",
        "options": [
          {
            "group": "Normal",
            "value": "btn-link",
            "label": "Lien"
          },
          {
            "group": "Normal",
            "value": "btn-light",
            "label": "Claire"
          },
          {
            "group": "Normal",
            "value": "btn-dark",
            "label": "Sombre"
          },
          {
            "group": "Normal",
            "value": "btn-primary",
            "label": "Primaire"
          },
          {
            "group": "Normal",
            "value": "btn-secondary",
            "label": "Secondaire"
          },
          {
            "group": "Normal",
            "value": "btn-tertiary",
            "label": "Tertiaire"
          },
          {
            "group": "Normal",
            "value": "btn-success",
            "label": "Succès"
          },
          {
            "group": "Normal",
            "value": "btn-danger",
            "label": "Danger"
          },
          {
            "group": "Normal",
            "value": "btn-warning",
            "label": "Avertissement"
          },
          {
            "group": "Normal",
            "value": "btn-info",
            "label": "Info"
          },
          {
            "group": "Contour",
            "value": "btn-outline-light",
            "label": "Contour Claire"
          },
          {
            "group": "Contour",
            "value": "btn-outline-dark",
            "label": "Contour Sombre"
          },
          {
            "group": "Contour",
            "value": "btn-outline-primary",
            "label": "Contour Primaire"
          },
          {
            "group": "Contour",
            "value": "btn-outline-secondary",
            "label": "Contour Secondaire"
          },
          {
            "group": "Contour",
            "value": "btn-outline-tertiary",
            "label": "Contour Tertiaire"
          },
          {
            "group": "Contour",
            "value": "btn-outline-success",
            "label": "Contour Succès"
          },
          {
            "group": "Contour",
            "value": "btn-outline-danger",
            "label": "Contour Danger"
          },
          {
            "group": "Contour",
            "value": "btn-outline-warning",
            "label": "Contour Avertissement"
          },
          {
            "group": "Contour",
            "value": "btn-outline-info",
            "label": "Contour Info"
          }
        ]
      },
      {
        "type": "header",
        "content": "🏆 Application Chat Messenger"
      },
      {
        "type": "checkbox",
        "id": "messengerchat",
        "label": "Activer Chat Messenger",
        "info": "👉 Application Version Shopiweb Premium",
        "default": false
      },
      {
        "type": "paragraph",
        "content": "Ne fonctionne que si vous avez une page Facebook et que votre domaine est validé chez Facebook dans les paramètres du Chat."
      },
      {
        "type": "text",
        "id": "pageid",
        "label": "Id de page",
        "default": "162238792605427"
      },
      {
        "type": "header",
        "content": "🏆 Application Chat WhatsApp"
      },
      {
        "type": "checkbox",
        "id": "enable_whatsapp",
        "label": "Activer Chat WhatsApp",
        "info": "👉 Application Version Shopiweb Premium",
        "default": true
      },
      {
        "type": "text",
        "id": "whatsapp_number",
        "label": "Numéro Whatsapp"
      },
      {
        "type": "color",
        "id": "primary_color",
        "label": "Couleur primaire",
        "default": "#25D366",
        "info": "Nous vous recommandons de conserver la couleur principale de la marque WhatsApp"
      },
      {
        "type": "color",
        "id": "secondary_color",
        "label": "Couleur secondaire",
        "default": "#095e54",
        "info": "Nous vous recommandons de conserver la couleur secondaire de la marque WhatsApp"
      },
      {
        "type": "header",
        "content": "Bouton"
      },
      {
        "type": "text",
        "id": "btn_text",
        "label": "Texte du bouton",
        "default": "Chat avec nous"
      },
      {
        "type": "checkbox",
        "id": "show_btn_text",
        "label": "Afficher le texte du bouton",
        "default": true
      },
      {
        "type": "text",
        "id": "btn_z_index",
        "label": "Bouton z-index",
        "default": "1023",
        "info": "Augmentez ce nombre si le bouton apparaît sous d'autres éléments."
      },
      {
        "type": "header",
        "content": "Dialogue"
      },
      {
        "type": "checkbox",
        "id": "show_dialog",
        "label": "Afficher le dialogue",
        "default": true,
        "info": "Si elle est désactivée, elle ouvrira directement l'application WhatsApp en cliquant sur un bouton."
      },
      {
        "type": "image_picker",
        "id": "dialog_header_img",
        "label": "Image"
      },
      {
        "type": "text",
        "id": "dialog_name",
        "label": "Nom",
        "default": "John Doe"
      },
      {
        "type": "text",
        "id": "dialog_subtitle",
        "label": "Sous-titre",
        "default": "Je répond généralement dans les minutes qui suivent."
      },
      {
        "type": "color",
        "id": "dialog_bg_color",
        "label": "Couleur d'arrière-plan",
        "default": "#ece5dd"
      },
      {
        "type": "richtext",
        "id": "dialog_msg",
        "label": "Message",
        "default": "<p>Bonjour 👋<br>Comment puis-je vous aider ?<\/p>"
      },
      {
        "type": "text",
        "id": "dialog_text_placeholder",
        "label": "Texte du placeholder",
        "default": "Ecrivez votre message..."
      }
    ]
  },
  {
    "name": "Panier",
    "settings": [
      {
        "type": "header",
        "content": "🏆 Application Panier Coulissant",
        "info": "👉 Application Version Shopiweb Premium"
      },
      {
        "type": "select",
        "id": "cart_icon_type",
        "options": [
          {
            "group": "Vide",
            "value": "1",
            "label": "Icône 1"
          },
          {
            "group": "Vide",
            "value": "2",
            "label": "Icône 2"
          },
          {
            "group": "Vide",
            "value": "3",
            "label": "Icône 3"
          },
          {
            "group": "Vide",
            "value": "4",
            "label": "Icône 4"
          },
          {
            "group": "Vide",
            "value": "5",
            "label": "Icône 5"
          },
          {
            "group": "Vide",
            "value": "6",
            "label": "Icône 6"
          },
          {
            "group": "Vide",
            "value": "7",
            "label": "Icône 7"
          },
          {
            "group": "Plein",
            "value": "8",
            "label": "Icône 8"
          },
          {
            "group": "Plein",
            "value": "9",
            "label": "Icône 9"
          },
          {
            "group": "Plein",
            "value": "10",
            "label": "Icône 10"
          },
          {
            "group": "Plein",
            "value": "11",
            "label": "Icône 11"
          },
          {
            "group": "Plein",
            "value": "12",
            "label": "Icône 12"
          },
          {
            "group": "Plein",
            "value": "13",
            "label": "Icône 13"
          },
          {
            "group": "Plein",
            "value": "14",
            "label": "Icône 14"
          }
        ],
        "default": "4",
        "label": "Style de l'icône « panier »"
      },
      {
        "type": "checkbox",
        "id": "cart_drawer_disable",
        "label": "Désactiver le tiroir du panier",
        "info": "Lien vers la page du panier à la place",
        "default": false
      },
      {
        "type": "checkbox",
        "id": "cart_taxes_shipping",
        "label": "Afficher 'Taxes incluses et frais d'expédition...'",
        "default": true
      },
      {
        "type": "checkbox",
        "id": "cart_drawer_show_cart_link",
        "label": "Afficher le lien 'Voir le panier'",
        "default": false
      },
      {
        "type": "checkbox",
        "id": "cart_drawer_show_payment_icons",
        "label": "Afficher les icônes de paiement",
        "default": true
      },
      {
        "type": "checkbox",
        "id": "cart_drawer_show_note",
        "label": "Afficher le champ Note",
        "default": true
      },
      {
        "type": "select",
        "id": "cart_drawer_note_btn_color",
        "label": "Couleur du bouton",
        "default": "btn-outline-secondary",
        "options": [
          {
            "group": "Normal",
            "value": "btn-link",
            "label": "Lien"
          },
          {
            "group": "Normal",
            "value": "btn-light",
            "label": "Claire"
          },
          {
            "group": "Normal",
            "value": "btn-dark",
            "label": "Sombre"
          },
          {
            "group": "Normal",
            "value": "btn-primary",
            "label": "Primaire"
          },
          {
            "group": "Normal",
            "value": "btn-secondary",
            "label": "Secondaire"
          },
          {
            "group": "Normal",
            "value": "btn-tertiary",
            "label": "Tertiaire"
          },
          {
            "group": "Normal",
            "value": "btn-success",
            "label": "Succès"
          },
          {
            "group": "Normal",
            "value": "btn-danger",
            "label": "Danger"
          },
          {
            "group": "Normal",
            "value": "btn-warning",
            "label": "Avertissement"
          },
          {
            "group": "Normal",
            "value": "btn-info",
            "label": "Info"
          },
          {
            "group": "Contour",
            "value": "btn-outline-light",
            "label": "Contour Claire"
          },
          {
            "group": "Contour",
            "value": "btn-outline-dark",
            "label": "Contour Sombre"
          },
          {
            "group": "Contour",
            "value": "btn-outline-primary",
            "label": "Contour Primaire"
          },
          {
            "group": "Contour",
            "value": "btn-outline-secondary",
            "label": "Contour Secondaire"
          },
          {
            "group": "Contour",
            "value": "btn-outline-tertiary",
            "label": "Contour Tertiaire"
          },
          {
            "group": "Contour",
            "value": "btn-outline-success",
            "label": "Contour Succès"
          },
          {
            "group": "Contour",
            "value": "btn-outline-danger",
            "label": "Contour Danger"
          },
          {
            "group": "Contour",
            "value": "btn-outline-warning",
            "label": "Contour Avertissement"
          },
          {
            "group": "Contour",
            "value": "btn-outline-info",
            "label": "Contour Info"
          }
        ]
      },
      {
        "type": "checkbox",
        "id": "cart_drawer_show_shipping_rates",
        "label": "Afficher la fonction 'Tarifs d'expédition'",
        "default": true
      },
      {
        "type": "select",
        "id": "cart_drawer_shipping_rates_btn_color",
        "label": "Couleur du bouton",
        "default": "btn-outline-secondary",
        "options": [
          {
            "group": "Normal",
            "value": "btn-link",
            "label": "Lien"
          },
          {
            "group": "Normal",
            "value": "btn-light",
            "label": "Claire"
          },
          {
            "group": "Normal",
            "value": "btn-dark",
            "label": "Sombre"
          },
          {
            "group": "Normal",
            "value": "btn-primary",
            "label": "Primaire"
          },
          {
            "group": "Normal",
            "value": "btn-secondary",
            "label": "Secondaire"
          },
          {
            "group": "Normal",
            "value": "btn-tertiary",
            "label": "Tertiaire"
          },
          {
            "group": "Normal",
            "value": "btn-success",
            "label": "Succès"
          },
          {
            "group": "Normal",
            "value": "btn-danger",
            "label": "Danger"
          },
          {
            "group": "Normal",
            "value": "btn-warning",
            "label": "Avertissement"
          },
          {
            "group": "Normal",
            "value": "btn-info",
            "label": "Info"
          },
          {
            "group": "Contour",
            "value": "btn-outline-light",
            "label": "Contour Claire"
          },
          {
            "group": "Contour",
            "value": "btn-outline-dark",
            "label": "Contour Sombre"
          },
          {
            "group": "Contour",
            "value": "btn-outline-primary",
            "label": "Contour Primaire"
          },
          {
            "group": "Contour",
            "value": "btn-outline-secondary",
            "label": "Contour Secondaire"
          },
          {
            "group": "Contour",
            "value": "btn-outline-tertiary",
            "label": "Contour Tertiaire"
          },
          {
            "group": "Contour",
            "value": "btn-outline-success",
            "label": "Contour Succès"
          },
          {
            "group": "Contour",
            "value": "btn-outline-danger",
            "label": "Contour Danger"
          },
          {
            "group": "Contour",
            "value": "btn-outline-warning",
            "label": "Contour Avertissement"
          },
          {
            "group": "Contour",
            "value": "btn-outline-info",
            "label": "Contour Info"
          }
        ]
      },
      {
        "type": "product_list",
        "id": "cart_drawer_empty_product_list",
        "label": "Produits du panier vide",
        "info": "Afficher ces produits lorsque le tiroir du panier est vide."
      },
      {
        "type": "header",
        "content": "🏆 Application Compte à Rebours"
      },
      {
        "type": "checkbox",
        "id": "show_compte_rebours_panier",
        "label": "Activer le Compte à Rebours (panier)",
        "info": "👉 Application Version Shopiweb Premium",
        "default": false
      },
      {
        "type": "text",
        "id": "text_after",
        "label": "Texte avant",
        "default": "Votre panier est réservé pendant"
      },
      {
        "type": "text",
        "id": "text_before",
        "label": "Texte après",
        "default": "minutes !"
      },
      {
        "type": "color",
        "id": "clock_color",
        "label": "Couleur compte à rebours",
        "default": "#dc3545"
      },
      {
        "type": "range",
        "id": "timer_minutes",
        "label": "Durée compte à rebours (minutes)",
        "unit": "min",
        "min": 5,
        "max": 30,
        "step": 5,
        "default": 10
      },
      {
        "type": "text",
        "id": "end_message",
        "label": "Message de fin de compte à rebours",
        "default": "Le temps est écoulé !"
      },
      {
        "type": "header",
        "content": "=== Notice Panier ==="
      },
      {
        "type": "checkbox",
        "id": "cart_notice_show",
        "label": "Afficher la notice panier",
        "default": false
      },
      {
        "type": "richtext",
        "id": "cart_notice",
        "label": "Description"
      },
      {
        "type": "header",
        "content": "🏆 Application Objectif Panier"
      },
      {
        "type": "checkbox",
        "id": "cart_goal_enable",
        "label": "Activer objectif panier",
        "info": "👉 Application Version Shopiweb Premium",
        "default": true
      },
      {
        "type": "select",
        "id": "show_icon",
        "label": "Icône objectif",
        "default": "show_truck",
        "options": [
          {
            "value": "",
            "label": "Aucun"
          },
          {
            "value": "show_truck",
            "label": "Icône livraison"
          },
          {
            "value": "show_gift",
            "label": "Icône cadeau"
          }
        ]
      },
      {
        "type": "text",
        "id": "cart_goal_value",
        "label": "Valeur de l'objectif",
        "default": "100"
      },
      {
        "type": "richtext",
        "id": "cart_goal_description_before",
        "label": "Description - Objectif NON atteint",
        "default": "<p>Plus que <strong>[amount]<\/strong> et la <strong>LIVRAISON<\/strong> est <strong>OFFERTE !<\/strong><\/p>"
      },
      {
        "type": "select",
        "id": "cart_goal_bg_color_before",
        "label": "Couleur - Objectif NON atteint",
        "default": "bg-warning",
        "options": [
          {
            "group": "Sombre",
            "value": "bg-primary",
            "label": "Primaire"
          },
          {
            "group": "Sombre",
            "value": "bg-secondary",
            "label": "Secondaire"
          },
          {
            "group": "Sombre",
            "value": "bg-tertiary",
            "label": "Tertiaire"
          },
          {
            "group": "Sombre",
            "value": "bg-dark",
            "label": "Sombre"
          },
          {
            "group": "Alerte",
            "value": "bg-success",
            "label": "Succès"
          },
          {
            "group": "Alerte",
            "value": "bg-warning",
            "label": "Avertissement"
          },
          {
            "group": "Alerte",
            "value": "bg-danger",
            "label": "Danger"
          },
          {
            "group": "Alerte",
            "value": "bg-info",
            "label": "Info"
          }
        ]
      },
      {
        "type": "richtext",
        "id": "cart_goal_description_after",
        "label": "Description - Objectif atteint",
        "default": "<p>Félicitations ! Vous pouvez bénéficier de la <strong>LIVRAISON GRATUITE.<\/strong><\/p>"
      },
      {
        "type": "select",
        "id": "cart_goal_bg_color_after",
        "label": "Couleur - Objectif atteint",
        "default": "bg-success",
        "options": [
          {
            "group": "Sombre",
            "value": "bg-primary",
            "label": "Primaire"
          },
          {
            "group": "Sombre",
            "value": "bg-secondary",
            "label": "Secondaire"
          },
          {
            "group": "Sombre",
            "value": "bg-tertiary",
            "label": "Tertiaire"
          },
          {
            "group": "Sombre",
            "value": "bg-dark",
            "label": "Sombre"
          },
          {
            "group": "Alerte",
            "value": "bg-success",
            "label": "Succès"
          },
          {
            "group": "Alerte",
            "value": "bg-warning",
            "label": "Avertissement"
          },
          {
            "group": "Alerte",
            "value": "bg-danger",
            "label": "Danger"
          },
          {
            "group": "Alerte",
            "value": "bg-info",
            "label": "Info"
          }
        ]
      },
      {
        "type": "header",
        "content": "🏆 Application Cadeau Objectif Panier",
        "info": "👉 Application Version Shopiweb Premium"
      },
      {
        "type": "product",
        "id": "cart_goal_free_product",
        "label": "Produit",
        "info": "Ce produit sera automatiquement ajouté au panier une fois l'objectif atteint. Normalement, une remise automatique doit également être créée."
      },
      {
        "type": "header",
        "content": "=== Témoignage  ==="
      },
      {
        "type": "checkbox",
        "id": "cart_show_testimonial",
        "label": "Afficher le témoignage",
        "default": true
      },
      {
        "type": "richtext",
        "id": "cart_testimonial",
        "label": "Témoignage",
        "default": "<p>Rejoignez les <strong>1 000+ clients<\/strong> qui ont fait confiance à Shopiweb pour les aider à créer leurs boutiques Shopify.<\/p>"
      },
      {
        "type": "image_picker",
        "id": "cart_testimonial_img",
        "label": "Image"
      },
      {
        "type": "header",
        "content": "🏆 Application Upsell Panier"
      },
      {
        "type": "checkbox",
        "id": "cart_upsell_enable",
        "label": "Activer upsell panier",
        "info": "👉 Application Version Shopiweb Premium",
        "default": true
      },
      {
        "type": "paragraph",
        "content": "Vous avez deux options pour afficher les produits en promotion dans le tiroir du panier. Par l'intermédiaire d'un méta-champ, les produits incitatifs seront affichés en fonction du produit actuellement ajouté au panier. La seconde, via une collection, qui listera tous les produits d'une collection, quels que soient les produits que l'utilisateur a ajoutés à son panier."
      },
      {
        "type": "text",
        "id": "cart_upsell_metafield",
        "label": "Metafield nom de la clé",
        "default": "shopiweb.upsell",
        "info": "Veuillez d'abord [créer le champ-méta ci-dessus](https:\/\/shopify.com\/admin\/metafields\/product\/create) puis ajoutez-y les produits en vente incitative. Si vous préférez afficher les produits d'une collection, veuillez définir le paramètre ci-dessous."
      },
      {
        "type": "collection",
        "id": "cart_upsell_collection",
        "label": "Collection"
      },
      {
        "type": "select",
        "id": "cart_upsell_layout",
        "label": "Disposition",
        "default": "horizontal",
        "options": [
          {
            "value": "horizontal",
            "label": "Horizontal"
          },
          {
            "value": "vertical",
            "label": "Vertical"
          }
        ]
      },
      {
        "type": "range",
        "id": "cart_upsell_limit",
        "label": "Limite",
        "min": 1,
        "max": 24,
        "step": 1,
        "default": 10
      },
      {
        "type": "text",
        "id": "cart_upsell_title",
        "label": "Titre",
        "default": "Produits recommandés"
      },
      {
        "type": "select",
        "id": "cart_upsell_product_title_truncate",
        "label": "Tronquer le titre du produit",
        "default": "",
        "info": "Utile si les titres de vos produits sont longs",
        "options": [
          {
            "value": "",
            "label": "Non (default)"
          },
          {
            "value": "text-truncate",
            "label": "Une ligne"
          }
        ]
      },
      {
        "type": "header",
        "content": "🏆 Application Protection Colis"
      },
      {
        "type": "checkbox",
        "id": "cart_shipping_protect_show",
        "label": "Activer protection colis",
        "info": "👉 Application Version Shopiweb Premium",
        "default": true
      },
      {
        "type": "checkbox",
        "id": "hide_cart_shipping_protect_item",
        "label": "Activer le masquage de cet article dans le panier",
        "info": "Masque le produit dans le panier et ajoute uniquement le prix",
        "default": false
      },
      {
        "type": "checkbox",
        "id": "cart_shipping_protect_auto_initialize",
        "label": "Ajouter automatiquement au panier",
        "default": true
      },
      {
        "type": "product",
        "id": "cart_shipping_protect_product",
        "label": "Produit"
      },
      {
        "type": "image_picker",
        "id": "cart_protection_img",
        "label": "Image"
      },
      {
        "type": "richtext",
        "id": "shipping_protection_text",
        "label": "Texte",
        "info": "Utilisez [price] où vous voulez afficher le prix.",
        "default": "<p>Ajouter une Protection Colis pour seulement <strong>[price]<\/strong> et assurez la sérénité de votre envoi !<\/p>"
      }
    ]
  },
  {
    "name": "Recherche",
    "settings": [
      {
        "type": "paragraph",
        "content": "Documentation FR : [Recherche by Shopiweb](https:\/\/www.docs.shopiweb.fr\/theme-premium\/documentation\/parametres-du-theme\/recherche)"
      },
      {
        "type": "header",
        "content": "=== Mise en page ==="
      },
      {
        "type": "select",
        "id": "layout_mobile",
        "label": "Mise en page - mobile",
        "options": [
          {
            "value": "navbar-mobile-simple",
            "label": "Simple"
          },
          {
            "value": "navbar-mobile-with-search",
            "label": "Avec recherche"
          }
        ],
        "default": "navbar-mobile-with-search"
      },
      {
        "type": "select",
        "id": "layout_desktop",
        "label": "Mise en page - bureau",
        "options": [
          {
            "value": "navbar-desktop-simple",
            "label": "Simple"
          },
          {
            "value": "navbar-desktop-with-search",
            "label": "Avec recherche"
          }
        ],
        "default": "navbar-desktop-with-search"
      },
      {
        "type": "header",
        "content": "=== Recherche prédictive ==="
      },
      {
        "type": "checkbox",
        "id": "search_collections",
        "label": "Recherche dans les collections",
        "default": true
      },
      {
        "type": "checkbox",
        "id": "search_pages",
        "label": "Recherche dans les pages",
        "default": true
      },
      {
        "type": "checkbox",
        "id": "search_articles",
        "label": "Recherche dans les articles de blog",
        "default": true
      },
      {
        "type": "checkbox",
        "id": "search_speech",
        "label": "Activer le bouton 'commande vocale'",
        "default": true
      },
      {
        "type": "header",
        "content": "=== Produits populaires ==="
      },
      {
        "type": "checkbox",
        "id": "search_show_popular_products",
        "label": "Afficher les produits populaires",
        "info": "S'affichera si aucun terme de recherche n'est écrit",
        "default": true
      },
      {
        "type": "product_list",
        "id": "search_popular_products",
        "label": "Sélectionner les produits"
      },
      {
        "type": "header",
        "content": "=== Produit ==="
      },
      {
        "type": "select",
        "id": "search_title_truncate",
        "label": "Tronquer le titre",
        "default": "",
        "info": "Utile si les titres de vos produits sont longs",
        "options": [
          {
            "value": "",
            "label": "Non (default)"
          },
          {
            "value": "text-truncate",
            "label": "Une ligne"
          }
        ]
      },
      {
        "type": "checkbox",
        "id": "search_show_atc_form",
        "label": "Afficher le bouton 'Ajouter au panier'",
        "default": true
      }
    ]
  },
  {
    "name": "Variantes",
    "settings": [
      {
        "type": "header",
        "content": "=== Couleur Swatches (Échantillons) ==="
      },
      {
        "type": "paragraph",
        "content": "REMARQUE : Les échantillons de couleurs sont utilisés pour remplacer les options de produits de couleur par les couleurs\/teintes correspondantes. Vous devez nommer les images d'échantillons de couleurs au format \"swatch-bleu.png\" lorsque \"bleu\" est le nom de l'option traitée. Ensuite, veuillez télécharger les images dans le dossier [Fichiers](https:\/\/www.shopify.com\/admin\/settings\/files) de Shopify."
      },
      {
        "type": "checkbox",
        "id": "color_swatches_show",
        "label": "Afficher les échantillons de couleurs",
        "default": true
      },
      {
        "type": "textarea",
        "id": "color_swatches_names",
        "label": "Noms des échantillons de couleurs",
        "default": "Color, Colour, Couleur, Couleurs",
        "info": "Liste séparée par des virgules de noms d'options de produits à afficher sous forme d'échantillons de couleurs"
      },
      {
        "type": "checkbox",
        "id": "color_swatches_use_variant_images",
        "label": "Utiliser des images variantes",
        "default": false,
        "info": "Cochez cette option si vous souhaitez afficher l'image de la variante correspondante plutôt que les images des échantillons personnalisés."
      },
      {
        "type": "header",
        "content": "=== Boutons de taille ==="
      },
      {
        "type": "paragraph",
        "content": "REMARQUE : les boutons de taille sont utilisés pour remplacer les éléments de formulaire de produit des boîtes de sélection déroulantes par des boutons. Ils sont généralement utilisés pour les options de taille telles que X, M, L, etc."
      },
      {
        "type": "checkbox",
        "id": "size_buttons_show",
        "label": "Afficher les boutons de taille",
        "default": true
      },
      {
        "type": "textarea",
        "id": "size_buttons_names",
        "label": "Nom des boutons de taille",
        "default": "Size, Sizes, Taille, Tailles",
        "info": "Liste séparée par des virgules de noms d'options de produits à afficher sous forme de boutons de taille."
      }
    ]
  }
]