{"sections":{"collection-header":{"type":"collection-header","disabled":true,"settings":{"enable":true,"collection_image_enable":true,"parallax":true,"parallax_direction":"top"}},"index_banner_qzwqLY":{"type":"index-banner","blocks":{"banner_QMk8Cg":{"type":"banner","settings":{"pc_banner":"shopify:\/\/shop_images\/1920x500_2b06f107-3a57-4e28-81f6-bbe176d1a9e9.jpg","m_banner":"shopify:\/\/shop_images\/750x500_786d96a3-dce5-4740-ae78-843d78d43cb4.jpg","sub":"","title":"","desc":"","btn_text":"","link":""}}},"block_order":["banner_QMk8Cg"],"settings":{"head_title":""}},"promo-grid":{"type":"promo-grid","blocks":{"banner":{"type":"banner","disabled":true,"settings":{"heading":"Banner promotion","text":"Add the details of your promotion in smaller text","link":"","label":"Shop now","color_tint":"#e95454","color_tint_opacity":8,"framed":false}},"advanced":{"type":"advanced","settings":{"subheading":"","heading":"","textarea":"","cta_text1":"","cta_link1":"","cta_text2":"","cta_link2":"","image":"shopify:\/\/shop_images\/20241202-163912.jpg","video_url":"","width":"100","height":500,"text_size":130,"text_align":"vertical-center horizontal-center","color_accent":"rgba(0,0,0,0)","boxed":false,"framed":false}}},"block_order":["banner","advanced"],"disabled":true,"settings":{"full_width":true,"gutter_size":0,"space_above":false,"space_below":false,"lazyload_images":true}},"text_columns_6NfMnm":{"type":"text-columns","blocks":{"text_block_BHyWQy":{"type":"text_block","settings":{"enable_image":true,"image":"shopify:\/\/shop_images\/20241226-163254.jpg","image_mask":"none","image_width":450,"title":"","text":"","button_label":"","button_link":"https:\/\/www.glercbikes.co.uk\/collections\/7-10-years-20\/products\/glerc-20-inch-girls-bike"}},"text_block_4q7x6V":{"type":"text_block","settings":{"enable_image":true,"image":"shopify:\/\/shop_images\/20241226-163205.jpg","image_mask":"none","image_width":450,"title":"","text":"","button_label":"","button_link":"https:\/\/www.glercbikes.co.uk\/collections\/2-4-years-12\/products\/glerc-12-inch-cute-girls"}},"text_block_FDTpyz":{"type":"text_block","settings":{"enable_image":true,"image":"shopify:\/\/shop_images\/20241226-163306.jpg","image_mask":"none","image_width":450,"title":"","text":"","button_label":"","button_link":"https:\/\/www.glercbikes.co.uk\/collections\/9-13-years-24-26\/products\/glerc-24-inch-hybrid-bike-missy?variant=49426744836420"}},"text_block_rFic6k":{"type":"text_block","settings":{"enable_image":true,"image":"shopify:\/\/shop_images\/20241226-163233.jpg","image_mask":"none","image_width":450,"title":"","text":"","button_label":"","button_link":"https:\/\/www.glercbikes.co.uk\/collections\/3-5-years-14\/products\/glerc-14-inch-girls-bikes?variant=49417608659268"}},"text_block_KzdNQH":{"type":"text_block","settings":{"enable_image":true,"image":"shopify:\/\/shop_images\/20241226-163237.jpg","image_mask":"none","image_width":450,"title":"","text":"","button_label":"","button_link":"https:\/\/www.glercbikes.co.uk\/collections\/4-7-years-16\/products\/glerc-16-inch-girls-bike?variant=49417630286148"}},"text_block_gpkGmh":{"type":"text_block","settings":{"enable_image":true,"image":"shopify:\/\/shop_images\/20241226-163220.jpg","image_mask":"none","image_width":450,"title":"","text":"","button_label":"","button_link":"https:\/\/www.glercbikes.co.uk\/collections\/2-4-years-12\/products\/glerc-molly-vintage-bike-12-inch?variant=49417583198532"}},"text_block_7yRNxt":{"type":"text_block","settings":{"enable_image":true,"image":"shopify:\/\/shop_images\/20241226-163225.jpg","image_mask":"none","image_width":650,"title":"","text":"","button_label":"","button_link":"https:\/\/www.glercbikes.co.uk\/collections\/2-4-years-12\/products\/glerc-molly-vintage-bike-12-inch?variant=49417583362372"}},"text_block_EtPcmq":{"type":"text_block","settings":{"enable_image":true,"image":"shopify:\/\/shop_images\/20241226-163300.jpg","image_mask":"none","image_width":450,"title":"","text":"","button_label":"","button_link":"https:\/\/www.glercbikes.co.uk\/collections\/7-10-years-20\/products\/glerc-20-inch-girls-bike?variant=49417737240900"}}},"block_order":["text_block_BHyWQy","text_block_4q7x6V","text_block_FDTpyz","text_block_rFic6k","text_block_KzdNQH","text_block_gpkGmh","text_block_7yRNxt","text_block_EtPcmq"],"settings":{"title":"","align_text":"center","divider":false}},"main-collection":{"type":"main-collection","blocks":{"collection_description":{"type":"collection_description","settings":{}},"subcollections":{"type":"subcollections","disabled":true,"settings":{"subcollections_per_row":5}},"product_grid":{"type":"product_grid","settings":{"enable_collection_count":false,"per_row":3,"rows_per_page":4,"mobile_flush_grid":false}}},"block_order":["collection_description","subcollections","product_grid"],"disabled":true,"settings":{"enable_sidebar":true,"collapsed":true,"filter_style":"sidebar","enable_color_swatches":false,"enable_swatch_labels":true,"enable_sort":true}},"index_why_LbCPCa":{"type":"index-why","blocks":{"icon_fBxUAC":{"type":"icon","settings":{"icon":"shopify:\/\/shop_images\/20240903-142001.gif","title":"Free<br>Shipping","desc":"<p>Enjoy free shipping on all orders within the<br\/>UK, get a cost-effective shopping experience.<\/p>"}},"icon_iJnkgY":{"type":"icon","settings":{"icon":"shopify:\/\/shop_images\/20240903-141959.gif","title":"Expert<br>Customer Support","desc":"<p>For questions, Please email us at<br\/>support@glercbikes.co.uk, and we'll assist<br\/>you<\/p>"}},"icon_deVR9D":{"type":"icon","settings":{"icon":"shopify:\/\/shop_images\/20240903-141954.gif","title":"Secure<br>Payment","desc":"<p>We accept credit cards, PayPal, VISA, and<br\/>more for your convenience.<\/p>"}},"icon_RVBxkB":{"type":"icon","settings":{"icon":"shopify:\/\/shop_images\/20240903-141957.gif","title":"45 Days<br>Easy Return","desc":"<p>If there are quality issues before assembly,<br\/>return or exchange it free within 45 days<\/p>"}}},"block_order":["icon_fBxUAC","icon_iJnkgY","icon_deVR9D","icon_RVBxkB"],"settings":{"head_title":""}}},"order":["collection-header","index_banner_qzwqLY","promo-grid","text_columns_6NfMnm","main-collection","index_why_LbCPCa"]}