{"sections":{"collection-header":{"type":"collection-header","disabled":true,"settings":{"enable":true,"collection_image_enable":true,"parallax":true,"parallax_direction":"top"}},"promo-grid":{"type":"promo-grid","blocks":{"banner":{"type":"banner","disabled":true,"settings":{"heading":"Banner promotion","text":"Add the details of your promotion in smaller text","link":"","label":"Shop now","color_tint":"#e95454","color_tint_opacity":8,"framed":false}},"advanced":{"type":"advanced","settings":{"subheading":"","heading":"","textarea":"Experience speed and thrill, choose your favorite performance bike!","cta_text1":"","cta_link1":"","cta_text2":"","cta_link2":"","image":"shopify:\/\/shop_images\/1_be71a09e-9f0d-421d-a1c3-c5bf61e4fcb6.jpg","video_url":"","width":"100","height":500,"text_size":130,"text_align":"vertical-center horizontal-center","color_accent":"rgba(0,0,0,0)","boxed":false,"framed":false}}},"block_order":["banner","advanced"],"settings":{"full_width":true,"gutter_size":0,"space_above":false,"space_below":false,"lazyload_images":true}},"main-collection":{"type":"main-collection","blocks":{"collection_description":{"type":"collection_description","settings":{}},"subcollections":{"type":"subcollections","disabled":true,"settings":{"subcollections_per_row":5}},"product_grid":{"type":"product_grid","settings":{"enable_collection_count":false,"per_row":3,"rows_per_page":4,"mobile_flush_grid":false}}},"block_order":["collection_description","subcollections","product_grid"],"settings":{"enable_sidebar":true,"collapsed":true,"filter_style":"sidebar","enable_color_swatches":false,"enable_swatch_labels":true,"enable_sort":true}}},"order":["collection-header","promo-grid","main-collection"]}