{"sections":{"index_banner_ccXFF3":{"type":"index-banner","blocks":{"banner_NNMDan":{"type":"banner","settings":{"pc_banner":"shopify:\/\/shop_images\/1920x821_9257a808-e37f-49cd-b692-cbf214282143.jpg","m_banner":"shopify:\/\/shop_images\/750x1000_eaa12d18-3aad-436e-930c-b450a42b0760.jpg","sub":"","title":"","desc":"","btn_text":"","link":"shopify:\/\/collections\/sale"}}},"block_order":["banner_NNMDan"],"settings":{"head_title":""}},"featured-collection":{"type":"featured-collection","disabled":true,"settings":{"title":"Riding With Us","home_featured_products":"best-sellers","per_row":3,"rows":1,"mobile_scrollable":true,"view_all":true,"divider":false}},"tab_collection_MpadLL":{"type":"tab-collection","settings":{"title":"Riding With Us","collect_name1":"On Sale","collection1":"best-sellers","collect_name2":"Best Sellers","collection2":"new-arrivals","all_link":"shopify:\/\/collections\/all"}},"index_category_hkPzNE":{"type":"index-category","blocks":{"categroy_3wBHWW":{"type":"categroy","settings":{"image":"shopify:\/\/shop_images\/home-page.jpg","title":"","link":"shopify:\/\/collections\/girls-bikes"}},"categroy_bhL83K":{"type":"categroy","settings":{"image":"shopify:\/\/shop_images\/home-page-kids-bikes.jpg","title":"","link":"shopify:\/\/collections\/boys-bikes"}},"categroy_iRebXJ":{"type":"categroy","settings":{"image":"shopify:\/\/shop_images\/helmets01.jpg","title":"","link":"shopify:\/\/collections\/helmets"}},"categroy_7mprAx":{"type":"categroy","settings":{"image":"shopify:\/\/shop_images\/home-page-accessories.jpg","title":"","link":"shopify:\/\/collections\/accessories"}}},"block_order":["categroy_3wBHWW","categroy_bhL83K","categroy_iRebXJ","categroy_7mprAx"],"settings":{"head_title":"Explore Our Product","link":"shopify:\/\/collections\/all"}},"index_why_qznbnt":{"type":"index-why","blocks":{"icon_mWYnA6":{"type":"icon","settings":{"icon":"shopify:\/\/shop_images\/20240903-142001.gif","title":"Free<br>Shipping","desc":"<p>Enjoy free shipping on all orders within the UK, get a cost-effective shopping experience.<\/p>"}},"icon_kwnDyx":{"type":"icon","settings":{"icon":"shopify:\/\/shop_images\/20240903-141959.gif","title":"Expert <br>Customer Support","desc":"<p>For questions, Please email us at <a>support@glercbikes.co.uk<\/a>, and we’ll assist you<\/p>"}},"icon_PbnDdq":{"type":"icon","settings":{"icon":"shopify:\/\/shop_images\/20240903-141954.gif","title":"Secure <br>Payment","desc":"<p>We accept credit cards, PayPal,VISA , and more for your convenience.<\/p>"}},"icon_gpa4hA":{"type":"icon","settings":{"icon":"shopify:\/\/shop_images\/20240903-141957.gif","title":"45 Days<br>Easy Return","desc":"<p>If there are quality issues before assembly, return or exchange it free within 45 days<\/p>"}}},"block_order":["icon_mWYnA6","icon_kwnDyx","icon_PbnDdq","icon_gpa4hA"],"settings":{"head_title":"Wherever You Buy, <br>\nWe'll Take Care Of You"}},"index_text_img_aVndaE":{"type":"index-text-img","custom_css":[],"settings":{"is_img_left":false,"title":"<p>Kids' Adventure<\/p>","desc":"<p>GLERC children's bikes are designed for kids—easy to ride, with bright colors, and a focus on safety and comfort. Shop our latest children's series and let your child ride with joy!<\/p>","link":"shopify:\/\/collections\/all-bikes","link_btn":"Shop Now","image":"shopify:\/\/shop_images\/FOR-KIDS.jpg"}},"index_text_img_77Aetk":{"type":"index-text-img","settings":{"is_img_left":true,"title":"<p>Ultimate Kids' <br\/>Bike Size Guide<\/p>","desc":"<p>Choosing the perfect bike size is key to your child’s safety and comfort. Use our detailed bike sizing chart, based on height and age, to make sure you're getting the best fit. From toddler bikes to youth bikes, we've got you covered. Learn how to measure for the right size and make biking fun and easy!<\/p>","link":"shopify:\/\/pages\/kids-bike-size-guide","link_btn":"Learn More","image":"shopify:\/\/shop_images\/glercbikes-page.jpg"}},"index_text_img_3dxjmf":{"type":"index-text-img","settings":{"is_img_left":false,"title":"<p>Our Story<\/p>","desc":"<p>At Glerc, we believe every child deserves a bike that builds confidence and adventure. Our mission is to create safe, high-quality, and stylish children's bikes for every need. From balance bikes to their first pedal bike, we ensure the perfect fit for a smooth ride. <\/p>","link":"shopify:\/\/pages\/about-us","link_btn":"Learn More","image":"shopify:\/\/shop_images\/glerc-bikes-page.jpg"}},"174370119507e5fdb4":{"type":"apps","blocks":{"judge_me_reviews_featured_carousel_Qxihph":{"type":"shopify:\/\/apps\/judge-me-reviews\/blocks\/featured_carousel\/61ccd3b1-a9f2-4160-9fe9-4fec8413e5d8","settings":{"maxwidth":1080}}},"block_order":["judge_me_reviews_featured_carousel_Qxihph"],"settings":{"full_width":false,"space_around":true}},"blog_posts_aeUM4m":{"type":"blog-posts","settings":{"title":"Blog posts","blog":"news","post_limit":3,"blog_show_tags":false,"blog_show_date":true,"blog_show_comments":false,"blog_show_author":false,"view_all":true,"blog_image_size":"natural","divider":false}},"index_count_ECy4Hd":{"type":"index-count","blocks":{"count_FpY8pL":{"type":"count","settings":{"count":"11,000","unit":"+","desc":"5-Star Reviews"}},"count_cAN6mC":{"type":"count","settings":{"count":"1,500,000","unit":"+","desc":"Glerc Riders"}},"count_YV3iiL":{"type":"count","settings":{"count":"53","unit":"","desc":"Countries Across the Globe"}},"count_Ym6Mjj":{"type":"count","settings":{"count":"66,000","unit":"T+","desc":"CO₂ Reduction"}}},"block_order":["count_FpY8pL","count_cAN6mC","count_YV3iiL","count_Ym6Mjj"],"settings":{}}},"order":["index_banner_ccXFF3","featured-collection","tab_collection_MpadLL","index_category_hkPzNE","index_why_qznbnt","index_text_img_aVndaE","index_text_img_77Aetk","index_text_img_3dxjmf","174370119507e5fdb4","blog_posts_aeUM4m","index_count_ECy4Hd"]}