{"sections":{"main":{"type":"main-page","disabled":true,"settings":{}},"slideshow_C6cVQR":{"type":"slideshow","blocks":{"image_fgP9Gy":{"type":"image","settings":{"top_subheading":"","title":"Partner with GLERC","title_size":55,"subheading":"Share the link and start earning extra income! Join our affiliate program, watch your earnings skyrocket, and become a partner with GLERC. Grow with us and achieve success together!","link":"","link_text":"","link_2":"","link_text_2":"","color_accent":"rgba(0,0,0,0)","text_align":"vertical-center horizontal-center","image":"shopify:\/\/shop_images\/20240907-174147.jpg","image_mobile":"shopify:\/\/shop_images\/20240907-175208.jpg","parallax_direction":"top","overlay_opacity":0}}},"block_order":["image_fgP9Gy"],"settings":{"section_height":"550px","mobile_height":"500px","parallax":true,"style":"bars","autoplay":false,"autoplay_speed":5,"lazyload_images":true}},"rich_text_YEU8bd":{"type":"rich-text","blocks":{"heading_RVYwg6":{"type":"heading","settings":{"title":"Get Affiliated with GLERCBIKES"}}},"block_order":["heading_RVYwg6"],"settings":{"align_text":"center","narrow_column":true,"divider":false}},"text_columns_qWHmkD":{"type":"text-columns","blocks":{"text_block_yDBDBq":{"type":"text_block","settings":{"enable_image":true,"image":"shopify:\/\/shop_images\/Get1.jpg","image_mask":"none","image_width":650,"title":"","text":"","button_label":"","button_link":""}},"text_block_AaXxGp":{"type":"text_block","settings":{"enable_image":true,"image":"shopify:\/\/shop_images\/Get2.jpg","image_mask":"none","image_width":650,"title":"","text":"","button_label":"","button_link":""}},"text_block_eLkFfH":{"type":"text_block","settings":{"enable_image":true,"image":"shopify:\/\/shop_images\/Get3.jpg","image_mask":"none","image_width":650,"title":"","text":"","button_label":"","button_link":""}}},"block_order":["text_block_yDBDBq","text_block_AaXxGp","text_block_eLkFfH"],"settings":{"title":"","align_text":"center","divider":false}},"rich_text_ye9EBQ":{"type":"rich-text","blocks":{"heading_Bmkbam":{"type":"heading","settings":{"title":"Affiliate Platform"}},"text_WUw4HC":{"type":"text","settings":{"enlarge_text":true,"text":"<p>Media. Editorial publications. Bloggers. Coummunity admins. Let's join.<\/p>"}}},"block_order":["heading_Bmkbam","text_WUw4HC"],"settings":{"align_text":"center","narrow_column":true,"divider":false}},"text_columns_fqRTHY":{"type":"text-columns","blocks":{"text_block_GepheE":{"type":"text_block","settings":{"enable_image":true,"image":"shopify:\/\/shop_images\/join1.jpg","image_mask":"none","image_width":650,"title":"","text":"","button_label":"","button_link":"http:\/\/www.shareasale.com\/join\/161675"}},"text_block_8KwNdt":{"type":"text_block","settings":{"enable_image":true,"image":"shopify:\/\/shop_images\/join2.jpg","image_mask":"none","image_width":650,"title":"","text":"","button_label":"","button_link":"https:\/\/glercbikes1.goaffpro.com\/"}}},"block_order":["text_block_GepheE","text_block_8KwNdt"],"settings":{"title":"","align_text":"center","divider":false}},"slideshow_FN46gR":{"type":"slideshow","blocks":{"image_QPjXVM":{"type":"image","settings":{"top_subheading":"","title":"Still Need Help？","title_size":80,"subheading":"Want to share your creative ideas with xTool or still need help, please contact：support@glercbikes.co.uk","link":"","link_text":"","link_2":"","link_text_2":"","color_accent":"rgba(0,0,0,0)","text_align":"vertical-center horizontal-center","image":"shopify:\/\/shop_images\/get4.jpg","parallax_direction":"top","overlay_opacity":0}}},"block_order":["image_QPjXVM"],"settings":{"section_height":"450px","mobile_height":"300px","parallax":true,"style":"bars","autoplay":false,"autoplay_speed":5,"lazyload_images":true}}},"order":["main","slideshow_C6cVQR","rich_text_YEU8bd","text_columns_qWHmkD","rich_text_ye9EBQ","text_columns_fqRTHY","slideshow_FN46gR"]}