{"sections":{"main":{"type":"main-page","disabled":true,"settings":{}},"slideshow_g9czcQ":{"type":"slideshow","blocks":{"image_BBVrQq":{"type":"image","settings":{"top_subheading":"","title":"Endless\npossibilities.","title_size":80,"subheading":"Bring your brand to life","link":"","link_text":"Optional button","link_2":"","link_text_2":"","color_accent":"rgba(0,0,0,0)","text_align":"vertical-center horizontal-center","parallax_direction":"top","overlay_opacity":0}},"image_PENVXE":{"type":"image","settings":{"top_subheading":"","title":"Two line\ntitle slide.","title_size":80,"subheading":"And big, beautiful imagery","link":"","link_text":"Optional button","link_2":"","link_text_2":"","color_accent":"rgba(0,0,0,0)","text_align":"vertical-center horizontal-center","parallax_direction":"top","overlay_opacity":0}}},"block_order":["image_BBVrQq","image_PENVXE"],"settings":{"section_height":"550px","mobile_height":"400px","parallax":true,"style":"bars","autoplay":false,"autoplay_speed":5,"lazyload_images":true}}},"order":["main","slideshow_g9czcQ"]}