{"sections":{"main":{"type":"main-page","disabled":true,"settings":{}},"slideshow":{"type":"slideshow","blocks":{"slideshow-0":{"type":"image","settings":{"top_subheading":"","title":"The Story of Glerc: A Dream on Two Wheels","title_size":56,"subheading":"","link":"","link_text":"","link_2":"","link_text_2":"","color_accent":"rgba(0,0,0,0)","text_align":"vertical-center horizontal-center","image":"shopify:\/\/shop_images\/GLERCBIKESUK.jpg","image_mobile":"shopify:\/\/shop_images\/2_0ad1c42e-ee10-4283-b984-0f8aa6c917ba.jpg","parallax_direction":"top","overlay_opacity":0}}},"block_order":["slideshow-0"],"settings":{"section_height":"450px","mobile_height":"auto","parallax":true,"style":"bars","autoplay":true,"autoplay_speed":7,"lazyload_images":true}},"rich-text":{"type":"rich-text","blocks":{"heading":{"type":"heading","settings":{"title":"WHO WE ARE"}},"text_RxbKxH":{"type":"text","settings":{"enlarge_text":true,"text":"<p>It all started with a man named Sam, whose passion for bicycles and dream of creating something unique sparked a remarkable journey.<\/p>"}},"text":{"type":"text","settings":{"enlarge_text":true,"text":"<p>Glercbikes.co.uk is operated by MEMO CYCLE LTD, a company fully authorized to sell GLERC brand bikes in the UK. We proudly hold both the official brand distribution rights and legal operating licenses, while fully complying with UK tax and regulatory obligations. As the official UK extension of GLERC Bikes—following the success of our US site (<a href=\"https:\/\/www.glercbikes.com\/\" title=\"https:\/\/www.glercbikes.com\/\">glercbikes.com<\/a>) and European site (<a href=\"https:\/\/glercbikes-eu.com\/\" title=\"https:\/\/glercbikes-eu.com\/\">glercbikes-eu.com<\/a>)—we are committed to expanding GLERC’s global presence and bringing joy to families around the world through high-quality, reliable bikes.<\/p>"}},"text_iAJ9Kp":{"type":"text","settings":{"enlarge_text":true,"text":"<p>MEMO CYCLE LTD<br\/>Address: 321-323 High Road Chadwell Heath office 9529 Essex<br\/>Email: support@glercbikes.co.uk<\/p>"}}},"block_order":["heading","text_RxbKxH","text","text_iAJ9Kp"],"settings":{"align_text":"left","narrow_column":false,"divider":false}},"text_and_image_fi4zwf":{"type":"text-and-image","settings":{"image":"shopify:\/\/shop_images\/GLERC-bikes-detail-photo.jpg","image_mask":"none","image2_mask":"none","subtitle":"","title":"The Beginning: A Passion for Bikes","text":"<p>Sam's love for bicycles began in 1999 when he took his first job at a local bicycle factory.  He was young, eager, and fascinated by the art of building bikes.  Over the next decade, Sam learned every aspect of the business—from assembly to quality control.  His dedication and eye for detail set him apart, earning him a reputation as a skilled and passionate craftsman.<\/p>","button_label":"","button_link":"","button_style":"primary","align_text":"left","image_width":"50","layout":"left","divider":false,"top_padding":true,"bottom_padding":true,"lazyload_images":true}},"text_and_image_9TwHdk":{"type":"text-and-image","settings":{"image":"shopify:\/\/shop_images\/glerc-bikes-factory-photo.jpg","image_mask":"none","image2_mask":"none","subtitle":"","title":"Building the Foundation: The First Factory","text":"<p>By 2007, Sam felt ready to take a big step forward.  With years of experience under his belt, he decided to start his own factory, producing high-quality bicycles for other brands.  His commitment to quality quickly made his factory a trusted partner for top names in the cycling world.  Yet, Sam had a bigger dream—one that involved creating his own brand.<\/p>","button_label":"","button_link":"","button_style":"primary","align_text":"left","image_width":"50","layout":"right","divider":false,"top_padding":true,"bottom_padding":true,"lazyload_images":true}},"text_and_image_V6zhTN":{"type":"text-and-image","settings":{"image":"shopify:\/\/shop_images\/glerc-factory-photo.jpg","image_mask":"none","image2_mask":"none","subtitle":"","title":"The Launch of Glerc: A Brand Is Born","text":"<p>In 2019, Sam’s dream became a reality with the launch of Glerc.  He wanted to create a brand that embodied his love for cycling and commitment to craftsmanship.  Glerc was born from a simple idea: to offer bicycles that were stylish, durable, and affordable.  Each bike was crafted with precision and care, designed to provide a great ride for cyclists of all ages.<\/p>","button_label":"","button_link":"","button_style":"primary","align_text":"left","image_width":"50","layout":"left","divider":false,"top_padding":true,"bottom_padding":true,"lazyload_images":true}},"product_block_kRmzCe":{"type":"product-block","blocks":{"block_tBcj4C":{"type":"block","settings":{"img":"shopify:\/\/shop_images\/glerc-bikes-detail-photo2.jpg","title":"Timeless Vintage Aesthetic","desc":"Our bicycles are seamlessly blending beauty with functionality. Their classic designs ensure they remain stylish for years to come. Whether you're cruising on the road or exploring scenic trails, GLERC bicycles are sure to turn heads. Each bike carries a unique charm while honoring the spirit of future adventures."}},"block_8cbn7P":{"type":"block","settings":{"img":"shopify:\/\/shop_images\/glercbikes-photo2.jpg","title":"Exceptional Value","desc":"While our pricing is competitive, we never compromise on quality. GLERC bicycles offer exceptional performance and craftsmanship, ensuring you get the best bang for your buck. Each bike is thoughtfully engineered to deliver a superior riding experience and long-term investment value."}},"block_ppzi6T":{"type":"block","settings":{"img":"shopify:\/\/shop_images\/glercbikes-photo3.jpg","title":"Ergonomic design","desc":"Engineered with the rider in mind, our bicycles undergo rigorous testing for comfort and ease of use.   By incorporating real rider feedback, we continually refine each model to minimize fatigue, and guarantee a remarkable riding experience."}},"block_WLM64R":{"type":"block","settings":{"img":"shopify:\/\/shop_images\/glerc-bike-photo4.jpg","title":"Trusted Craftsmanship","desc":"We partner with renowned manufacturers with decades of expertise who are known for producing bikes for leading brands. This collaboration allows us to uphold the highest quality and craftsmanship standards, ensuring that every GLERC bicycle is durable and reliable."}},"block_9FmkN8":{"type":"block","settings":{"img":"shopify:\/\/shop_images\/photo-glerc-bikes.jpg","title":"Strengthening Family Bonds","desc":"At GLERC, we believe in more than just a great ride; we nurture family connections. We encourage parents and children to share the joy of cycling, creating cherished memories together. Every pedal stroke fosters deeper relationships, reinforcing the simple joys of being together."}}},"block_order":["block_tBcj4C","block_8cbn7P","block_ppzi6T","block_WLM64R","block_9FmkN8"],"settings":{"title":"GLERC Bicycles: Elevate Your Ride"}},"text_and_image_8xbAbz":{"type":"text-and-image","settings":{"image":"shopify:\/\/shop_images\/20_ba397b51-8b84-4fcf-981d-522e62ceb097.jpg","image_mask":"none","image2_mask":"none","subtitle":"","title":"Our Vision: Pedaling Toward a Bright Future","text":"<p>At GLERC, our vision is to empower every young rider—to experience the happy of cycling while strengthening bonds and creating lasting memories. We believe that cycling is more than just a mode of transportation; it’s a lifestyle, a passion, and a gateway to adventure. Our goal is to inspire this passion for riders across the U.S. and around the world, offering bicycles that blend timeless aesthetics with modern performance.<\/p>","button_label":"","button_link":"","button_style":"primary","align_text":"left","image_width":"50","layout":"left","divider":false,"top_padding":false,"bottom_padding":true,"lazyload_images":true}},"text_and_image_gaXEMC":{"type":"text-and-image","settings":{"image":"shopify:\/\/shop_images\/MISS-KIDS-BIKES.jpg","image_mask":"none","image2_mask":"none","subtitle":"","title":"Looking Ahead: Innovation and Growth","text":"<p>As we move forward, GLERC is committed to pushing the boundaries of innovation, continually refining our designs to meet the evolving needs of market. We aim to expand our product range, offering bikes that cater to every riding style—whether it's urban commuting, weekend adventures, or family outings. Sustainability is at the core of our future plans, and we're exploring eco-friendly materials and processes to reduce our environmental footprint, ensuring that GLERC bicycles are as kind to the planet as they are fun to ride.<\/p>","button_label":"","button_link":"","button_style":"primary","align_text":"left","image_width":"50","layout":"right","divider":false,"top_padding":false,"bottom_padding":false,"lazyload_images":true}},"text_and_image_9DTgJB":{"type":"text-and-image","settings":{"image":"shopify:\/\/shop_images\/7D172FA157A71702809C22B5970E82BA.jpg","image_mask":"none","image2_mask":"none","subtitle":"","title":"Increasing Awareness & Expanding Brand Influence","text":"<p>In the upcoming years, our goal is to establish GLERC as a well-known brand in the U.S. market, with a strong focus on both online and in-store presence. By building brand influence within the United States, we aim to further expand our reach into the global market and raise awareness of GLERC worldwie. Through strategic partnerships and exceptional customer service, we are dedicated to expanding our brand's presence while upholding our commitment to quality and craftsmanship.<\/p>","button_label":"","button_link":"","button_style":"primary","align_text":"left","image_width":"50","layout":"left","divider":false,"top_padding":true,"bottom_padding":true,"lazyload_images":true}}},"order":["main","slideshow","rich-text","text_and_image_fi4zwf","text_and_image_9TwHdk","text_and_image_V6zhTN","product_block_kRmzCe","text_and_image_8xbAbz","text_and_image_gaXEMC","text_and_image_9DTgJB"]}