{"sections":{"main":{"type":"main-page","settings":{}},"text_columns_9rxxHM":{"type":"text-columns","blocks":{"text_block_DnxMFV":{"type":"text_block","settings":{"enable_image":false,"image_mask":"none","image_width":650,"title":"","text":"","button_label":"<iframe width=\"560\" height=\"315\" src=\"https:\/\/www.youtube.com\/embed\/iII6qD4OJGI\" title=\"YouTube video player\" frameborder=\"0\" allow=\"accelerometer; autoplay; clipboard-write; encrypted-media; gyroscope; picture-in-picture; web-share\" allowfullscreen=\"\"><\/iframe><h6>Glerc Bikes Adjustment Guide For Saddle<\/h6>","button_link":""}},"text_block_MfTwFr":{"type":"text_block","settings":{"enable_image":true,"image_mask":"none","image_width":650,"title":"Example title","text":"<p>Use this section to explain a set of product features, to link to a series of pages, or to answer common questions about your products. Add images for emphasis.<\/p>","button_label":"Optional button","button_link":""}},"text_block_ikNRxd":{"type":"text_block","settings":{"enable_image":true,"image_mask":"none","image_width":650,"title":"Example title","text":"<p>Use this section to explain a set of product features, to link to a series of pages, or to answer common questions about your products. Add images for emphasis.<\/p>","button_label":"Optional button","button_link":""}}},"block_order":["text_block_DnxMFV","text_block_MfTwFr","text_block_ikNRxd"],"settings":{"title":"","align_text":"center","divider":false}},"text_with_icons_YTNUJm":{"type":"text-with-icons","blocks":{"text_block_gVikAb":{"type":"text_block","settings":{"icon":"chat","title":"Example title","text":"<p>&lt;iframe width=\"560\" height=\"315\" src=\"https:\/\/www.youtube.com\/embed\/iII6qD4OJGI\" title=\"YouTube video player\" frameborder=\"0\" allow=\"accelerometer; autoplay; clipboard-write; encrypted-media; gyroscope; picture-in-picture; web-share\" allowfullscreen=\"\"&gt;&lt;\/iframe&gt;&lt;h6&gt;Glerc Bikes Adjustment Guide For Saddle&lt;\/h6&gt;<\/p>"}},"text_block_W6hNR4":{"type":"text_block","settings":{"icon":"chat","title":"Example title","text":"<p>Use this section to explain a set of product features, to link to a series of pages, or to answer common questions about your products.<\/p>"}},"text_block_gAk4Tg":{"type":"text_block","settings":{"icon":"chat","title":"Example title","text":"<p>Use this section to explain a set of product features, to link to a series of pages, or to answer common questions about your products.<\/p>"}}},"block_order":["text_block_gVikAb","text_block_W6hNR4","text_block_gAk4Tg"],"settings":{"title":"","align_text":"center","desktop_columns_per_row":3,"icon_color":"#000000","button_label":"","button_link":"","divider":false}}},"order":["main","text_columns_9rxxHM","text_with_icons_YTNUJm"]}