{"sections":{"main":{"type":"main-page","disabled":true,"settings":{}},"rich_text_QAjAYw":{"type":"rich-text","blocks":{"heading_z4YA86":{"type":"heading","settings":{"title":"Brake Adjustment Video"}}},"block_order":["heading_z4YA86"],"settings":{"align_text":"center","narrow_column":true,"divider":false}},"multicolumn_KVyQpy":{"type":"multicolumn","blocks":{"column_RRBQgQ":{"type":"column","settings":{"image_full_width":true,"retina":true,"title":"","text":"<iframe width=\"560\" height=\"315\" src=\"https:\/\/www.youtube.com\/embed\/iII6qD4OJGI\" title=\"YouTube video player\" frameborder=\"0\" allow=\"accelerometer; autoplay; clipboard-write; encrypted-media; gyroscope; picture-in-picture; web-share\" allowfullscreen=\"\"><\/iframe><h4>Glerc Bikes Adjustment Guide For Saddle<\/h4>","link_label":"","link":""}},"column_e6jJ7m":{"type":"column","settings":{"image_full_width":false,"retina":true,"title":"","text":"<iframe width=\"560\" height=\"315\" src=\"https:\/\/www.youtube.com\/embed\/r4adQng3FvI\" title=\"YouTube video player\" frameborder=\"0\" allow=\"accelerometer; autoplay; clipboard-write; encrypted-media; gyroscope; picture-in-picture; web-share\" allowfullscreen=\"\"><\/iframe><h4>Glerc Bikes Adjustment Guide For Caliper Brake<\/h4>","link_label":"","link":""}},"column_t4ctJ3":{"type":"column","settings":{"image_full_width":false,"retina":true,"title":"","text":"<iframe width=\"560\" height=\"315\" src=\"https:\/\/www.youtube.com\/embed\/txHfRdlUriw?si=sH-2rRMPZ1e2Pucl\" title=\"YouTube video player\" frameborder=\"0\" allow=\"accelerometer; autoplay; clipboard-write; encrypted-media; gyroscope; picture-in-picture; web-share\" allowfullscreen=\"\"><\/iframe>\n<h4>Glerc Bikes Adjustment Guide For V-Brake<\/h4>","link_label":"","link":""}}},"block_order":["column_RRBQgQ","column_e6jJ7m","column_t4ctJ3"],"settings":{"heading":"","heading_left":false,"description":"","full_width":false,"display_type":"grid","image_ratio":"adapt","columns_desktop":3,"text_alignment":"center","heading_size":"h5","mobile_swipe":false,"show_progress_bar":true,"disable_top_spacing":false,"disable_bottom_spacing":true}},"rich_text_KnHH3W":{"type":"rich-text","blocks":{"heading_VdTUDE":{"type":"heading","settings":{"title":"Bicycle Assembly Video"}}},"block_order":["heading_VdTUDE"],"settings":{"align_text":"center","narrow_column":true,"divider":false}},"multicolumn_bjdfcz":{"type":"multicolumn","blocks":{"column_Ly6M86":{"type":"column","settings":{"image_full_width":true,"retina":true,"title":"","text":"<iframe width=\"560\" height=\"315\" src=\"https:\/\/www.youtube.com\/embed\/bnpXwcTeEfs\" title=\"YouTube video player\" frameborder=\"0\" allow=\"accelerometer; autoplay; clipboard-write; encrypted-media; gyroscope; picture-in-picture; web-share\" allowfullscreen=\"\"><\/iframe><h4>Glerc Bikes Assembly Guide For Kids Bike—Fantacy\n<\/h4>","link_label":"","link":""}},"column_fA9HUP":{"type":"column","settings":{"image_full_width":true,"retina":true,"title":"","text":"<iframe width=\"560\" height=\"315\" src=\"https:\/\/www.youtube.com\/embed\/wZocmu-82QE\" title=\"YouTube video player\" frameborder=\"0\" allow=\"accelerometer; autoplay; clipboard-write; encrypted-media; gyroscope; picture-in-picture; web-share\" allowfullscreen=\"\"><\/iframe>\n<h4>\nGlerc Bikes Assembly Guide For Girls Bike—Little Molly\n<\/h4>","link_label":"","link":""}},"column_Yxm8VL":{"type":"column","settings":{"image_full_width":false,"retina":true,"title":"","text":"<iframe width=\"560\" height=\"315\" src=\"https:\/\/www.youtube.com\/embed\/bqVEvjXOXM0\" title=\"YouTube video player\" frameborder=\"0\" allow=\"accelerometer; autoplay; clipboard-write; encrypted-media; gyroscope; picture-in-picture; web-share\" allowfullscreen=\"\"><\/iframe>\n<h4>\nGlerc Bikes Assembly Guide For Kids Bike—NuNu\n<\/h4>","link_label":"","link":""}},"column_r7H4Hj":{"type":"column","settings":{"image_full_width":true,"retina":true,"title":"","text":"<iframe width=\"560\" height=\"315\" src=\"https:\/\/www.youtube.com\/embed\/-H-EDuBtTzQ\" title=\"YouTube video player\" frameborder=\"0\" allow=\"accelerometer; autoplay; clipboard-write; encrypted-media; gyroscope; picture-in-picture; web-share\" allowfullscreen=\"\"><\/iframe>\n<h4>Glerc Bikes Assembly Guide For Girls Bike—Maggie<\/h4>","link_label":"","link":""}},"column_pVqFyD":{"type":"column","settings":{"image_full_width":true,"retina":true,"title":"","text":"<iframe width=\"560\" height=\"315\" src=\"https:\/\/www.youtube.com\/embed\/BzWT4ctr4Ts\" title=\"YouTube video player\" frameborder=\"0\" allow=\"accelerometer; autoplay; clipboard-write; encrypted-media; gyroscope; picture-in-picture; web-share\" allowfullscreen=\"\"><\/iframe>\n<h4>Glerc Bikes Assembly Guide For Girls Bike—Sunday<\/h4>","link_label":"","link":""}},"column_3e8CzN":{"type":"column","settings":{"image_full_width":true,"retina":true,"title":"","text":"<iframe width=\"560\" height=\"315\" src=\"https:\/\/www.youtube.com\/embed\/hPJvDk_fErk\" title=\"YouTube video player\" frameborder=\"0\" allow=\"accelerometer; autoplay; clipboard-write; encrypted-media; gyroscope; picture-in-picture; web-share\" allowfullscreen=\"\"><\/iframe><h4>Glerc Bikes Assembly Guide For Girls Bike—Little Miss<\/h4>","link_label":"","link":""}},"column_D6dRPt":{"type":"column","settings":{"image_full_width":true,"retina":true,"title":"","text":"<iframe width=\"560\" height=\"315\" src=\"https:\/\/www.youtube.com\/embed\/vC4hL0Sb0Qs\" title=\"YouTube video player\" frameborder=\"0\" allow=\"accelerometer; autoplay; clipboard-write; encrypted-media; gyroscope; picture-in-picture; web-share\" allowfullscreen=\"\"><\/iframe>\n<h4>Glerc Bikes Assembly Guide For Kids BMX Bike—Pongo<\/h4>","link_label":"","link":""}},"column_VNUtGw":{"type":"column","settings":{"image_full_width":true,"retina":true,"title":"","text":"<iframe width=\"560\" height=\"315\" src=\"https:\/\/www.youtube.com\/embed\/MNSlsF-RLUc\" title=\"YouTube video player\" frameborder=\"0\" allow=\"accelerometer; autoplay; clipboard-write; encrypted-media; gyroscope; picture-in-picture; web-share\" allowfullscreen=\"\"><\/iframe>\n<h4>Glerc Bikes Assembly Guide For Hybrid Bicycle—Meteor\n<\/h4>","link_label":"","link":""}},"column_tkLc67":{"type":"column","settings":{"image_full_width":true,"retina":true,"title":"","text":"<iframe width=\"560\" height=\"315\" src=\"https:\/\/www.youtube.com\/embed\/qEkh_LhC1G8?si=RZmW9oJBld6rM89f\" title=\"YouTube video player\" frameborder=\"0\" allow=\"accelerometer; autoplay; clipboard-write; encrypted-media; gyroscope; picture-in-picture; web-share\" referrerpolicy=\"strict-origin-when-cross-origin\" allowfullscreen=\"\"><\/iframe>\n<h4>Glerc Bikes Assembly Guide For 24'' Hybrid Bike-Missy\n<\/h4>","link_label":"","link":""}},"column_MrTcNq":{"type":"column","settings":{"image_full_width":true,"retina":true,"title":"","text":"<iframe width=\"560\" height=\"315\" src=\"https:\/\/www.youtube.com\/embed\/NcdhDEJgQag?si=y9_zrTaq1HAXkub1\" title=\"YouTube video player\" frameborder=\"0\" allow=\"accelerometer; autoplay; clipboard-write; encrypted-media; gyroscope; picture-in-picture; web-share\" allowfullscreen=\"\"><\/iframe><h6>Glerc Bikes Assembly Guide For Kids Mountain Bike—Govet<\/h6>","link_label":"","link":""}},"column_RmFePe":{"type":"column","settings":{"image_full_width":true,"retina":true,"title":"","text":"<iframe width=\"560\" height=\"315\" src=\"https:\/\/www.youtube.com\/embed\/xw-3pqhCw4g?si=SCw9wCTZowcu5tqk\" title=\"YouTube video player\" frameborder=\"0\" allow=\"accelerometer; autoplay; clipboard-write; encrypted-media; gyroscope; picture-in-picture; web-share\" allowfullscreen=\"\"><\/iframe><h4>Glerc Bikes Assembly Guide For Cruiser Hybrid Bike—Astrid\n<\/h4>","link_label":"","link":""}},"column_rJUTWW":{"type":"column","settings":{"image_full_width":true,"retina":true,"title":"","text":"<iframe width=\"560\" height=\"315\" src=\"https:\/\/www.youtube.com\/embed\/hkrQlJOHtZg?si=7aNcowhgKZpdvK41\" title=\"YouTube video player\" frameborder=\"0\" allow=\"accelerometer; autoplay; clipboard-write; encrypted-media; gyroscope; picture-in-picture; web-share\" allowfullscreen=\"\"><\/iframe><h4>Glerc Bikes Assembly Guide For Electric Bike—Astrid E+\n<\/h4>","link_label":"","link":""}}},"block_order":["column_Ly6M86","column_fA9HUP","column_Yxm8VL","column_r7H4Hj","column_pVqFyD","column_3e8CzN","column_D6dRPt","column_VNUtGw","column_tkLc67","column_MrTcNq","column_RmFePe","column_rJUTWW"],"settings":{"heading":"","heading_left":false,"description":"","full_width":false,"display_type":"grid","image_ratio":"adapt","columns_desktop":3,"text_alignment":"center","heading_size":"h5","mobile_swipe":false,"show_progress_bar":true,"disable_top_spacing":false,"disable_bottom_spacing":false}}},"order":["main","rich_text_QAjAYw","multicolumn_KVyQpy","rich_text_KnHH3W","multicolumn_bjdfcz"]}