{"sections":{"main":{"type":"main-page","settings":{}},"1736834211dc32fbdc":{"type":"apps","blocks":{"hulk_form_builder_form_block_6gKyMP":{"type":"shopify:\/\/apps\/hulk-form-builder\/blocks\/form-block\/b6b8dd14-356b-4725-a4ed-77232212b3c3","settings":{"form_uuid":"Wiyysp8FX_lA7mrJLjXi3Q","form_settings":true,"font_color":"#000000","size":16,"input_background_color":"#ffffff","input_background_color_focus":"#f4dada","input_border_radius":1,"input_border_color":"#ebe9e9","input_border_color_focus":"#2d2727","input_font_color":"#3d3131","input_size":16,"border_color":"#121212","border_radius":2,"border":1,"fill_color":"#e6e6e6","padding":35,"form_width":910,"btn_text":"Submit","sub_btn_txt_color":"#f3f3f3","sub_btn_bg_color":"#3f3333","sub_btn_font_size":18,"sub_btn_bdr_color":"#ffffff","sub_btn_bdr_rad":3,"sub_btn_bdr_width":1,"fonts":"Times New Roman"}}},"block_order":["hulk_form_builder_form_block_6gKyMP"],"settings":{"full_width":true,"space_around":false}}},"order":["main","1736834211dc32fbdc"]}