{"sections":{"main":{"type":"main-page","disabled":true,"settings":{}},"rich-text":{"type":"rich-text","blocks":{"heading":{"type":"heading","settings":{"title":"CONTACT US"}},"text":{"type":"text","settings":{"enlarge_text":true,"text":"<p><em><strong>If you have any issues with your bike, please contact us with the full details, including your order number and pictures to illustrate the issue. Please note we will need to verify the nature of the issue; if this is not possible to verify remotely, normally the easiest way is by assessment at a local bike shop.<\/strong><\/em><\/p><p><em><strong>CONTACT EMAIL:support@glercbikes.co.uk<\/strong><\/em><\/p>"}}},"block_order":["heading","text"],"settings":{"align_text":"center","narrow_column":true,"divider":false}},"171290636942b63d41":{"type":"apps","blocks":{"hulk_form_builder_form_block_48azLU":{"type":"shopify:\/\/apps\/hulk-form-builder\/blocks\/form-block\/b6b8dd14-356b-4725-a4ed-77232212b3c3","settings":{"form_uuid":"giWzGfRrE-WesPjUi64o0w","form_settings":true,"font_color":"#000000","size":14,"input_background_color":"#ffffff","input_background_color_focus":"#f4dada","input_border_radius":1,"input_border_color":"#ebe9e9","input_border_color_focus":"#2d2727","input_font_color":"#3d3131","input_size":14,"border_color":"#121212","border_radius":2,"border":1,"fill_color":"#ebe9e9","padding":35,"form_width":600,"btn_text":"Submit","sub_btn_txt_color":"#f3f3f3","sub_btn_bg_color":"#3f3333","sub_btn_font_size":14,"sub_btn_bdr_color":"#ffffff","sub_btn_bdr_rad":3,"sub_btn_bdr_width":1,"fonts":"Times New Roman"}}},"block_order":["hulk_form_builder_form_block_48azLU"],"settings":{"full_width":false,"space_around":true}},"rich_text_i6ChMW":{"type":"rich-text","blocks":{"heading_ntrGRh":{"type":"heading","settings":{"title":"JINHE SPRING CO., LTD."}},"text_bpqmfk":{"type":"text","settings":{"enlarge_text":true,"text":"<p>Wangjiazhai Natural Village, Douyan Village, Paitou Town, Zhuji City, Zhejiang Province<\/p>"}}},"block_order":["heading_ntrGRh","text_bpqmfk"],"disabled":true,"settings":{"align_text":"center","narrow_column":true,"divider":false}}},"order":["main","rich-text","171290636942b63d41","rich_text_i6ChMW"]}