{"sections":{"main":{"type":"main-page","disabled":true,"settings":{}},"rich_text_Dz9Xr3":{"type":"rich-text","blocks":{"heading_bPRaed":{"type":"heading","settings":{"title":"Glerc Bikes Suggested Size Chart"}},"text_XzGPBk":{"type":"text","settings":{"enlarge_text":false,"text":"<p><strong>Important Notes:<\/strong><br\/>1. When choosing a bike, it is recommended to prioritize measuring the child’s inside leg length, as this determines whether they can comfortably reach the ground.<br\/>2. The above is a general guideline. Parents should adjust the saddle height and handlebar angle based on the child’s individual needs.<\/p>"}}},"block_order":["heading_bPRaed","text_XzGPBk"],"disabled":true,"settings":{"align_text":"center","narrow_column":true,"divider":false}},"page_size_FKNMeh":{"type":"page-size","blocks":{"type_rLxAPK":{"type":"type","settings":{"typeName":"12\" Wheels Bike","subtitle":"(32-40 Inch)","range":"[32, 40]","bg_color":"#cdfff3","collection":"32-40-in"}},"type_NebxUm":{"type":"type","settings":{"typeName":"14\" Wheels Bike","subtitle":"(36-44 Inch)","range":"[36, 44]","bg_color":"#bd9ad0","collection":"36-42-in"}},"type_zxXFGx":{"type":"type","settings":{"typeName":"16\" Wheels Bike","subtitle":"(40-48 Inch)","range":"[40, 48]","bg_color":"#ff9b8d","collection":"40-48-in"}},"type_b9Ux9t":{"type":"type","settings":{"typeName":"18\" Wheels Bike","subtitle":"(44-52 Inch)","range":"[44, 52]","bg_color":"#ffc350","collection":"44-52-in"}},"type_GyVFR3":{"type":"type","settings":{"typeName":"20\" Wheels Bike","subtitle":"(48-56 Inch)","range":"[48, 56]","bg_color":"#fec3b5","collection":"48-60-in"}},"type_Qr7BHL":{"type":"type","settings":{"typeName":"24\" Wheels Bike","subtitle":"(54-62 Inch)","range":"[54, 62]","bg_color":"#cdfff3","collection":"54-62-in"}}},"block_order":["type_rLxAPK","type_NebxUm","type_zxXFGx","type_b9Ux9t","type_GyVFR3","type_Qr7BHL"],"settings":{"title":"Glerc Bikes Suggested Size Chart","desc":"<p><strong>Important Notes:<\/strong><br\/>1. When selecting a bike, it's recommended to prioritize measuring your child's inseam, as this ensures they can comfortably touch the ground. Glerc bikes in 12\", 14\", 16\", and 18\" sizes come with removable stabilisers, providing extra stability and confidence for your child.<br\/>2. The above is a general guideline. Parents should adjust the saddle height and handlebar angle based on the child’s individual needs.<\/p>","sub":"","link":""}},"faq_HbAj89":{"type":"faq","blocks":{"question_caD9Ne":{"type":"question","settings":{"title":"How do I choose the right bike size for my child?","text":"<p>To find the perfect size, measure your child’s height. Then, match those measurements with our size chart for the best fit. Our chart provides recommended ages, heights, and wheel sizes to guide you.<\/p>"}},"question_GY3pR9":{"type":"question","settings":{"title":"Can the bike be adjusted as my child grows?","text":"<p>Yes! All of our bikes feature adjustable seats and handlebars to accommodate growth, providing several years of use.<\/p>"}},"question_kyynHk":{"type":"question","settings":{"title":"How accurate is the size chart?","text":"<p><strong>Note: The size chart above is a general guideline. Actual dimensions may vary by model. Please refer to each model's size chart. <\/strong><\/p><p>While most bikes follow similar sizing, small differences can occur. Also, if your child is at the maximum or minimum height for a certain size bike. He\/She could use a bike of this size, but it might not be very comfortable. It is recommended that you choose a larger or smaller size.<\/p>"}}},"block_order":["question_caD9Ne","question_GY3pR9","question_kyynHk"],"settings":{"title":"FAQs"}},"rich_text_HKYkga":{"type":"rich-text","blocks":{"heading_M9JyLb":{"type":"heading","settings":{"title":"Still Not Sure?"}},"text_yKcJpk":{"type":"text","settings":{"enlarge_text":true,"text":"<p>Email our customer service at: <a href=\"\/pages\/contact-us\" title=\"Contact Us\">support@glercbikes.co.uk<\/a><\/p>"}}},"block_order":["heading_M9JyLb","text_yKcJpk"],"settings":{"align_text":"center","narrow_column":true,"divider":false}}},"order":["main","rich_text_Dz9Xr3","page_size_FKNMeh","faq_HbAj89","rich_text_HKYkga"]}