{"sections":{"main":{"type":"main-product","blocks":{"price":{"type":"price","settings":{}},"discunts_ALAgNP":{"type":"discunts","disabled":true,"settings":{}},"separator":{"type":"separator","settings":{}},"variant_picker":{"type":"variant_picker","settings":{"variant_labels":true,"picker_type":"button","product_dynamic_variants_enable":true,"color_swatches":true}},"inventory_status":{"type":"inventory_status","settings":{"inventory_threshold":10,"inventory_transfers_enable":true}},"buy_buttons":{"type":"buy_buttons","settings":{"show_dynamic_checkout":true,"surface_pickup_enable":true,"show_gift_card_recipient":false}},"selleasy_lb_upsell_addon_block_QaXUqf":{"type":"shopify:\/\/apps\/selleasy\/blocks\/lb-upsell-addon-block\/790c1a03-a71f-4bc1-9869-00dad526d3c2","settings":{}},"tab_LPaBW3":{"type":"tab","settings":{"title":"Top Features","content":"<ul><li>Sturdy Hi-Ten Steel Frame<\/li><li>Front & rear hand brake<\/li><li>Adjustable Saddle<\/li><li>Removable Stabilisers<\/li><li>Durable 2.4 inch Wide Tires<\/li><li>Necessary Tool Kit Included<\/li><li>Easy to Assemble<\/li><\/ul>","page":""}},"description":{"type":"description","settings":{"is_tab":true}},"tab":{"type":"tab","settings":{"title":"Shipping information","content":"<p><\/p><p><\/p>","page":"shipping-policy-preview"}},"tab_66g4gb":{"type":"tab","settings":{"title":"Return Information","content":"","page":"return-refund-policy-preview"}},"tab_WJ4yTc":{"type":"tab","settings":{"title":"What's In The Box?","content":"<ul><li>Bell<\/li><li>Training Wheel<\/li><\/ul>","page":""}},"contact_t8CYgd":{"type":"contact","settings":{"title":"Ask a question","phone":false}}},"block_order":["price","discunts_ALAgNP","separator","variant_picker","inventory_status","buy_buttons","selleasy_lb_upsell_addon_block_QaXUqf","tab_LPaBW3","description","tab","tab_66g4gb","tab_WJ4yTc","contact_t8CYgd"],"settings":{"sku_enable":false,"image_position":"left","image_size":"large","product_zoom_enable":true,"thumbnail_position":"below","thumbnail_height":"fixed","thumbnail_arrows":true,"mobile_layout":"full","enable_video_looping":true,"product_video_style":"muted"}},"product_block_keGMCa":{"type":"product-block","blocks":{"block_WdHM3J":{"type":"block","settings":{"img":"shopify:\/\/shop_images\/18.jpg","title":"lamannabros (3Yrs)--34”Height--12\"Blue","desc":"Nothing like a sunny day and a bike ride to make memories! We found hidden paths and made new friends along the way!"}},"block_jk97Wb":{"type":"block","settings":{"img":"shopify:\/\/shop_images\/16.jpg","title":"sulamita(4Yrs)--42\"Height--14\"Pink","desc":"Adventure awaits on two wheels! Whether it's a sunny day or a breezy afternoon, every ride turns into an unforgettable journey filled with laughter and joy!"}},"block_BUL9Cy":{"type":"block","settings":{"img":"shopify:\/\/shop_images\/20_ba397b51-8b84-4fcf-981d-522e62ceb097.jpg","title":"Jessica Myrose(6Yrs)--46\"Height--16\"Black","desc":"Caught this smile while we were cruising! Biking is the perfect way to spend quality time and enjoy nature!"}}},"block_order":["block_WdHM3J","block_jk97Wb","block_BUL9Cy"],"disabled":true,"settings":{"title":"A real-life rendition of Fantacy"}},"sub":{"type":"product-full-width","settings":{"max_width":true}},"text_and_image_QcYDdT":{"type":"text-and-image","settings":{"image":"shopify:\/\/shop_images\/0Q9A3533.jpg","image_mask":"none","image2_mask":"none","subtitle":"","title":"Durable Wide Tires","text":"<p><br\/>Featuring 2.4-inch wide tires, this bicycle offers enhanced grip and stability, making it ideal for navigating sandy or muddy roads in urban settings.<br\/><br\/><\/p>","button_label":"","button_link":"","button_style":"primary","align_text":"left","image_width":"50","layout":"right","divider":false,"top_padding":true,"bottom_padding":true,"lazyload_images":true}},"text_and_image_69XkLx":{"type":"text-and-image","settings":{"image":"shopify:\/\/shop_images\/0Q9A3530.jpg","image_mask":"none","image2_mask":"none","subtitle":"","title":"Enclosed chain guard","text":"<p><br\/>Built with family adventures in mind, the fully enclosed chain guard keeps curious little hands safe from the chain and their clothes neat and clean—so you can focus on the joy of the ride, not the mess. <br\/><\/p>","button_label":"","button_link":"","button_style":"primary","align_text":"left","image_width":"50","layout":"left","divider":false,"top_padding":true,"bottom_padding":true,"lazyload_images":true}},"text_and_image_J8tir6":{"type":"text-and-image","settings":{"image":"shopify:\/\/shop_images\/IMG_9576_jpg_0258b46c-0609-4dba-9983-95ad55fd8afb.jpg","image_mask":"none","image2_mask":"none","subtitle":"","title":"Ajustable Seat ","text":"<p><br\/>Customize the saddle to your perfect height for optimal comfort and control, making each ride smoother and easier to navigate with a simple adjustment.<br\/><\/p>","button_label":"","button_link":"","button_style":"primary","align_text":"left","image_width":"50","layout":"right","divider":false,"top_padding":true,"bottom_padding":true,"lazyload_images":true}},"product_desc_8mwmAG":{"type":"product-desc","blocks":{"desc_P3MwfY":{"type":"desc","settings":{"hao":"","title":"Bike type","desc":"‎Kids Bike","hover_class":""}},"desc_K3zHWA":{"type":"desc","settings":{"hao":"","title":"Brake type","desc":"Front & rear hand brake","hover_class":""}},"desc_xtkyFG":{"type":"desc","settings":{"hao":"","title":"Style","desc":"12 Inch with Stabilisers","hover_class":""}},"desc_gneEmh":{"type":"desc","settings":{"hao":"","title":"Brand","desc":"AVASTA","hover_class":""}},"desc_mcJ3Wd":{"type":"desc","settings":{"hao":"","title":"Weight","desc":"17lbs","hover_class":""}},"desc_BtFc8c":{"type":"desc","settings":{"hao":"","title":"Frame material","desc":"Carbon steel","hover_class":""}},"desc_fp8bqX":{"type":"desc","settings":{"hao":"","title":"Number of speeds","desc":"1","hover_class":""}},"desc_TUkriR":{"type":"desc","settings":{"hao":"","title":"Skill level","desc":"Beginner","hover_class":""}},"desc_9Y6XYR":{"type":"desc","settings":{"hao":"","title":"Wheel size","desc":"12 Inches","hover_class":""}},"desc_nUdB6z":{"type":"desc","settings":{"hao":"","title":"Power source","desc":"Pedal power","hover_class":""}},"desc_R34kNy":{"type":"desc","settings":{"hao":"","title":"Manufacturer","desc":"AVASTA","hover_class":""}},"desc_8M3nyi":{"type":"desc","settings":{"hao":"","title":"Tire valve types","desc":"Schrader valve","hover_class":""}}},"block_order":["desc_P3MwfY","desc_K3zHWA","desc_xtkyFG","desc_gneEmh","desc_mcJ3Wd","desc_BtFc8c","desc_fp8bqX","desc_TUkriR","desc_9Y6XYR","desc_nUdB6z","desc_R34kNy","desc_8M3nyi"],"settings":{"title":"Bicycle specifications","type":"2","link":"","tt":"","desc":"","svg":""}},"product_desc_M3VKrD":{"type":"product-desc","blocks":{"desc_Th3VKk":{"type":"desc","settings":{"img":"shopify:\/\/shop_images\/676ac2203ec23635c2d417e2ef2e46dc.jpg","hao":"","title":"","desc":"","hover_class":""}}},"block_order":["desc_Th3VKk"],"settings":{"title":"Size Chart","type":"1","link":"","tt":"","desc":"","svg":""}},"product-recommendations":{"type":"product-recommendations","disabled":true,"settings":{"product_recommendations_heading":"You may also like","related_count":4,"products_per_row":4}},"recently-viewed":{"type":"recently-viewed","settings":{"recent_count":5}},"collection-return":{"type":"collection-return","settings":{}}},"order":["main","product_block_keGMCa","sub","text_and_image_QcYDdT","text_and_image_69XkLx","text_and_image_J8tir6","product_desc_8mwmAG","product_desc_M3VKrD","product-recommendations","recently-viewed","collection-return"]}