{"sections":{"main":{"type":"main-product","blocks":{"price":{"type":"price","settings":{}},"judge_me_reviews_preview_badge_XLUwda":{"type":"shopify:\/\/apps\/judge-me-reviews\/blocks\/preview_badge\/61ccd3b1-a9f2-4160-9fe9-4fec8413e5d8","settings":{}},"separator":{"type":"separator","settings":{}},"variant_picker":{"type":"variant_picker","settings":{"variant_labels":true,"picker_type":"button","product_dynamic_variants_enable":false,"color_swatches":true}},"sales_point":{"type":"sales_point","settings":{"icon":"truck","text":"Free shipping in UK"}},"inventory_status":{"type":"inventory_status","settings":{"inventory_threshold":10,"inventory_transfers_enable":true}},"buy_buttons":{"type":"buy_buttons","settings":{"show_dynamic_checkout":true,"surface_pickup_enable":true,"show_gift_card_recipient":false}},"selleasy_lb_upsell_addon_block_gC3iMg":{"type":"shopify:\/\/apps\/selleasy\/blocks\/lb-upsell-addon-block\/790c1a03-a71f-4bc1-9869-00dad526d3c2","settings":{}},"gsc_countdown_timer_countdown_KRYCtK":{"type":"shopify:\/\/apps\/gsc-countdown-timer\/blocks\/countdown\/58dc5b1b-43d2-4209-b1f3-52aff31643ed","settings":{"widget_id":"GSC-SMALL-TufYhuFtuasD"}},"tab_CzdRJ7":{"type":"tab","settings":{"title":"Top Features","content":"<ul><li>Sturdy Hi-Ten Steel Frame<\/li><li>Front & rear hand brake<\/li><li>Adjustable Saddle<\/li><li>Removable Stabilisers<\/li><li>Durable 2.4 inch Wide Tires<\/li><li>Necessary Tool Kit Included<\/li><li>Easy to Assemble<\/li><\/ul>","page":""}},"description":{"type":"description","settings":{"is_tab":true}},"tab":{"type":"tab","settings":{"title":"Shipping information","content":"","page":"shipping-policy-preview"}},"tab_mChHxJ":{"type":"tab","settings":{"title":"Return information","content":"","page":"return-refund-policy-preview"}},"tab_6m6qKF":{"type":"tab","settings":{"title":"What's in the box?","content":"<ul><li>Bell<\/li><li>Training Wheel<\/li><\/ul>","page":""}},"contact":{"type":"contact","settings":{"title":"Ask a question","phone":false}}},"block_order":["price","judge_me_reviews_preview_badge_XLUwda","separator","variant_picker","sales_point","inventory_status","buy_buttons","selleasy_lb_upsell_addon_block_gC3iMg","gsc_countdown_timer_countdown_KRYCtK","tab_CzdRJ7","description","tab","tab_mChHxJ","tab_6m6qKF","contact"],"settings":{"sku_enable":false,"image_position":"left","image_size":"large","product_zoom_enable":true,"thumbnail_position":"below","thumbnail_height":"flexible","thumbnail_arrows":false,"mobile_layout":"full","enable_video_looping":true,"product_video_style":"muted"}},"product_block_X493KA":{"type":"product-block","blocks":{"block_R8HYGY":{"type":"block","settings":{"img":"shopify:\/\/shop_images\/glerc-bikes-1015.jpg","title":"Willow(2Yrs)--33\" Height--12\"Pink","desc":"It's amazing that my little princess is growing up so fast that she could ride bike. I believed that she liked Little molly, so she rode it for a long time. The brakes and training wheels gave her a sense of security."}},"block_XyKz4V":{"type":"block","settings":{"img":"shopify:\/\/shop_images\/glerc-bikes-1015_1.jpg","title":"stamped_by_india_(4Yrs)--39\" Height--14\"Yellow","desc":"Little Molly is so cute, everyone wanted to know where it came from.When it comes to outdoor activities, of course safety first, but comfort and feeling confident in what you are wearing makes all the difference."}},"block_73RnUw":{"type":"block","settings":{"img":"shopify:\/\/shop_images\/glerc-girls-bikes_2.jpg","title":"Kennedy(5Yrs)--46\" Height--16\"Peach","desc":"Kennedy is busy mastering her first big girl bike, turning every pedal into her own stylish adventure. Who knew riding a bike could be such a fashion statement?! She‘s obsessing with her Little Molly-it matches her vibe flawlessly."}},"block_LDeDVr":{"type":"block","settings":{"img":"shopify:\/\/shop_images\/glerc-bikes-girls-1015.jpg","title":"su_amelie_belle(6Yrs)--47\" Height--18\"Mint Green","desc":"My little princess is loving her bike.So stylish, girly and beautiful! Little Molly are the sweetest!!Riding into Spring in the cutest bike. Received many compliment at the park!"}}},"block_order":["block_R8HYGY","block_XyKz4V","block_73RnUw","block_LDeDVr"],"disabled":true,"settings":{"title":"A real-life rendition of Little Molly"}},"text_and_image_cdAXyx":{"type":"text-and-image","settings":{"image":"shopify:\/\/shop_images\/IMG_3944_2_007dbde1-b209-4375-ab40-68f6b137d798.jpg","image_mask":"square","image2_mask":"none","subtitle":"","title":"Durable Wide Tires","text":"<p>Featuring 2.4-inch wide tires, this bicycle offers enhanced grip and stability, making it ideal for navigating sandy or muddy roads in urban settings.<\/p>","button_label":"","button_link":"","button_style":"primary","align_text":"left","image_width":"50","layout":"right","divider":false,"top_padding":false,"bottom_padding":true,"lazyload_images":true}},"text_and_image_iAXabd":{"type":"text-and-image","settings":{"image":"shopify:\/\/shop_images\/IMG_4102_2.jpg","image_mask":"square","image2_mask":"none","subtitle":"","title":"Enclosed chain guard","text":"<p>Built with family adventures in mind, the fully enclosed chain guard keeps curious little hands safe from the chain and their clothes neat and clean—so you can focus on the joy of the ride, not the mess. <\/p>","button_label":"","button_link":"","button_style":"primary","align_text":"left","image_width":"50","layout":"left","divider":false,"top_padding":false,"bottom_padding":true,"lazyload_images":true}},"text_and_image_egnQJk":{"type":"text-and-image","settings":{"image":"shopify:\/\/shop_images\/IMG_4028_2.jpg","image_mask":"square","image2_mask":"none","subtitle":"","title":"Ajustable Seat ","text":"<p>Customize the saddle to your perfect height for optimal comfort and control, making each ride smoother and easier to navigate with a simple adjustment.<\/p>","button_label":"","button_link":"","button_style":"primary","align_text":"left","image_width":"50","layout":"right","divider":false,"top_padding":false,"bottom_padding":true,"lazyload_images":true}},"product_desc_cMrCPz":{"type":"product-desc","blocks":{"desc_EFXdpH":{"type":"desc","settings":{"hao":"","title":"Bike type","desc":"‎Kids Bike","hover_class":""}},"desc_pbeqtY":{"type":"desc","settings":{"hao":"","title":"Brake type","desc":"‎Coaster","hover_class":""}},"desc_GA8cfV":{"type":"desc","settings":{"hao":"","title":"Style","desc":"‎16 Inch with Stabilisers & Kickstand","hover_class":""}},"desc_RqAX4A":{"type":"desc","settings":{"hao":"","title":"Weight","desc":"22 lbs","hover_class":""}},"desc_bPaV6t":{"type":"desc","settings":{"hao":"","title":"Frame material","desc":"Carbon steel","hover_class":""}},"desc_rkPNq6":{"type":"desc","settings":{"hao":"","title":"Power source","desc":"‎Pedal power","hover_class":""}},"desc_Kb7K8g":{"type":"desc","settings":{"hao":"","title":"Skill level","desc":"Beginner","hover_class":""}},"desc_H84zNp":{"type":"desc","settings":{"hao":"","title":"Brand","desc":"‎AVASTA","hover_class":""}},"desc_3dMqMU":{"type":"desc","settings":{"hao":"","title":"Number of speeds","desc":"1","hover_class":""}},"desc_LyDQzF":{"type":"desc","settings":{"hao":"","title":"Included components","desc":"Training Wheel, Kickstand, Bell","hover_class":""}},"desc_QAphyF":{"type":"desc","settings":{"hao":"","title":"Suspension","desc":"Rigid","hover_class":""}}},"block_order":["desc_EFXdpH","desc_pbeqtY","desc_GA8cfV","desc_RqAX4A","desc_bPaV6t","desc_rkPNq6","desc_Kb7K8g","desc_H84zNp","desc_3dMqMU","desc_LyDQzF","desc_QAphyF"],"settings":{"title":"Bicycle specifications","type":"2","link":"","tt":"","desc":"","svg":""}},"product_desc_FynUg7":{"type":"product-desc","blocks":{"desc_KNg7VB":{"type":"desc","settings":{"img":"shopify:\/\/shop_images\/676ac2203ec23635c2d417e2ef2e46dc.jpg","hao":"","title":"","desc":"","hover_class":""}}},"block_order":["desc_KNg7VB"],"settings":{"title":"Size Chart","type":"1","link":"","tt":"","desc":"","svg":""}},"featured_video_CcNfd6":{"type":"featured-video","disabled":true,"settings":{"title":"","video_url":"https:\/\/www.youtube.com\/watch?v=kBb6l3_1kpY","divider":false}},"17343322060b2eb892":{"type":"apps","blocks":{"specification_compare_comparison_table_FCzQq4":{"type":"shopify:\/\/apps\/spec-compare\/blocks\/comparison-table\/a9d09772-f36d-4539-a4c4-7bd785bc12c0","settings":{"product":"{{product}}","product_list":[],"fallback_to_related_products":false,"exclude_sold_out_products":false,"enable_show_differences_switch":false,"differences_switch_mode":"highlight_differences","show_variant_selector":false,"show_group_names":true,"maximum_rows":10,"maximum_visible_products":5,"show_in_modal":false,"modal_trigger_button_text":"","app_block_margin":0,"app_block_max_width":"full_width","app_block_custom_max_width":800,"show_product_image":true,"show_product_vendor":false,"show_product_price":true,"show_product_rating":true,"show_view_details_button":true,"enable_ai_analysis":false}}},"block_order":["specification_compare_comparison_table_FCzQq4"],"settings":{"full_width":false,"space_around":true}},"1733212179629b4051":{"type":"apps","blocks":{"judge_me_reviews_review_widget_M3TqWN":{"type":"shopify:\/\/apps\/judge-me-reviews\/blocks\/review_widget\/61ccd3b1-a9f2-4160-9fe9-4fec8413e5d8","settings":{}}},"block_order":["judge_me_reviews_review_widget_M3TqWN"],"settings":{"full_width":false,"space_around":true}},"index_why_hWNNnm":{"type":"index-why","blocks":{"icon_z33Fra":{"type":"icon","settings":{"icon":"shopify:\/\/shop_images\/20240903-142001.gif","title":"Free <br>Shipping","desc":"<p>Enjoy free shipping on all orders within the UK, get a cost-effective shopping experience.<\/p>"}},"icon_cfTWN8":{"type":"icon","settings":{"icon":"shopify:\/\/shop_images\/20240903-141959.gif","title":"Expert <br>Customer Support","desc":"<p>For questions, Please email us at <a>support@glercbikes.co.uk<\/a>, and we’ll assist you<\/p>"}},"icon_VDwtH7":{"type":"icon","settings":{"icon":"shopify:\/\/shop_images\/20240903-141954.gif","title":"Secure <br>Payment","desc":"<p>We accept credit cards, PayPal,VISA , and more for your convenience.<\/p>"}},"icon_nN36mw":{"type":"icon","settings":{"icon":"shopify:\/\/shop_images\/20240903-141957.gif","title":"45 Days<br>Easy Return","desc":"<p>If there are quality issues before assembly, return or exchange it free within 45 days<\/p>"}}},"block_order":["icon_z33Fra","icon_cfTWN8","icon_VDwtH7","icon_nN36mw"],"settings":{"head_title":""}},"sub":{"type":"product-full-width","disabled":true,"settings":{"max_width":true}},"faq":{"type":"faq","blocks":{"faq-0":{"type":"question","settings":{"title":"Frequently asked question","text":"<p>Use this text to answer questions in as much detail as possible for your customers.<\/p>"}},"faq-1":{"type":"question","settings":{"title":"Frequently asked question","text":"<p>Use this text to answer questions in as much detail as possible for your customers.<\/p>"}},"faq-2":{"type":"question","settings":{"title":"Frequently asked question","text":"<p>Use this text to answer questions in as much detail as possible for your customers.<\/p>"}}},"block_order":["faq-0","faq-1","faq-2"],"disabled":true,"settings":{"title":"FAQs"}},"product-recommendations":{"type":"product-recommendations","disabled":true,"settings":{"product_recommendations_heading":"You may also like","related_count":4,"products_per_row":2}},"recently-viewed":{"type":"recently-viewed","settings":{"recent_count":5}},"collection-return":{"type":"collection-return","settings":{}}},"order":["main","product_block_X493KA","text_and_image_cdAXyx","text_and_image_iAXabd","text_and_image_egnQJk","product_desc_cMrCPz","product_desc_FynUg7","featured_video_CcNfd6","17343322060b2eb892","1733212179629b4051","index_why_hWNNnm","sub","faq","product-recommendations","recently-viewed","collection-return"]}