{"sections":{"main":{"type":"main-product","blocks":{"price":{"type":"price","settings":{}},"discunts_ALAgNP":{"type":"discunts","disabled":true,"settings":{}},"separator":{"type":"separator","settings":{}},"variant_picker":{"type":"variant_picker","settings":{"variant_labels":true,"picker_type":"button","product_dynamic_variants_enable":true,"color_swatches":true}},"inventory_status":{"type":"inventory_status","settings":{"inventory_threshold":10,"inventory_transfers_enable":true}},"buy_buttons":{"type":"buy_buttons","settings":{"show_dynamic_checkout":true,"surface_pickup_enable":true,"show_gift_card_recipient":false}},"selleasy_lb_upsell_addon_block_RhFEjm":{"type":"shopify:\/\/apps\/selleasy\/blocks\/lb-upsell-addon-block\/790c1a03-a71f-4bc1-9869-00dad526d3c2","settings":{}},"tab_kicrLK":{"type":"tab","settings":{"title":"Top Feature","content":"<ul><li>Brushed Aluminium Frame<\/li><li>Front and rear v-brakes<\/li><li>Adjustable Seat<\/li><li>Belt Drivetrain<\/li><li>Narrow Q-Factor Crankset<\/li><li>Kickstand and training wheels sold separately<\/li><\/ul>","page":""}},"description":{"type":"description","settings":{"is_tab":true}},"tab":{"type":"tab","settings":{"title":"Shipping information","content":"<p><\/p><p><\/p>","page":"shipping-policy-preview"}},"tab_66g4gb":{"type":"tab","settings":{"title":"Return information","content":"","page":"return-refund-policy-preview"}},"contact_tdRxQX":{"type":"contact","settings":{"title":"Ask a question","phone":false}},"gsc_countdown_timer_countdown_U8Y647":{"type":"shopify:\/\/apps\/gsc-countdown-timer\/blocks\/countdown\/58dc5b1b-43d2-4209-b1f3-52aff31643ed","settings":{"widget_id":""}}},"block_order":["price","discunts_ALAgNP","separator","variant_picker","inventory_status","buy_buttons","selleasy_lb_upsell_addon_block_RhFEjm","tab_kicrLK","description","tab","tab_66g4gb","contact_tdRxQX","gsc_countdown_timer_countdown_U8Y647"],"settings":{"sku_enable":false,"image_position":"left","image_size":"large","product_zoom_enable":true,"thumbnail_position":"below","thumbnail_height":"flexible","thumbnail_arrows":true,"mobile_layout":"full","enable_video_looping":true,"product_video_style":"muted"}},"product_block_keGMCa":{"type":"product-block","blocks":{"block_WdHM3J":{"type":"block","settings":{"img":"shopify:\/\/shop_images\/18.jpg","title":"lamannabros (3Yrs)--34”Height--12\"Blue","desc":"Nothing like a sunny day and a bike ride to make memories! We found hidden paths and made new friends along the way!"}},"block_jk97Wb":{"type":"block","settings":{"img":"shopify:\/\/shop_images\/16.jpg","title":"sulamita(4Yrs)--42\"Height--14\"Pink","desc":"Adventure awaits on two wheels! Whether it's a sunny day or a breezy afternoon, every ride turns into an unforgettable journey filled with laughter and joy!"}},"block_BUL9Cy":{"type":"block","settings":{"img":"shopify:\/\/shop_images\/20_ba397b51-8b84-4fcf-981d-522e62ceb097.jpg","title":"Jessica Myrose(6Yrs)--46\"Height--16\"Black","desc":"Caught this smile while we were cruising! Biking is the perfect way to spend quality time and enjoy nature!"}}},"block_order":["block_WdHM3J","block_jk97Wb","block_BUL9Cy"],"disabled":true,"settings":{"title":"A real-life rendition of Fantacy"}},"sub":{"type":"product-full-width","settings":{"max_width":true}},"product-recommendations":{"type":"product-recommendations","disabled":true,"settings":{"product_recommendations_heading":"You may also like","related_count":4,"products_per_row":4}},"recently-viewed":{"type":"recently-viewed","settings":{"recent_count":5}},"collection-return":{"type":"collection-return","settings":{}}},"order":["main","product_block_keGMCa","sub","product-recommendations","recently-viewed","collection-return"]}