{"sections":{"main":{"type":"main-product","blocks":{"price":{"type":"price","settings":{}},"separator":{"type":"separator","settings":{}},"variant_picker":{"type":"variant_picker","settings":{"variant_labels":true,"picker_type":"button","product_dynamic_variants_enable":false,"color_swatches":true}},"sales_point":{"type":"sales_point","settings":{"icon":"truck","text":"Free shipping in UK"}},"inventory_status":{"type":"inventory_status","settings":{"inventory_threshold":10,"inventory_transfers_enable":true}},"buy_buttons":{"type":"buy_buttons","settings":{"show_dynamic_checkout":true,"surface_pickup_enable":true,"show_gift_card_recipient":false}},"description":{"type":"description","settings":{"is_tab":true}},"tab":{"type":"tab","settings":{"title":"Shipping information","content":"<p>Use collapsible tabs for more detailed information that will help customers make a purchasing decision.<\/p><p>Ex: Shipping and return policies, size guides, and other common questions.<\/p>","page":""}},"contact":{"type":"contact","settings":{"title":"Ask a question","phone":false}}},"block_order":["price","separator","variant_picker","sales_point","inventory_status","buy_buttons","description","tab","contact"],"settings":{"sku_enable":false,"image_position":"left","image_size":"large","product_zoom_enable":true,"thumbnail_position":"below","thumbnail_height":"flexible","thumbnail_arrows":false,"mobile_layout":"full","enable_video_looping":true,"product_video_style":"muted"}},"slideshow":{"type":"slideshow","blocks":{"slideshow-0":{"type":"image","settings":{"top_subheading":"","title":"","title_size":80,"subheading":"","link":"","link_text":"","link_2":"","link_text_2":"","color_accent":"rgba(0,0,0,0)","text_align":"vertical-center horizontal-center","image":"shopify:\/\/shop_images\/1_be71a09e-9f0d-421d-a1c3-c5bf61e4fcb6.jpg","image_mobile":"shopify:\/\/shop_images\/2_0ad1c42e-ee10-4283-b984-0f8aa6c917ba.jpg","parallax_direction":"top","overlay_opacity":0}},"image_iwJ4q4":{"type":"image","settings":{"top_subheading":"","title":"","title_size":80,"subheading":"","link":"","link_text":"","link_2":"","link_text_2":"","color_accent":"rgba(0,0,0,0)","text_align":"vertical-center horizontal-center","image":"shopify:\/\/shop_images\/1_e30ff661-132d-4ff3-b3fc-4c0cb94478a5.jpg","image_mobile":"shopify:\/\/shop_images\/2_e46810f5-3567-4b9d-a138-187331aa24d5.jpg","parallax_direction":"top","overlay_opacity":0}}},"block_order":["slideshow-0","image_iwJ4q4"],"settings":{"section_height":"550px","mobile_height":"auto","parallax":false,"style":"bars","autoplay":true,"autoplay_speed":5,"lazyload_images":true}},"text-and-image":{"type":"text-and-image","settings":{"image_mask":"none","image2_mask":"none","subtitle":"","title":"Image with text","text":"<p>Pair large text with an image to tell a story, explain a detail about your product, or describe a new promotion.<\/p>","button_label":"","button_link":"","button_style":"primary","align_text":"left","image_width":"50","layout":"right","divider":false,"top_padding":true,"bottom_padding":true,"lazyload_images":true}},"text-and-image2":{"type":"text-and-image","settings":{"image_mask":"none","image2_mask":"none","subtitle":"","title":"Image with text","text":"<p>Pair large text with an image to tell a story, explain a detail about your product, or describe a new promotion.<\/p>","button_label":"","button_link":"","button_style":"primary","align_text":"left","image_width":"50","layout":"left","divider":false,"top_padding":true,"bottom_padding":true,"lazyload_images":true}},"sub":{"type":"product-full-width","disabled":true,"settings":{"max_width":true}},"faq":{"type":"faq","blocks":{"faq-0":{"type":"question","settings":{"title":"Frequently asked question","text":"<p>Use this text to answer questions in as much detail as possible for your customers.<\/p>"}},"faq-1":{"type":"question","settings":{"title":"Frequently asked question","text":"<p>Use this text to answer questions in as much detail as possible for your customers.<\/p>"}},"faq-2":{"type":"question","settings":{"title":"Frequently asked question","text":"<p>Use this text to answer questions in as much detail as possible for your customers.<\/p>"}}},"block_order":["faq-0","faq-1","faq-2"],"settings":{"title":"FAQs"}},"hero-video":{"type":"hero-video","settings":{"title":"Bring your\nbrand to life.","title_size":80,"subheading":"Seamless hero videos","link_text":"Optional button","link":"","color_accent":"rgba(0,0,0,0)","text_align":"vertical-center horizontal-center","video_url":"https:\/\/www.youtube.com\/watch?v=_9VUPq3SxOc","overlay_opacity":0,"section_height":"650px","mobile_height":"auto"}},"product-recommendations":{"type":"product-recommendations","disabled":true,"settings":{"product_recommendations_heading":"You may also like","related_count":4,"products_per_row":2}},"recently-viewed":{"type":"recently-viewed","settings":{"recent_count":5}},"collection-return":{"type":"collection-return","settings":{}}},"order":["main","slideshow","text-and-image","text-and-image2","sub","faq","hero-video","product-recommendations","recently-viewed","collection-return"]}