{"sections":{"main":{"type":"main-product","blocks":{"description":{"type":"description","settings":{"is_tab":false}},"separator":{"type":"separator","settings":{}},"variant_picker":{"type":"variant_picker","settings":{"variant_labels":true,"picker_type":"button","product_dynamic_variants_enable":true,"color_swatches":false}},"buy_buttons":{"type":"buy_buttons","settings":{"show_dynamic_checkout":true,"surface_pickup_enable":true,"show_gift_card_recipient":false}},"share":{"type":"share","settings":{}}},"block_order":["description","separator","variant_picker","buy_buttons","share"],"settings":{"sku_enable":false,"image_position":"left","image_size":"medium","product_zoom_enable":true,"thumbnail_position":"below","thumbnail_height":"flexible","thumbnail_arrows":false,"mobile_layout":"partial","enable_video_looping":true,"product_video_style":"muted"}},"sub":{"type":"product-full-width","disabled":true,"settings":{"max_width":true}},"recently-viewed":{"type":"recently-viewed","disabled":true,"settings":{"recent_count":5}}},"order":["main","sub","recently-viewed"]}