{"sections":{"main":{"type":"main-product","blocks":{"price":{"type":"price","settings":{}},"separator":{"type":"separator","settings":{}},"variant_picker":{"type":"variant_picker","settings":{"variant_labels":true,"picker_type":"button","product_dynamic_variants_enable":false,"color_swatches":true}},"sales_point":{"type":"sales_point","settings":{"icon":"truck","text":"Free shipping in UK"}},"inventory_status":{"type":"inventory_status","settings":{"inventory_threshold":10,"inventory_transfers_enable":true}},"buy_buttons":{"type":"buy_buttons","settings":{"show_dynamic_checkout":false,"surface_pickup_enable":true,"show_gift_card_recipient":false}},"description":{"type":"description","settings":{"is_tab":true}},"tab":{"type":"tab","settings":{"title":"Shipping information","content":"","page":"shipping-policy-preview"}},"tab_LJRHey":{"type":"tab","settings":{"title":"Return and Refund","content":"","page":"return-refund-policy-preview"}},"contact":{"type":"contact","settings":{"title":"Ask a question","phone":false}}},"block_order":["price","separator","variant_picker","sales_point","inventory_status","buy_buttons","description","tab","tab_LJRHey","contact"],"settings":{"sku_enable":false,"image_position":"left","image_size":"large","product_zoom_enable":true,"thumbnail_position":"below","thumbnail_height":"flexible","thumbnail_arrows":false,"mobile_layout":"full","enable_video_looping":true,"product_video_style":"muted"}},"product_block_X493KA":{"type":"product-block","blocks":{"block_R8HYGY":{"type":"block","settings":{"img":"shopify:\/\/shop_images\/glerc-bikes-1015.jpg","title":"Willow(2Yrs)--33\" Height--12\"Pink","desc":"It's amazing that my little princess is growing up so fast that she could ride bike. I believed that she liked Little molly, so she rode it for a long time. The brakes and training wheels gave her a sense of security."}},"block_XyKz4V":{"type":"block","settings":{"img":"shopify:\/\/shop_images\/glerc-bikes-1015_1.jpg","title":"stamped_by_india_(4Yrs)--39\" Height--14\"Yellow","desc":"Little Molly is so cute, everyone wanted to know where it came from.When it comes to outdoor activities, of course safety first, but comfort and feeling confident in what you are wearing makes all the difference."}},"block_73RnUw":{"type":"block","settings":{"img":"shopify:\/\/shop_images\/glerc-girls-bikes_2.jpg","title":"Kennedy(5Yrs)--46\" Height--16\"Peach","desc":"Kennedy is busy mastering her first big girl bike, turning every pedal into her own stylish adventure. Who knew riding a bike could be such a fashion statement?! She‘s obsessing with her Little Molly-it matches her vibe flawlessly."}},"block_LDeDVr":{"type":"block","settings":{"img":"shopify:\/\/shop_images\/glerc-bikes-girls-1015.jpg","title":"su_amelie_belle(6Yrs)--47\" Height--18\"Mint Green","desc":"My little princess is loving her bike.So stylish, girly and beautiful! Little Molly are the sweetest!!Riding into Spring in the cutest bike. Received many compliment at the park!"}}},"block_order":["block_R8HYGY","block_XyKz4V","block_73RnUw","block_LDeDVr"],"disabled":true,"settings":{"title":"A real-life rendition of Little Molly"}},"text_and_image_cdAXyx":{"type":"text-and-image","settings":{"image":"shopify:\/\/shop_images\/maggie-16_1.jpg","image_mask":"square","image2_mask":"none","subtitle":"","title":"Cute and Riding","text":"<p>If your child likes cute dolls, then Maggie is even more indispensable. Maggie has a doll seat on the back and a basket on the front, which is very suitable for riding with your own doll and leaving cute traces.<\/p>","button_label":"","button_link":"","button_style":"primary","align_text":"left","image_width":"50","layout":"right","divider":false,"top_padding":false,"bottom_padding":true,"lazyload_images":true}},"text_and_image_iAXabd":{"type":"text-and-image","settings":{"image":"shopify:\/\/shop_images\/maggie-16_3.jpg","image_mask":"none","image2_mask":"none","subtitle":"","title":"Comfortable Riding","text":"<p>Designed for young riders, our bikes offer a smooth and comfortable ride. The ergonomic saddle and handlebars ensure proper posture, reducing strain and enhancing the overall experience.<\/p>","button_label":"","button_link":"","button_style":"primary","align_text":"left","image_width":"50","layout":"left","divider":false,"top_padding":false,"bottom_padding":true,"lazyload_images":true}},"text_and_image_egnQJk":{"type":"text-and-image","settings":{"image":"shopify:\/\/shop_images\/maggie-16_2.jpg","image_mask":"square","image2_mask":"none","subtitle":"","title":"Safe and Sturdy","text":"<p>Safety is our top priority. our bikes have been tested by TÜV SÜD, and all components meet children's safety standards. Our bicycles are consistently manufactured in accordance with safety standards.<\/p>","button_label":"","button_link":"","button_style":"primary","align_text":"left","image_width":"50","layout":"right","divider":false,"top_padding":false,"bottom_padding":false,"lazyload_images":true}},"product_desc_cMrCPz":{"type":"product-desc","blocks":{"desc_bPaV6t":{"type":"desc","settings":{"hao":"","title":"Frame","desc":"Steel","hover_class":""}},"desc_cgQVjg":{"type":"desc","settings":{"hao":"","title":"Stem","desc":"Aluminum , Quill","hover_class":""}},"desc_phY88U":{"type":"desc","settings":{"hao":"","title":"Handlebar","desc":"Steel , Height adjustable","hover_class":""}},"desc_6y9pkU":{"type":"desc","settings":{"hao":"","title":"Seat","desc":"Glerc comfort, quick release","hover_class":""}},"desc_c4Cg3X":{"type":"desc","settings":{"hao":"","title":"Brakes type","desc":"V-brake\/coast brake","hover_class":""}},"desc_WmEdGb":{"type":"desc","settings":{"hao":"","title":"Brake lever","desc":"Aluminum","hover_class":""}},"desc_kDwa9q":{"type":"desc","settings":{"hao":"","title":"Wheelset","desc":"Aluminum","hover_class":""}},"desc_3dMqMU":{"type":"desc","settings":{"hao":"","title":"Gears","desc":"1","hover_class":""}},"desc_WKhXYb":{"type":"desc","settings":{"hao":"","title":"Trainning wheels","desc":"12,14,16 inch bikes","hover_class":""}},"desc_FqQCtr":{"type":"desc","settings":{"hao":"","title":"Kickstand","desc":"16 Inch bikes","hover_class":""}},"desc_LyDQzF":{"type":"desc","settings":{"hao":"","title":"Extras","desc":"Bell, Basket, Doll bike seat, Stickers included","hover_class":""}}},"block_order":["desc_bPaV6t","desc_cgQVjg","desc_phY88U","desc_6y9pkU","desc_c4Cg3X","desc_WmEdGb","desc_kDwa9q","desc_3dMqMU","desc_WKhXYb","desc_FqQCtr","desc_LyDQzF"],"settings":{"title":"Product Details","type":"2","link":"","tt":"","desc":"","svg":""}},"product_desc_FynUg7":{"type":"product-desc","blocks":{"desc_KNg7VB":{"type":"desc","settings":{"img":"shopify:\/\/shop_images\/f7d7c897f798fc44c391847188c3ac79_11811af4-5b89-4fae-a025-8fcc145301c9.jpg","hao":"","title":"","desc":"","hover_class":""}}},"block_order":["desc_KNg7VB"],"settings":{"title":"Size Chart","type":"1","link":"","tt":"","desc":"","svg":""}},"featured_video_gzcdyr":{"type":"featured-video","settings":{"title":"Maggie Video","video_url":"https:\/\/www.youtube.com\/watch?v=oaErcH_BsgU","divider":false}},"index_why_hWNNnm":{"type":"index-why","blocks":{"icon_z33Fra":{"type":"icon","settings":{"icon":"shopify:\/\/shop_images\/20240903-142001.gif","title":"Free <br>Shipping","desc":"<p>Enjoy free shipping on all orders within the UK, get a cost-effective shopping experience.<\/p>"}},"icon_cfTWN8":{"type":"icon","settings":{"icon":"shopify:\/\/shop_images\/20240903-141959.gif","title":"Expert Customer Support","desc":"<p>For questions, Please email us at <a>support@glercbikes.co.uk<\/a>, and we’ll assist you<\/p>"}},"icon_VDwtH7":{"type":"icon","settings":{"icon":"shopify:\/\/shop_images\/20240903-141954.gif","title":"Secure <br>Payment","desc":"<p>We accept credit cards, PayPal,VISA , and more for your convenience.<\/p>"}},"icon_nN36mw":{"type":"icon","settings":{"icon":"shopify:\/\/shop_images\/20240903-141957.gif","title":"45 Days<br>Easy Return","desc":"<p>If there are quality issues before assembly, return or exchange it free within 45 days<\/p>"}}},"block_order":["icon_z33Fra","icon_cfTWN8","icon_VDwtH7","icon_nN36mw"],"settings":{"head_title":""}},"sub":{"type":"product-full-width","disabled":true,"settings":{"max_width":true}},"faq":{"type":"faq","blocks":{"faq-0":{"type":"question","settings":{"title":"Frequently asked question","text":"<p>Use this text to answer questions in as much detail as possible for your customers.<\/p>"}},"faq-1":{"type":"question","settings":{"title":"Frequently asked question","text":"<p>Use this text to answer questions in as much detail as possible for your customers.<\/p>"}},"faq-2":{"type":"question","settings":{"title":"Frequently asked question","text":"<p>Use this text to answer questions in as much detail as possible for your customers.<\/p>"}}},"block_order":["faq-0","faq-1","faq-2"],"disabled":true,"settings":{"title":"FAQs"}},"product-recommendations":{"type":"product-recommendations","disabled":true,"settings":{"product_recommendations_heading":"You may also like","related_count":4,"products_per_row":2}},"recently-viewed":{"type":"recently-viewed","settings":{"recent_count":5}},"collection-return":{"type":"collection-return","settings":{}}},"order":["main","product_block_X493KA","text_and_image_cdAXyx","text_and_image_iAXabd","text_and_image_egnQJk","product_desc_cMrCPz","product_desc_FynUg7","featured_video_gzcdyr","index_why_hWNNnm","sub","faq","product-recommendations","recently-viewed","collection-return"]}