{"sections":{"main":{"type":"main-product","blocks":{"price":{"type":"price","settings":{}},"judge_me_reviews_preview_badge_gJPtW3":{"type":"shopify:\/\/apps\/judge-me-reviews\/blocks\/preview_badge\/61ccd3b1-a9f2-4160-9fe9-4fec8413e5d8","settings":{}},"discunts_pbCpJU":{"type":"discunts","settings":{}},"separator":{"type":"separator","settings":{}},"variant_picker":{"type":"variant_picker","settings":{"variant_labels":true,"picker_type":"button","product_dynamic_variants_enable":false,"color_swatches":true}},"sales_point":{"type":"sales_point","settings":{"icon":"truck","text":"Free shipping in UK"}},"inventory_status":{"type":"inventory_status","settings":{"inventory_threshold":10,"inventory_transfers_enable":true}},"separator_Nx6tY7":{"type":"separator","settings":{}},"buy_buttons":{"type":"buy_buttons","settings":{"show_dynamic_checkout":true,"surface_pickup_enable":true,"show_gift_card_recipient":false}},"gsc_countdown_timer_countdown_kkCETk":{"type":"shopify:\/\/apps\/gsc-countdown-timer\/blocks\/countdown\/58dc5b1b-43d2-4209-b1f3-52aff31643ed","settings":{"widget_id":"GSC-SMALL-TufYhuFtuasD"}},"selleasy_lb_upsell_addon_block_Mrczi8":{"type":"shopify:\/\/apps\/selleasy\/blocks\/lb-upsell-addon-block\/790c1a03-a71f-4bc1-9869-00dad526d3c2","settings":{}},"tab_dNzcnB":{"type":"tab","settings":{"title":"Top Features","content":"<ul><li>Durable Hi-Ten Steel Frame<\/li><li>Back Coast Brake & Front Brake<\/li><li>Removable Training Wheels<\/li><li>Adjustable Quick-release Seat<\/li><li>Adjustable Handlebar<\/li><li>Fully Enclosed Chainguards<\/li><li>Bell & Reflectors<\/li><li>Cute Basket<\/li><li>Free DIY stickers<\/li><\/ul>","page":""}},"description":{"type":"description","settings":{"is_tab":true}},"tab":{"type":"tab","settings":{"title":"Shipping information","content":"","page":"shipping-policy-preview"}},"tab_b34q8G":{"type":"tab","settings":{"title":"Return information","content":"","page":"return-refund-policy-preview"}},"tab_BqthBB":{"type":"tab","settings":{"title":"What's in the box?","content":"<p>Bike,Stabilisers, Basket, Mudguard, Reflectors, Tool Kit, Bell, Sticker<\/p>","page":""}},"contact_HXeCmd":{"type":"contact","settings":{"title":"Ask a question","phone":false}}},"block_order":["price","judge_me_reviews_preview_badge_gJPtW3","discunts_pbCpJU","separator","variant_picker","sales_point","inventory_status","separator_Nx6tY7","buy_buttons","gsc_countdown_timer_countdown_kkCETk","selleasy_lb_upsell_addon_block_Mrczi8","tab_dNzcnB","description","tab","tab_b34q8G","tab_BqthBB","contact_HXeCmd"],"settings":{"sku_enable":false,"image_position":"left","image_size":"large","product_zoom_enable":true,"thumbnail_position":"below","thumbnail_height":"flexible","thumbnail_arrows":false,"mobile_layout":"full","enable_video_looping":true,"product_video_style":"muted"}},"scrolling_images_dtfNRN":{"type":"scrolling-images","blocks":{"image_E3N8CF":{"type":"image","settings":{"image":"shopify:\/\/shop_images\/1_3.jpg","link":"","heading":"Heading","text":"<p>Add description text here.<\/p>"}},"image_Y6BBdw":{"type":"image","settings":{"image":"shopify:\/\/shop_images\/1_c7094ab8-8d16-44a9-961c-8e91d5b3976e.jpg","link":"","heading":"Heading","text":"<p>Add description text here.<\/p>"}},"image_Twr7p6":{"type":"image","settings":{"image":"shopify:\/\/shop_images\/1_4.jpg","link":"","heading":"Heading","text":"<p>Add description text here.<\/p>"}},"image_KHTQr8":{"type":"image","settings":{"image":"shopify:\/\/shop_images\/1_11_4b5c7caa-7453-46e9-bd1b-560339c77bb4.jpg","link":"","heading":"Heading","text":"<p>Add description text here.<\/p>"}},"image_JApmKc":{"type":"image","settings":{"image":"shopify:\/\/shop_images\/1_12_57366b24-6178-454d-8571-f8b6d25f9748.jpg","link":"","heading":"Heading","text":"<p>Add description text here.<\/p>"}}},"block_order":["image_E3N8CF","image_Y6BBdw","image_Twr7p6","image_KHTQr8","image_JApmKc"],"settings":{"image_ratio":"adapt","column_spacing":"small","image_alignment":"top","direction":"left","speed":"20s","disable_top_spacing":false,"disable_bottom_spacing":false}},"product_why_T83rm4":{"type":"Product-Why","blocks":{"faq_zj6Q3G":{"type":"faq","settings":{"video":"shopify:\/\/files\/videos\/1012jiaosha.mp4","question":"Kid-Friendly Design","answer":"Equipped with short-reach brake levers and a low step-over height, ensuring a natural and comfortable riding posture for kids"}},"faq_zRDWAf":{"type":"faq","settings":{"video":"shopify:\/\/files\/videos\/1012chejiashow.mp4","question":"Ultra-durable steel frame","answer":"High-strength durability: Built with a high-quality Hi-Ten steel frame, this bike is sturdy and long-lasting, ensuring safe and stable rides."}},"faq_eAAhYb":{"type":"faq","settings":{"video":"shopify:\/\/files\/videos\/1012kuaichaianzhuang.mp4","question":"Adjustable & Growth-Ready Bike","answer":"Adjustable Seat and Handlebars: Allow the bike to adapt as your child grows, providing years of companionship."}},"faq_UrBFyF":{"type":"faq","settings":{"video":"shopify:\/\/files\/videos\/1012shousha.mp4","question":"Kids' Hand Brakes Design","answer":"Teaching kids how to use hand brakes from an early age encourages proper cycling habits, helping them develop skills they’ll need as they grow into more advanced riders."}},"faq_MhrWdH":{"type":"faq","settings":{"video":"shopify:\/\/files\/videos\/1012wawa.mp4","question":"Doll Basket","answer":"The doll basket allows kids to bring their favorite toys along on bike rides. By safely placing their dolls in the basket, children learn to take care of them, helping to develop responsibility and organizational skills during their rides."}},"faq_pftNnh":{"type":"faq","settings":{"video":"shopify:\/\/files\/videos\/1012tiezhi.mp4","question":"Free DIY Stickers","answer":"Comes with free DIY stickers, allowing kids to personalize their bike and enjoy the creative experience of customizing it to their taste."}}},"block_order":["faq_zj6Q3G","faq_zRDWAf","faq_eAAhYb","faq_UrBFyF","faq_MhrWdH","faq_pftNnh"],"settings":{"title":"Why Kids Love Glerc Maggie"}},"product_block_X493KA":{"type":"product-block","blocks":{"block_R8HYGY":{"type":"block","settings":{"img":"shopify:\/\/shop_images\/Maggie-12.jpg","title":"2Yrs-- 36\" Height--12\"","desc":"Adventure time with our favorite Glerc Bike! We’re loving every moment outdoors, and now you can too!<br>@Jamieintherockies"}},"block_XyKz4V":{"type":"block","settings":{"img":"shopify:\/\/shop_images\/Maggie-14.jpg","title":"4Yrs--42” Height--14\"","desc":"Did you have a favorite bike when you were a kid? I have a feeling this one from Glerc bikes will be she’s favorite!<br>@jermsmiechowski"}},"block_73RnUw":{"type":"block","settings":{"img":"shopify:\/\/shop_images\/Maggie-16.jpg","title":"6Yrs--43” Height--16\"","desc":"My child laughs with joy every time we ride. The bike is stable and safe, making kids feel secure. <br>@lizzy_teran"}}},"block_order":["block_R8HYGY","block_XyKz4V","block_73RnUw"],"settings":{"title":"A real-life rendition of Little Molly"}},"text_and_image_cdAXyx":{"type":"text-and-image","disabled":true,"settings":{"image":"shopify:\/\/shop_images\/glerc-bikes_1.jpg","image_mask":"square","image2_mask":"none","subtitle":"","title":"Cute and Riding","text":"<p>If your child likes cute dolls, then Maggie is even more indispensable. Maggie has a doll seat on the back and a basket on the front, which is very suitable for riding with your own doll and leaving cute traces.<\/p>","button_label":"","button_link":"","button_style":"primary","align_text":"left","image_width":"50","layout":"right","divider":false,"top_padding":true,"bottom_padding":true,"lazyload_images":true}},"text_and_image_iAXabd":{"type":"text-and-image","disabled":true,"settings":{"image":"shopify:\/\/shop_images\/glerc-bikes_3.jpg","image_mask":"none","image2_mask":"none","subtitle":"","title":"Comfortable Riding","text":"<p>Designed for young riders, our bikes offer a smooth and comfortable ride. The ergonomic saddle and handlebars ensure proper posture, reducing strain and enhancing the overall experience.<\/p>","button_label":"","button_link":"","button_style":"primary","align_text":"left","image_width":"50","layout":"left","divider":false,"top_padding":false,"bottom_padding":true,"lazyload_images":true}},"text_and_image_egnQJk":{"type":"text-and-image","disabled":true,"settings":{"image":"shopify:\/\/shop_images\/glerc-bikes_2.jpg","image_mask":"square","image2_mask":"none","subtitle":"","title":"Safe and Sturdy","text":"<p>Safety is our top priority. our bikes have been tested by TÜV SÜD, and all components meet children's safety standards. Our bicycles are consistently manufactured in accordance with safety standards.<\/p>","button_label":"","button_link":"","button_style":"primary","align_text":"left","image_width":"50","layout":"right","divider":false,"top_padding":false,"bottom_padding":true,"lazyload_images":true}},"product_desc_cMrCPz":{"type":"product-desc","blocks":{"desc_3Aynt3":{"type":"desc","settings":{"hao":"","title":"Age range","desc":"‎Kid","hover_class":""}},"desc_B3m9xB":{"type":"desc","settings":{"hao":"","title":"Bike type","desc":"‎Kids Bike","hover_class":""}},"desc_n8nfk6":{"type":"desc","settings":{"hao":"","title":"Brake type","desc":"Disc Brake","hover_class":""}},"desc_w94VNe":{"type":"desc","settings":{"hao":"","title":"Brand","desc":"Glerc","hover_class":""}},"desc_jFQR7U":{"type":"desc","settings":{"hao":"","title":"Style","desc":"‎14 Inch With Stabilisers","hover_class":""}},"desc_bPaV6t":{"type":"desc","settings":{"hao":"","title":"Frame material","desc":"‎High Carbon Steel","hover_class":""}},"desc_9mr9WT":{"type":"desc","settings":{"hao":"","title":"Weight","desc":"21.8 lbs","hover_class":""}},"desc_jw7awt":{"type":"desc","settings":{"hao":"","title":"Material type","desc":"‎Carbon Steel","hover_class":""}},"desc_KCiYaz":{"type":"desc","settings":{"hao":"","title":"Number of speeds","desc":"1","hover_class":""}},"desc_FnyBUy":{"type":"desc","settings":{"hao":"","title":"Skill level","desc":"‎Beginner","hover_class":""}},"desc_kyrbN7":{"type":"desc","settings":{"hao":"","title":"Features","desc":"‎Adjustable Handlebars, Adjustable Seat, Basket","hover_class":""}},"desc_GjpCBJ":{"type":"desc","settings":{"hao":"","title":"Tire valve types","desc":"Schrader valve","hover_class":""}}},"block_order":["desc_3Aynt3","desc_B3m9xB","desc_n8nfk6","desc_w94VNe","desc_jFQR7U","desc_bPaV6t","desc_9mr9WT","desc_jw7awt","desc_KCiYaz","desc_FnyBUy","desc_kyrbN7","desc_GjpCBJ"],"settings":{"title":"Bicycle specifications","type":"2","link":"","tt":"","desc":"","svg":""}},"product_desc_FynUg7":{"type":"product-desc","blocks":{"desc_KNg7VB":{"type":"desc","settings":{"img":"shopify:\/\/shop_images\/f7d7c897f798fc44c391847188c3ac79_11811af4-5b89-4fae-a025-8fcc145301c9.jpg","hao":"","title":"","desc":"","hover_class":""}}},"block_order":["desc_KNg7VB"],"settings":{"title":"Size Chart","type":"1","link":"","tt":"","desc":"","svg":""}},"featured_video_gzcdyr":{"type":"featured-video","settings":{"title":"Maggie Video","video_url":"https:\/\/www.youtube.com\/watch?v=oaErcH_BsgU","divider":false}},"faq_custom_iWm7aT":{"type":"faq-custom","blocks":{"faq_7cezbg":{"type":"faq","settings":{"question":"<p>Will this bike come with a doll seat?<\/p>","answer":"<p>Yes, please note that the plastic holder of the doll seat will increase the bike's minimum saddle height. If needed, you can remove the doll seat to better fit the child's height.<\/p>"}},"faq_8XJg8n":{"type":"faq","settings":{"question":"<p>How can I track my order?<\/p>","answer":"<p>To track your order, use the tracking number provided in your shipping confirmation email. You can enter it on our tracking page. <\/p>"}},"faq_ra8htk":{"type":"faq","settings":{"question":"<p>How do I mount my bike? Will installation tools be given away?<\/p>","answer":"<p>Yes. Installation tools will be provided.There is an installation video on the website details page. Or you can go to our YouTube account, which has installation videos for all of our bikes.<a href=\"https:\/\/www.youtube.com\/@glercbikes\" title=\"https:\/\/www.youtube.com\/@glercbikes\">https:\/\/www.youtube.com\/@glercbikes<\/a><\/p>"}},"faq_gjnFqM":{"type":"faq","settings":{"question":"<p>How much does this bike weight?<\/p>","answer":"<p>Bicycles of different sizes have varying weights. You can check the detailed weight data in the images under the 'Sizing Chart' section on this page.<\/p>"}}},"block_order":["faq_7cezbg","faq_8XJg8n","faq_ra8htk","faq_gjnFqM"],"custom_css":[".faq .faq_all h3 {background: unset; text-align: center; margin: 80px auto 30px; line-height: 1;}","@media only screen and (max-width: 768px) {.faq .faq_all h3 {margin: 50px auto 20px; }}"],"settings":{"title":"FAQs"}},"17343312748cf31ee2":{"type":"apps","blocks":{"specification_compare_comparison_table_RTWRzW":{"type":"shopify:\/\/apps\/spec-compare\/blocks\/comparison-table\/a9d09772-f36d-4539-a4c4-7bd785bc12c0","settings":{"product":"{{product}}","product_list":[],"fallback_to_related_products":false,"exclude_sold_out_products":false,"enable_show_differences_switch":false,"differences_switch_mode":"highlight_differences","show_variant_selector":false,"show_group_names":true,"maximum_rows":10,"maximum_visible_products":3,"show_in_modal":false,"modal_trigger_button_text":"","app_block_margin":0,"app_block_max_width":"full_width","app_block_custom_max_width":800,"show_product_image":true,"show_product_vendor":false,"show_product_price":true,"show_product_rating":true,"show_view_details_button":true}}},"block_order":["specification_compare_comparison_table_RTWRzW"],"disabled":true,"settings":{"full_width":false,"space_around":true}},"17331386014d291ef1":{"type":"apps","blocks":{"judge_me_reviews_review_widget_DKWJmW":{"type":"shopify:\/\/apps\/judge-me-reviews\/blocks\/review_widget\/61ccd3b1-a9f2-4160-9fe9-4fec8413e5d8","settings":{}}},"block_order":["judge_me_reviews_review_widget_DKWJmW"],"settings":{"full_width":false,"space_around":true}},"index_why_hWNNnm":{"type":"index-why","blocks":{"icon_z33Fra":{"type":"icon","settings":{"icon":"shopify:\/\/shop_images\/20240903-142001.gif","title":"Free <br>Shipping","desc":"<p>Enjoy free shipping on all orders within the UK, get a cost-effective shopping experience.<\/p>"}},"icon_cfTWN8":{"type":"icon","settings":{"icon":"shopify:\/\/shop_images\/20240903-141959.gif","title":"Expert Customer Support","desc":"<p>For questions, Please email us at <a>support@glercbikes.co.uk<\/a>, and we’ll assist you<\/p>"}},"icon_VDwtH7":{"type":"icon","settings":{"icon":"shopify:\/\/shop_images\/20240903-141954.gif","title":"Secure <br>Payment","desc":"<p>We accept credit cards, PayPal,VISA , and more for your convenience.<\/p>"}},"icon_nN36mw":{"type":"icon","settings":{"icon":"shopify:\/\/shop_images\/20240903-141957.gif","title":"45 Days<br>Easy Return","desc":"<p>If there are quality issues before assembly, return or exchange it free within 45 days<\/p>"}}},"block_order":["icon_z33Fra","icon_cfTWN8","icon_VDwtH7","icon_nN36mw"],"settings":{"head_title":""}},"sub":{"type":"product-full-width","disabled":true,"settings":{"max_width":true}},"faq":{"type":"faq","blocks":{"faq-0":{"type":"question","settings":{"title":"Frequently asked question","text":"<p>Use this text to answer questions in as much detail as possible for your customers.<\/p>"}},"faq-1":{"type":"question","settings":{"title":"Frequently asked question","text":"<p>Use this text to answer questions in as much detail as possible for your customers.<\/p>"}},"faq-2":{"type":"question","settings":{"title":"Frequently asked question","text":"<p>Use this text to answer questions in as much detail as possible for your customers.<\/p>"}}},"block_order":["faq-0","faq-1","faq-2"],"disabled":true,"settings":{"title":"FAQs"}},"product-recommendations":{"type":"product-recommendations","disabled":true,"settings":{"product_recommendations_heading":"You may also like","related_count":4,"products_per_row":2}},"recently-viewed":{"type":"recently-viewed","disabled":true,"settings":{"recent_count":5}},"collection-return":{"type":"collection-return","disabled":true,"settings":{}},"index_count_pMkKEg":{"type":"index-count","blocks":{"count_LihCgr":{"type":"count","settings":{"count":"11,000","unit":"+","desc":"5-star reviews"}},"count_eG9R7P":{"type":"count","settings":{"count":"1,500,000","unit":"+","desc":"glerc riders"}},"count_rQWani":{"type":"count","settings":{"count":"53","unit":"","desc":"Countries Across the Globe"}},"count_ABqAXt":{"type":"count","settings":{"count":"66,000","unit":"T+","desc":"Co2 reduction"}}},"block_order":["count_LihCgr","count_eG9R7P","count_rQWani","count_ABqAXt"],"settings":{}}},"order":["main","scrolling_images_dtfNRN","product_why_T83rm4","product_block_X493KA","text_and_image_cdAXyx","text_and_image_iAXabd","text_and_image_egnQJk","product_desc_cMrCPz","product_desc_FynUg7","featured_video_gzcdyr","faq_custom_iWm7aT","17343312748cf31ee2","17331386014d291ef1","index_why_hWNNnm","sub","faq","product-recommendations","recently-viewed","collection-return","index_count_pMkKEg"]}