{"sections":{"main":{"type":"main-product","blocks":{"price":{"type":"price","settings":{}},"discunts_ALAgNP":{"type":"discunts","disabled":true,"settings":{}},"separator":{"type":"separator","settings":{}},"variant_picker":{"type":"variant_picker","settings":{"variant_labels":true,"picker_type":"button","product_dynamic_variants_enable":true,"color_swatches":true}},"inventory_status":{"type":"inventory_status","settings":{"inventory_threshold":10,"inventory_transfers_enable":true}},"buy_buttons":{"type":"buy_buttons","settings":{"show_dynamic_checkout":true,"surface_pickup_enable":true,"show_gift_card_recipient":false}},"tab_kicrLK":{"type":"tab","settings":{"title":"Top Feature","content":"<ul><li>HAND-WOVEN<\/li><li>Safe Paint<\/li><li>Aajustable<\/li><li>Retro Style<\/li><li>Made of Natural Wicker<\/li><\/ul>","page":""}},"description":{"type":"description","settings":{"is_tab":true}},"tab":{"type":"tab","settings":{"title":"Shipping information","content":"<p><\/p><p><\/p>","page":"shipping-policy-preview"}},"tab_66g4gb":{"type":"tab","settings":{"title":"Return information","content":"","page":"return-refund-policy-preview"}},"contact_tdRxQX":{"type":"contact","settings":{"title":"Ask a question","phone":false}}},"block_order":["price","discunts_ALAgNP","separator","variant_picker","inventory_status","buy_buttons","tab_kicrLK","description","tab","tab_66g4gb","contact_tdRxQX"],"settings":{"sku_enable":false,"image_position":"left","image_size":"large","product_zoom_enable":true,"thumbnail_position":"below","thumbnail_height":"fixed","thumbnail_arrows":true,"mobile_layout":"full","enable_video_looping":true,"product_video_style":"muted"}},"product_desc_8Ue7mD":{"type":"product-desc","blocks":{"desc_mDKFrP":{"type":"desc","settings":{"hao":"","title":"Range","desc":"16,18,20 inches bike","hover_class":""}},"desc_HrtTTE":{"type":"desc","settings":{"hao":"","title":"Size","desc":"‎Small: 9 x 6.7 x 5.9 inches","hover_class":""}},"desc_F6ttq6":{"type":"desc","settings":{"hao":"","title":"Material type","desc":"Rattan","hover_class":""}},"desc_QMUDyU":{"type":"desc","settings":{"hao":"","title":"Included components","desc":"1","hover_class":""}},"desc_NqHPgp":{"type":"desc","settings":{"hao":"","title":"Weight","desc":"0.13 kg","hover_class":""}},"desc_9WwxrA":{"type":"desc","settings":{"hao":"","title":"Brand","desc":"Glerc","hover_class":""}}},"block_order":["desc_mDKFrP","desc_HrtTTE","desc_F6ttq6","desc_QMUDyU","desc_NqHPgp","desc_9WwxrA"],"settings":{"title":"Technical Details","type":"2","link":"","tt":"","desc":"","svg":""}},"index_why_qmgNGw":{"type":"index-why","blocks":{"icon_VmbjQY":{"type":"icon","settings":{"icon":"shopify:\/\/shop_images\/20240903-142001.gif","title":"Free<br>Shipping","desc":"<p>Enjoy free shipping on all orders within the UK, get a cost-effective shopping experience.<\/p>"}},"icon_LYXFDX":{"type":"icon","settings":{"icon":"shopify:\/\/shop_images\/20240903-141959.gif","title":"Expert Customer Support","desc":"<p>For questions, Please email us at <a>support@glercbikes.co.uk<\/a>, and we’ll assist you<\/p>"}},"icon_Gmd43M":{"type":"icon","settings":{"icon":"shopify:\/\/shop_images\/20240903-141954.gif","title":"Secure <br>Payment","desc":"<p>We accept credit cards, PayPal,VISA , and more for your convenience.<\/p>"}},"icon_YW34EU":{"type":"icon","settings":{"icon":"shopify:\/\/shop_images\/20240903-141957.gif","title":"45 Days<br>Easy Return","desc":"<p>If there are quality issues before assembly, return or exchange it free within 45 days<\/p>"}}},"block_order":["icon_VmbjQY","icon_LYXFDX","icon_Gmd43M","icon_YW34EU"],"settings":{"head_title":""}},"product_block_keGMCa":{"type":"product-block","blocks":{"block_WdHM3J":{"type":"block","settings":{"img":"shopify:\/\/shop_images\/18.jpg","title":"lamannabros (3Yrs)--34”Height--12\"Blue","desc":"Nothing like a sunny day and a bike ride to make memories! We found hidden paths and made new friends along the way!"}},"block_jk97Wb":{"type":"block","settings":{"img":"shopify:\/\/shop_images\/16.jpg","title":"sulamita(4Yrs)--42\"Height--14\"Pink","desc":"Adventure awaits on two wheels! Whether it's a sunny day or a breezy afternoon, every ride turns into an unforgettable journey filled with laughter and joy!"}},"block_BUL9Cy":{"type":"block","settings":{"img":"shopify:\/\/shop_images\/20_ba397b51-8b84-4fcf-981d-522e62ceb097.jpg","title":"Jessica Myrose(6Yrs)--46\"Height--16\"Black","desc":"Caught this smile while we were cruising! Biking is the perfect way to spend quality time and enjoy nature!"}}},"block_order":["block_WdHM3J","block_jk97Wb","block_BUL9Cy"],"disabled":true,"settings":{"title":"A real-life rendition of Fantacy"}},"sub":{"type":"product-full-width","settings":{"max_width":true}},"product-recommendations":{"type":"product-recommendations","disabled":true,"settings":{"product_recommendations_heading":"You may also like","related_count":4,"products_per_row":4}},"recently-viewed":{"type":"recently-viewed","settings":{"recent_count":5}},"collection-return":{"type":"collection-return","settings":{}}},"order":["main","product_desc_8Ue7mD","index_why_qmgNGw","product_block_keGMCa","sub","product-recommendations","recently-viewed","collection-return"]}