{"sections":{"main":{"type":"main-product","blocks":{"price":{"type":"price","settings":{}},"judge_me_reviews_preview_badge_iLf34T":{"type":"shopify:\/\/apps\/judge-me-reviews\/blocks\/preview_badge\/61ccd3b1-a9f2-4160-9fe9-4fec8413e5d8","settings":{}},"separator":{"type":"separator","settings":{}},"variant_picker":{"type":"variant_picker","settings":{"variant_labels":true,"picker_type":"button","product_dynamic_variants_enable":false,"color_swatches":true}},"sales_point":{"type":"sales_point","settings":{"icon":"truck","text":"Free shipping in UK"}},"inventory_status":{"type":"inventory_status","settings":{"inventory_threshold":10,"inventory_transfers_enable":true}},"buy_buttons":{"type":"buy_buttons","settings":{"show_dynamic_checkout":true,"surface_pickup_enable":true,"show_gift_card_recipient":false}},"gsc_countdown_timer_countdown_6E66Vc":{"type":"shopify:\/\/apps\/gsc-countdown-timer\/blocks\/countdown\/58dc5b1b-43d2-4209-b1f3-52aff31643ed","settings":{"widget_id":"GSC-SMALL-TufYhuFtuasD"}},"selleasy_lb_upsell_addon_block_6KrJXh":{"type":"shopify:\/\/apps\/selleasy\/blocks\/lb-upsell-addon-block\/790c1a03-a71f-4bc1-9869-00dad526d3c2","settings":{}},"tab_CzdRJ7":{"type":"tab","settings":{"title":"Top Features","content":"<ul><li>Durable Hi-Ten Steel Frame <\/li><li>Front and Rear Disc Brakes<\/li><li>Thick Shock-Absorbing Front Fork<\/li><li>21-Speed Gear System <\/li><li>Quick-Release  Front Wheel  <\/li><li>Adjustable  Seat  <\/li><li>Bell & Reflectors <\/li><li>Kickstand <\/li><\/ul>","page":""}},"description":{"type":"description","settings":{"is_tab":true}},"tab":{"type":"tab","settings":{"title":"Shipping information","content":"","page":"shipping-policy-preview"}},"tab_mChHxJ":{"type":"tab","settings":{"title":"Return information","content":"","page":"return-refund-policy-preview"}},"tab_4gd7rL":{"type":"tab","settings":{"title":"What's In The Box?","content":"<p>Bike, Kickstand, Reflectors, Tool Kit, Bell, DIY Stickers<\/p>","page":""}},"contact":{"type":"contact","settings":{"title":"Ask a question","phone":false}}},"block_order":["price","judge_me_reviews_preview_badge_iLf34T","separator","variant_picker","sales_point","inventory_status","buy_buttons","gsc_countdown_timer_countdown_6E66Vc","selleasy_lb_upsell_addon_block_6KrJXh","tab_CzdRJ7","description","tab","tab_mChHxJ","tab_4gd7rL","contact"],"settings":{"sku_enable":false,"image_position":"left","image_size":"large","product_zoom_enable":true,"thumbnail_position":"below","thumbnail_height":"flexible","thumbnail_arrows":false,"mobile_layout":"full","enable_video_looping":true,"product_video_style":"muted"}},"product_block_X493KA":{"type":"product-block","blocks":{"block_R8HYGY":{"type":"block","settings":{"img":"shopify:\/\/shop_images\/glerc-bikes-1015.jpg","title":"Willow(2Yrs)--33\" Height--12\"Pink","desc":"It's amazing that my little princess is growing up so fast that she could ride bike. I believed that she liked Little molly, so she rode it for a long time. The brakes and training wheels gave her a sense of security."}},"block_XyKz4V":{"type":"block","settings":{"img":"shopify:\/\/shop_images\/glerc-bikes-1015_1.jpg","title":"stamped_by_india_(4Yrs)--39\" Height--14\"Yellow","desc":"Little Molly is so cute, everyone wanted to know where it came from.When it comes to outdoor activities, of course safety first, but comfort and feeling confident in what you are wearing makes all the difference."}},"block_73RnUw":{"type":"block","settings":{"img":"shopify:\/\/shop_images\/glerc-girls-bikes_2.jpg","title":"Kennedy(5Yrs)--46\" Height--16\"Peach","desc":"Kennedy is busy mastering her first big girl bike, turning every pedal into her own stylish adventure. Who knew riding a bike could be such a fashion statement?! She‘s obsessing with her Little Molly-it matches her vibe flawlessly."}},"block_LDeDVr":{"type":"block","settings":{"img":"shopify:\/\/shop_images\/glerc-bikes-girls-1015.jpg","title":"su_amelie_belle(6Yrs)--47\" Height--18\"Mint Green","desc":"My little princess is loving her bike.So stylish, girly and beautiful! Little Molly are the sweetest!!Riding into Spring in the cutest bike. Received many compliment at the park!"}}},"block_order":["block_R8HYGY","block_XyKz4V","block_73RnUw","block_LDeDVr"],"disabled":true,"settings":{"title":"A real-life rendition of Little Molly"}},"text_and_image_cdAXyx":{"type":"text-and-image","settings":{"image":"shopify:\/\/shop_images\/20bk-1.jpg","image_mask":"square","image2_mask":"none","subtitle":"","title":"Durable Construction","text":"<p>Crafted with a high-carbon steel frame, this kids' mountain bike offers exceptional strength and stability, ensuring it can tackle off-road adventures with ease and provide a dependable ride for your child's outdoor explorations.<\/p>","button_label":"","button_link":"","button_style":"primary","align_text":"left","image_width":"50","layout":"left","divider":false,"top_padding":false,"bottom_padding":true,"lazyload_images":true}},"text_and_image_iAXabd":{"type":"text-and-image","settings":{"image":"shopify:\/\/shop_images\/24bl-1.jpg","image_mask":"square","image2_mask":"none","subtitle":"","title":"Adventure on Two Wheels","text":"<p>The suspension fork on the kids’ bike absorbs shocks from rough terrain, making rides smoother, more comfortable, and easier to control. It helps young riders stay balanced and confident on any adventure.<\/p>","button_label":"","button_link":"","button_style":"primary","align_text":"left","image_width":"50","layout":"right","divider":false,"top_padding":false,"bottom_padding":true,"lazyload_images":true}},"text_and_image_egnQJk":{"type":"text-and-image","settings":{"image":"shopify:\/\/shop_images\/24gre-1.jpg","image_mask":"square","image2_mask":"none","subtitle":"","title":"Quick and Easy Assembly","text":"<p>The children's bike comes 85% pre-assembled and includes basic tools for easy setup. Only a few parts need to be attached, taking about 30 minutes to complete.<\/p>","button_label":"","button_link":"","button_style":"primary","align_text":"left","image_width":"50","layout":"left","divider":false,"top_padding":false,"bottom_padding":true,"lazyload_images":true}},"text_and_image_jWVtRT":{"type":"text-and-image","name":"t:sections.text-and-image.presets.image_with_text.name","settings":{"image":"shopify:\/\/shop_images\/24nb-1.jpg","image_mask":"none","image2_mask":"none","subtitle":"","title":"Ride anytime, anywhere","text":"<p>This mountain bike features a 21-speed drivetrain, providing versatile gear options for conquering various terrains. Its smooth and precise shifting ensures an enhanced and effortless riding experience.<\/p>","button_label":"","button_link":"","button_style":"primary","align_text":"left","image_width":"50","layout":"right","divider":false,"top_padding":true,"bottom_padding":true,"lazyload_images":true}},"text_and_image_rANDik":{"type":"text-and-image","name":"t:sections.text-and-image.presets.image_with_text.name","settings":{"image":"shopify:\/\/shop_images\/24pk-1.jpg","image_mask":"none","image2_mask":"none","subtitle":"","title":"Easily control your speed","text":"<p>This kids' bicycle is equipped with responsive disc brakes, ensuring precise control and reliable performance even in challenging conditions, so your child can ride with confidence.<\/p>","button_label":"","button_link":"","button_style":"primary","align_text":"left","image_width":"50","layout":"left","divider":false,"top_padding":true,"bottom_padding":true,"lazyload_images":true}},"product_desc_cMrCPz":{"type":"product-desc","blocks":{"desc_pkzUJM":{"type":"desc","settings":{"hao":"","title":"Age range","desc":"Kids","hover_class":""}},"desc_TMz93A":{"type":"desc","settings":{"hao":"","title":"Bike type","desc":"‎Kids Bike","hover_class":""}},"desc_Y9CW69":{"type":"desc","settings":{"hao":"","title":"Brake type","desc":"Front and Rear Disc Brakes","hover_class":""}},"desc_6xriER":{"type":"desc","settings":{"hao":"","title":"Style","desc":"‎20\/24 Inch","hover_class":""}},"desc_HYY9gK":{"type":"desc","settings":{"hao":"","title":"Brand","desc":"Glerc","hover_class":""}},"desc_bPaV6t":{"type":"desc","settings":{"hao":"","title":"Frame material","desc":"Carbon Steel","hover_class":""}},"desc_rmeAHa":{"type":"desc","settings":{"hao":"","title":"Skill level","desc":"Beginner","hover_class":""}},"desc_9agBeT":{"type":"desc","settings":{"hao":"","title":"Package Weight","desc":"17.03 Kilograms","hover_class":""}},"desc_LyDQzF":{"type":"desc","settings":{"hao":"","title":"Bicycle Gear Shifter Type","desc":"Trigger","hover_class":""}},"desc_QxRPzM":{"type":"desc","settings":{"hao":"","title":"Special Feature","desc":"Adjustable Handlebars, Adjustable Seat","hover_class":""}}},"block_order":["desc_pkzUJM","desc_TMz93A","desc_Y9CW69","desc_6xriER","desc_HYY9gK","desc_bPaV6t","desc_rmeAHa","desc_9agBeT","desc_LyDQzF","desc_QxRPzM"],"settings":{"title":"Bicycle specifications","type":"2","link":"","tt":"","desc":"","svg":""}},"product_desc_FynUg7":{"type":"product-desc","blocks":{"desc_KNg7VB":{"type":"desc","settings":{"img":"shopify:\/\/shop_images\/20250429-153805.jpg","hao":"","title":"","desc":"","hover_class":""}}},"block_order":["desc_KNg7VB"],"settings":{"title":"Size Chart","type":"1","link":"","tt":"","desc":"","svg":""}},"product_desc_U6yXMU":{"type":"product-desc","name":"Product Desc","settings":{"title":"Assembly Instructions","type":"4","link":"https:\/\/cdn.shopify.com\/videos\/c\/o\/v\/00a233977430443789e4564c093b7b2f.mp4","tt":"Easy to Assemble","desc":"Assembly is simple, and we’re here to help every step of the way. If you’ve received your bike and need assembly guidance, check out our YouTube channel: Glercbikes. For more detailed questions, feel free to reach out via inbox or email for assistance.","svg":""}},"featured_video_CcNfd6":{"type":"featured-video","disabled":true,"settings":{"title":"","video_url":"https:\/\/www.youtube.com\/watch?v=kBb6l3_1kpY","divider":false}},"1734332258cca6836c":{"type":"apps","blocks":{"specification_compare_comparison_table_gxcREG":{"type":"shopify:\/\/apps\/spec-compare\/blocks\/comparison-table\/a9d09772-f36d-4539-a4c4-7bd785bc12c0","settings":{"product":"{{product}}","product_list":[],"fallback_to_related_products":false,"exclude_sold_out_products":false,"enable_show_differences_switch":false,"differences_switch_mode":"highlight_differences","show_variant_selector":false,"show_group_names":true,"maximum_rows":10,"maximum_visible_products":5,"show_in_modal":false,"modal_trigger_button_text":"","app_block_margin":0,"app_block_max_width":"full_width","app_block_custom_max_width":800,"show_product_image":true,"show_product_vendor":false,"show_product_price":true,"show_product_rating":true,"show_view_details_button":true,"enable_ai_analysis":false}}},"block_order":["specification_compare_comparison_table_gxcREG"],"settings":{"full_width":false,"space_around":true}},"1733212221b91c7036":{"type":"apps","blocks":{"judge_me_reviews_review_widget_rkeEzc":{"type":"shopify:\/\/apps\/judge-me-reviews\/blocks\/review_widget\/61ccd3b1-a9f2-4160-9fe9-4fec8413e5d8","settings":{}}},"block_order":["judge_me_reviews_review_widget_rkeEzc"],"settings":{"full_width":false,"space_around":true}},"index_why_hWNNnm":{"type":"index-why","blocks":{"icon_z33Fra":{"type":"icon","settings":{"icon":"shopify:\/\/shop_images\/20240903-142001.gif","title":"Free <br>Shipping","desc":"<p>Enjoy free shipping on all orders within the UK, get a cost-effective shopping experience.<\/p>"}},"icon_cfTWN8":{"type":"icon","settings":{"icon":"shopify:\/\/shop_images\/20240903-141959.gif","title":"Expert <br>Customer Support","desc":"<p>For questions, Please email us at <a>support@glercbikes.co.uk<\/a>, and we’ll assist you<\/p>"}},"icon_VDwtH7":{"type":"icon","settings":{"icon":"shopify:\/\/shop_images\/20240903-141954.gif","title":"Secure <br>Payment","desc":"<p>We accept credit cards, PayPal,VISA , and more for your convenience.<\/p>"}},"icon_nN36mw":{"type":"icon","settings":{"icon":"shopify:\/\/shop_images\/20240903-141957.gif","title":"45 Days<br>Easy Return","desc":"<p>If there are quality issues before assembly, return or exchange it free within 45 days<\/p>"}}},"block_order":["icon_z33Fra","icon_cfTWN8","icon_VDwtH7","icon_nN36mw"],"settings":{"head_title":""}},"sub":{"type":"product-full-width","disabled":true,"settings":{"max_width":true}},"faq":{"type":"faq","blocks":{"faq-0":{"type":"question","settings":{"title":"Frequently asked question","text":"<p>Use this text to answer questions in as much detail as possible for your customers.<\/p>"}},"faq-1":{"type":"question","settings":{"title":"Frequently asked question","text":"<p>Use this text to answer questions in as much detail as possible for your customers.<\/p>"}},"faq-2":{"type":"question","settings":{"title":"Frequently asked question","text":"<p>Use this text to answer questions in as much detail as possible for your customers.<\/p>"}}},"block_order":["faq-0","faq-1","faq-2"],"disabled":true,"settings":{"title":"FAQs"}},"product-recommendations":{"type":"product-recommendations","disabled":true,"settings":{"product_recommendations_heading":"You may also like","related_count":4,"products_per_row":2}},"recently-viewed":{"type":"recently-viewed","settings":{"recent_count":5}},"collection-return":{"type":"collection-return","settings":{}}},"order":["main","product_block_X493KA","text_and_image_cdAXyx","text_and_image_iAXabd","text_and_image_egnQJk","text_and_image_jWVtRT","text_and_image_rANDik","product_desc_cMrCPz","product_desc_FynUg7","product_desc_U6yXMU","featured_video_CcNfd6","1734332258cca6836c","1733212221b91c7036","index_why_hWNNnm","sub","faq","product-recommendations","recently-viewed","collection-return"]}