{"sections":{"174538603191942241":{"type":"apps","settings":{"full_width":false,"space_around":true}},"main":{"type":"main-product","blocks":{"price":{"type":"price","settings":{}},"klarna_on_site_messaging_app_block_AWmFaC":{"type":"shopify:\/\/apps\/klarna-on-site-messaging\/blocks\/app-block\/b95936a9-74b6-4a95-8103-6a1b6459c25e","settings":{"data_key":"top-strip-promotion-badge","theme":"default","topPadding":"10","bottomPadding":"0","messagePrefix":""}},"discunts_ALAgNP":{"type":"discunts","disabled":true,"settings":{}},"separator":{"type":"separator","settings":{}},"variant_picker":{"type":"variant_picker","settings":{"variant_labels":true,"picker_type":"button","product_dynamic_variants_enable":true,"color_swatches":true}},"inventory_status":{"type":"inventory_status","settings":{"inventory_threshold":10,"inventory_transfers_enable":true}},"buy_buttons":{"type":"buy_buttons","settings":{"show_dynamic_checkout":true,"surface_pickup_enable":true,"show_gift_card_recipient":false}},"selleasy_lb_upsell_addon_block_ExyNBA":{"type":"shopify:\/\/apps\/selleasy\/blocks\/lb-upsell-addon-block\/790c1a03-a71f-4bc1-9869-00dad526d3c2","settings":{}},"tab_kicrLK":{"type":"tab","settings":{"title":"Top Feature","content":"<ul><li>Hi-Ten steel frame<\/li><li>Shimano 6-speed drivetrain<\/li><li>Double-walled alloy wheels<\/li><li>26 x 1.5 inch tyres<\/li><li>Double saddle alloy brakes<\/li><li>Curved handlebar<\/li><li>Stand, mudguards, LED headlights, pannier rack<\/li><li>85% pre-assembled with assembly tool<\/li><\/ul>","page":""}},"description":{"type":"description","settings":{"is_tab":true}},"tab":{"type":"tab","settings":{"title":"Shipping information","content":"<p><\/p><p><\/p>","page":"shipping-policy-preview"}},"tab_66g4gb":{"type":"tab","settings":{"title":"Return information","content":"","page":"return-refund-policy-preview"}},"contact_tdRxQX":{"type":"contact","settings":{"title":"Ask a question","phone":false}},"gsc_countdown_timer_countdown_U8Y647":{"type":"shopify:\/\/apps\/gsc-countdown-timer\/blocks\/countdown\/58dc5b1b-43d2-4209-b1f3-52aff31643ed","settings":{"widget_id":""}}},"block_order":["price","klarna_on_site_messaging_app_block_AWmFaC","discunts_ALAgNP","separator","variant_picker","inventory_status","buy_buttons","selleasy_lb_upsell_addon_block_ExyNBA","tab_kicrLK","description","tab","tab_66g4gb","contact_tdRxQX","gsc_countdown_timer_countdown_U8Y647"],"settings":{"sku_enable":false,"image_position":"left","image_size":"large","product_zoom_enable":true,"thumbnail_position":"below","thumbnail_height":"flexible","thumbnail_arrows":true,"mobile_layout":"full","enable_video_looping":true,"product_video_style":"muted"}},"text_and_image_RCbpMX":{"type":"text-and-image","settings":{"image":"shopify:\/\/shop_images\/1J0A0495.jpg","image_mask":"none","image2_mask":"none","subtitle":"","title":"Comfortable Ride","text":"<p>The broad saddle offers great support and stability while riding. The rear pannier rack is perfect for carrying your backpack, and the mudguards keep you clean by shielding against splashes and loose gravel.<\/p>","button_label":"","button_link":"","button_style":"primary","align_text":"left","image_width":"50","layout":"right","divider":false,"top_padding":true,"bottom_padding":true,"lazyload_images":true}},"text_and_image_a4aFbm":{"type":"text-and-image","settings":{"image":"shopify:\/\/shop_images\/2025-04-24_144819.jpg","image_mask":"none","image2_mask":"none","subtitle":"","title":"Responsive and Reliable","text":"<p>The front and rear caliper brakes are controlled via dual brake levers, delivering smooth, responsive, and dependable braking performance for enhanced safety while riding.<\/p>","button_label":"","button_link":"","button_style":"primary","align_text":"left","image_width":"50","layout":"left","divider":false,"top_padding":true,"bottom_padding":true,"lazyload_images":true}},"text_and_image_6Lcy9k":{"type":"text-and-image","settings":{"image":"shopify:\/\/shop_images\/1J0A0664.jpg","image_mask":"none","image2_mask":"none","subtitle":"","title":"Stable and Smooth","text":"<p>A longer wheelbase ensures a comfortable and stable riding experience, while the durable wheels with double-walled rims offer the perfect setup for agile and reliable city navigation.<\/p>","button_label":"","button_link":"","button_style":"primary","align_text":"left","image_width":"50","layout":"right","divider":false,"top_padding":true,"bottom_padding":true,"lazyload_images":true}},"product_desc_mBciTP":{"type":"product-desc","blocks":{"desc_c6UcmK":{"type":"desc","settings":{"hao":"","title":"Age range","desc":"Adult","hover_class":""}},"desc_inEUhi":{"type":"desc","settings":{"hao":"","title":"Brake type","desc":"Front & rear hand brake","hover_class":""}},"desc_kKRaNw":{"type":"desc","settings":{"hao":"","title":"Bike type","desc":"Cruiser","hover_class":""}},"desc_AnDHa6":{"type":"desc","settings":{"hao":"","title":"Usage","desc":"General commuting, leisure","hover_class":""}},"desc_fiMAEE":{"type":"desc","settings":{"hao":"","title":"Brand","desc":"AVASTA","hover_class":""}},"desc_eJqrWQ":{"type":"desc","settings":{"hao":"","title":"Frame material","desc":"Hi-Ten Steel Frame","hover_class":""}},"desc_FeNi7G":{"type":"desc","settings":{"hao":"","title":"Number of speeds","desc":"6","hover_class":""}},"desc_LF7VHF":{"type":"desc","settings":{"hao":"","title":"Included components","desc":"Rear pannier rack, headlight","hover_class":""}}},"block_order":["desc_c6UcmK","desc_inEUhi","desc_kKRaNw","desc_AnDHa6","desc_fiMAEE","desc_eJqrWQ","desc_FeNi7G","desc_LF7VHF"],"settings":{"title":"Bicycle specifications","type":"2","link":"","tt":"","desc":"","svg":""}},"product_desc_ieAJTQ":{"type":"product-desc","blocks":{"desc_pUbxeD":{"type":"desc","settings":{"img":"shopify:\/\/shop_images\/5202.jpg","hao":"","title":"","desc":"","hover_class":""}}},"block_order":["desc_pUbxeD"],"settings":{"title":"Size Chart","type":"1","img":"shopify:\/\/shop_images\/5202.jpg","link":"","tt":"","desc":"","svg":""}},"product_desc_xBaNMA":{"type":"product-desc","settings":{"title":"Assembly Instructions","type":"4","link":"https:\/\/cdn.shopify.com\/videos\/c\/o\/v\/2573ecf0fb4346cba86de7c49c9643da.mp4","tt":"Easy to Assemble","desc":"Assembly is simple, and we’re here to help every step of the way. If you’ve received your bike and need assembly guidance, check out our YouTube channel: Glercbikes. For more detailed questions, feel free to reach out via inbox or email for assistance.","svg":""}},"1745478872fae56405":{"type":"apps","blocks":{"judge_me_reviews_review_widget_mExC3K":{"type":"shopify:\/\/apps\/judge-me-reviews\/blocks\/review_widget\/61ccd3b1-a9f2-4160-9fe9-4fec8413e5d8","settings":{}}},"block_order":["judge_me_reviews_review_widget_mExC3K"],"settings":{"full_width":false,"space_around":true}},"index_why_Q4PK3X":{"type":"index-why","blocks":{"icon_GccFct":{"type":"icon","settings":{"icon":"shopify:\/\/shop_images\/20240903-142001_88aee600-bcc6-449a-9ac8-8b1329232749.gif","title":"Free Shipping","desc":"<p>Enjoy free shipping on all orders within the UK, get a cost-effective shopping experience.<\/p>"}},"icon_GzYEcc":{"type":"icon","settings":{"icon":"shopify:\/\/shop_images\/20240903-141959_0a727cf2-7868-46f2-a7fa-3420eab43e19.gif","title":"Expert Customer Support","desc":"<p>For questions, Please email us at <a>support@glercbikes.co.uk<\/a>, and we’ll assist you.<\/p>"}},"icon_4waEtC":{"type":"icon","settings":{"icon":"shopify:\/\/shop_images\/20240903-141954_6e5fe902-510e-4210-9af9-931b7704e097.gif","title":"Secure Payment","desc":"<p>We accept credit cards, PayPal,VISA , and more for your convenience.<\/p>"}},"icon_QU3nJy":{"type":"icon","settings":{"icon":"shopify:\/\/shop_images\/20240903-141957_8bcf346e-8aee-4821-a468-c97e055faefc.gif","title":"45 DaysEasy Return","desc":"<p>If there are quality issues before assembly, return or exchange it free within 45 days.<\/p>"}}},"block_order":["icon_GccFct","icon_GzYEcc","icon_4waEtC","icon_QU3nJy"],"settings":{"head_title":""}},"product_block_keGMCa":{"type":"product-block","blocks":{"block_WdHM3J":{"type":"block","settings":{"img":"shopify:\/\/shop_images\/18.jpg","title":"lamannabros (3Yrs)--34”Height--12\"Blue","desc":"Nothing like a sunny day and a bike ride to make memories! We found hidden paths and made new friends along the way!"}},"block_jk97Wb":{"type":"block","settings":{"img":"shopify:\/\/shop_images\/16.jpg","title":"sulamita(4Yrs)--42\"Height--14\"Pink","desc":"Adventure awaits on two wheels! Whether it's a sunny day or a breezy afternoon, every ride turns into an unforgettable journey filled with laughter and joy!"}},"block_BUL9Cy":{"type":"block","settings":{"img":"shopify:\/\/shop_images\/20_ba397b51-8b84-4fcf-981d-522e62ceb097.jpg","title":"Jessica Myrose(6Yrs)--46\"Height--16\"Black","desc":"Caught this smile while we were cruising! Biking is the perfect way to spend quality time and enjoy nature!"}}},"block_order":["block_WdHM3J","block_jk97Wb","block_BUL9Cy"],"disabled":true,"settings":{"title":"A real-life rendition of Fantacy"}},"sub":{"type":"product-full-width","settings":{"max_width":true}},"product-recommendations":{"type":"product-recommendations","disabled":true,"settings":{"product_recommendations_heading":"You may also like","related_count":4,"products_per_row":4}},"recently-viewed":{"type":"recently-viewed","disabled":true,"settings":{"recent_count":5}},"collection-return":{"type":"collection-return","settings":{}},"index_count_bjHWyN":{"type":"index-count","blocks":{"count_aYgYbK":{"type":"count","settings":{"count":"11,000","unit":"+","desc":"5-star reviews"}},"count_hQnnrf":{"type":"count","settings":{"count":"1,500,000","unit":"+","desc":"glerc riders"}},"count_mHFQ43":{"type":"count","settings":{"count":"53","unit":"","desc":"Countries Across the Globe"}},"count_QPtWBg":{"type":"count","settings":{"count":"66,000","unit":"T+","desc":"Co2 reduction"}}},"block_order":["count_aYgYbK","count_hQnnrf","count_mHFQ43","count_QPtWBg"],"settings":{}}},"order":["174538603191942241","main","text_and_image_RCbpMX","text_and_image_a4aFbm","text_and_image_6Lcy9k","product_desc_mBciTP","product_desc_ieAJTQ","product_desc_xBaNMA","1745478872fae56405","index_why_Q4PK3X","product_block_keGMCa","sub","product-recommendations","recently-viewed","collection-return","index_count_bjHWyN"]}