{"sections":{"main":{"type":"main-product","blocks":{"price":{"type":"price","settings":{}},"judge_me_reviews_preview_badge_YFGt3j":{"type":"shopify:\/\/apps\/judge-me-reviews\/blocks\/preview_badge\/61ccd3b1-a9f2-4160-9fe9-4fec8413e5d8","settings":{}},"klarna_on_site_messaging_app_block_rUHg4p":{"type":"shopify:\/\/apps\/klarna-on-site-messaging\/blocks\/app-block\/b95936a9-74b6-4a95-8103-6a1b6459c25e","settings":{"data_key":"top-strip-promotion-badge","theme":"default","topPadding":"10","bottomPadding":"0","messagePrefix":""}},"discunts_kQzp9F":{"type":"discunts","settings":{}},"separator":{"type":"separator","settings":{}},"variant_picker":{"type":"variant_picker","settings":{"variant_labels":true,"picker_type":"button","product_dynamic_variants_enable":false,"color_swatches":true}},"size_chart_GNKEG8":{"type":"size_chart","settings":{"size_chart":"size_guide_little-molly"}},"separator_DA6JYe":{"type":"separator","settings":{}},"sales_point":{"type":"sales_point","settings":{"icon":"truck","text":"Free shipping in UK"}},"inventory_status":{"type":"inventory_status","settings":{"inventory_threshold":10,"inventory_transfers_enable":true}},"buy_buttons":{"type":"buy_buttons","settings":{"show_dynamic_checkout":true,"surface_pickup_enable":true,"show_gift_card_recipient":false}},"selleasy_lb_upsell_addon_block_CXVRjN":{"type":"shopify:\/\/apps\/selleasy\/blocks\/lb-upsell-addon-block\/790c1a03-a71f-4bc1-9869-00dad526d3c2","settings":{}},"gsc_countdown_timer_countdown_YajzLV":{"type":"shopify:\/\/apps\/gsc-countdown-timer\/blocks\/countdown\/58dc5b1b-43d2-4209-b1f3-52aff31643ed","settings":{"widget_id":"GSC-SMALL-TufYhuFtuasD"}},"tab_GnKpMa":{"type":"tab","settings":{"title":"Top Features","content":"<ul><li>Durable Hi-Ten Steel Frame<\/li><li>Front V-brake and Rear Drum Brake<\/li><li>Removable Kickstand<\/li><li>Adjustable Seat<\/li><li>Adjustable Handlebar<\/li><li>Fully Enclosed Chainguards<\/li><li>Bell & Reflectors<\/li><li>Cute Wicker Basket<\/li><\/ul>","page":""}},"description":{"type":"description","settings":{"is_tab":true}},"tab":{"type":"tab","settings":{"title":"Shipping information","content":"","page":"shipping-policy-preview"}},"tab_MweXEK":{"type":"tab","settings":{"title":"Return Information","content":"","page":"return-refund-policy-preview"}},"contact":{"type":"contact","settings":{"title":"Ask a question","phone":false}}},"block_order":["price","judge_me_reviews_preview_badge_YFGt3j","klarna_on_site_messaging_app_block_rUHg4p","discunts_kQzp9F","separator","variant_picker","size_chart_GNKEG8","separator_DA6JYe","sales_point","inventory_status","buy_buttons","selleasy_lb_upsell_addon_block_CXVRjN","gsc_countdown_timer_countdown_YajzLV","tab_GnKpMa","description","tab","tab_MweXEK","contact"],"settings":{"sku_enable":false,"image_position":"left","image_size":"large","product_zoom_enable":true,"thumbnail_position":"below","thumbnail_height":"flexible","thumbnail_arrows":false,"mobile_layout":"full","enable_video_looping":true,"product_video_style":"muted"}},"scrolling_images_Q7g3pB":{"type":"scrolling-images","blocks":{"image_MWibqb":{"type":"image","settings":{"image":"shopify:\/\/shop_images\/1_12.jpg","link":"","heading":"Heading","text":"<p>Add description text here.<\/p>"}},"image_bzjtMp":{"type":"image","settings":{"image":"shopify:\/\/shop_images\/1_9.jpg","link":"","heading":"Heading","text":"<p>Add description text here.<\/p>"}},"image_jkATET":{"type":"image","settings":{"image":"shopify:\/\/shop_images\/1_15.jpg","link":"","heading":"Heading","text":"<p>Add description text here.<\/p>"}},"image_FG9BdY":{"type":"image","settings":{"image":"shopify:\/\/shop_images\/1_11.jpg","link":"","heading":"Heading","text":"<p>Add description text here.<\/p>"}},"image_GgmRtR":{"type":"image","settings":{"image":"shopify:\/\/shop_images\/1_8.jpg","link":"","heading":"Heading","text":"<p>Add description text here.<\/p>"}},"image_kqpqCW":{"type":"image","settings":{"image":"shopify:\/\/shop_images\/1_4ccfbe9e-21ca-4a7a-9975-397e49d22220.jpg","link":"","heading":"Heading","text":"<p>Add description text here.<\/p>"}}},"block_order":["image_MWibqb","image_bzjtMp","image_jkATET","image_FG9BdY","image_GgmRtR","image_kqpqCW"],"settings":{"image_ratio":"adapt","column_spacing":"small","image_alignment":"top","direction":"left","speed":"20s","disable_top_spacing":false,"disable_bottom_spacing":false}},"product_why_PqUKhp":{"type":"Product-Why","blocks":{"faq_8wPcYq":{"type":"faq","settings":{"video":"shopify:\/\/files\/videos\/1015手把.mp4","question":"Kid-Friendly Design","answer":"Equipped with short-reach brake levers and a low step-over height, ensuring a natural and comfortable riding posture for kids"}},"faq_QHK6br":{"type":"faq","settings":{"video":"shopify:\/\/files\/videos\/1015车身.mp4","question":"Ultra-durable steel frame","answer":"High-strength durability: Built with a high-quality Hi-Ten steel frame, this bike is sturdy and long-lasting, ensuring safe and stable rides."}},"faq_Y8qbKe":{"type":"faq","settings":{"video":"shopify:\/\/files\/videos\/1015安装.mp4","question":"Adjustable & Growth-Ready Bike","answer":"Adjustable Seat and Handlebars:  Allow the bike to adapt as your child grows, providing years of companionship."}},"faq_ehTreQ":{"type":"faq","settings":{"video":"shopify:\/\/files\/videos\/1015手刹.mp4","question":"Kids' Hand Brakes Design","answer":"Teaching kids how to use hand brakes from an early age encourages proper cycling habits, helping them develop skills they’ll need as they grow into more advanced riders."}},"faq_bgLnXT":{"type":"faq","settings":{"video":"shopify:\/\/files\/videos\/1020贴纸.mp4","question":"Free DIY Stickers","answer":"Comes with free DIY stickers, allowing kids to personalize their bike and enjoy the creative experience of customizing it to their taste."}}},"block_order":["faq_8wPcYq","faq_QHK6br","faq_Y8qbKe","faq_ehTreQ","faq_bgLnXT"],"settings":{"title":""}},"product_block_X493KA":{"type":"product-block","blocks":{"block_R8HYGY":{"type":"block","settings":{"img":"shopify:\/\/shop_images\/glerc-bikes-1015.jpg","title":"2Yrs--33\" Height--12\"","desc":"I believed that she liked Little Molly, so she rode it for a long time. The brakes and training wheels gave her a sense of security.<br>@Willow"}},"block_XyKz4V":{"type":"block","settings":{"img":"shopify:\/\/shop_images\/glerc-bikes-1015_1.jpg","title":"4Yrs--39\" Height--14\"","desc":"Little Molly is so cute that everyone wants to know her origin. For outdoor activities, a safe bike is essential, so I choose GLERC.<br>@Stamped by India"}},"block_yPyEnB":{"type":"block","settings":{"img":"shopify:\/\/shop_images\/16-molly.jpg","title":"5Yrs--46\" Height--16\"","desc":"Kennedy is busy mastering her first big girl bike. She‘s obsessing with her Little Molly-it matches her vibe flawlessly.<br>@Kennedy"}},"block_73RnUw":{"type":"block","settings":{"img":"shopify:\/\/shop_images\/23.jpg","title":"6Yrs--47\" Height--18\"","desc":"My little princess is loving her bike. Riding into Spring in the cutest bike. Received many compliment at the park!<br>@Su_amelie_belle"}},"block_LDeDVr":{"type":"block","settings":{"img":"shopify:\/\/shop_images\/25.jpg","title":"6Yrs--50\" Height--20\"","desc":"Little Molly covered with the cutest vintage style bikes and accessories! So Claire's mother gave it to Claire as a gift.<br>@Claire"}}},"block_order":["block_R8HYGY","block_XyKz4V","block_yPyEnB","block_73RnUw","block_LDeDVr"],"settings":{"title":"A real-life rendition of Little Molly"}},"product_desc_cMrCPz":{"type":"product-desc","blocks":{"desc_J4U9QD":{"type":"desc","settings":{"hao":"","title":"Bike type","desc":"‎Kids Bike","hover_class":""}},"desc_BzKi7x":{"type":"desc","settings":{"hao":"","title":"Brake type","desc":"Front V-brake and Rear Drum Brake","hover_class":""}},"desc_f6pYWt":{"type":"desc","settings":{"hao":"","title":"Brand","desc":"Glerc","hover_class":""}},"desc_9G9bQ3":{"type":"desc","settings":{"hao":"","title":"Style","desc":"‎20 Inch with Kickstand","hover_class":""}},"desc_Ur7UQ8":{"type":"desc","settings":{"hao":"","title":"Age range","desc":"‎7 - 13 Years","hover_class":""}},"desc_phY88U":{"type":"desc","settings":{"hao":"","title":"Weight","desc":"25 lbs","hover_class":""}},"desc_bPaV6t":{"type":"desc","settings":{"hao":"","title":"Frame material","desc":"Steel","hover_class":""}},"desc_c4Cg3X":{"type":"desc","disabled":true,"settings":{"hao":"","title":"Brakes type","desc":"V-brake\/coast brake","hover_class":""}},"desc_3dMqMU":{"type":"desc","settings":{"hao":"","title":"Number of speeds","desc":"1","hover_class":""}},"desc_LPJiME":{"type":"desc","settings":{"hao":"","title":"Style","desc":"‎20 Inch with Kickstand","hover_class":""}},"desc_rzJ3ae":{"type":"desc","settings":{"hao":"","title":"Skill level","desc":"‎Beginner","hover_class":""}},"desc_VcKymy":{"type":"desc","settings":{"hao":"","title":"Tire valve types","desc":"Schrader valve","hover_class":""}}},"block_order":["desc_J4U9QD","desc_BzKi7x","desc_f6pYWt","desc_9G9bQ3","desc_Ur7UQ8","desc_phY88U","desc_bPaV6t","desc_c4Cg3X","desc_3dMqMU","desc_LPJiME","desc_rzJ3ae","desc_VcKymy"],"settings":{"title":"Bicycle Specifications","type":"2","link":"","tt":"","desc":"","svg":""}},"product_desc_FynUg7":{"type":"product-desc","blocks":{"desc_KNg7VB":{"type":"desc","settings":{"img":"shopify:\/\/shop_images\/f7d7c897f798fc44c391847188c3ac79_15224ce1-73fc-427e-903a-87173d32be8c.jpg","hao":"","title":"","desc":"","hover_class":""}}},"block_order":["desc_KNg7VB"],"settings":{"title":"Size Chart","type":"1","link":"","tt":"","desc":"","svg":""}},"product_desc_3KtErx":{"type":"product-desc","blocks":{"desc_EPzDWG":{"type":"desc","settings":{"hao":"","title":"Video","desc":"","hover_class":""}}},"block_order":["desc_EPzDWG"],"settings":{"title":"Video","type":"4","link":"https:\/\/cdn.shopify.com\/videos\/c\/o\/v\/a545023fcb414c5a88f6195d71d3f0d2.mp4","tt":"","desc":"","svg":""}},"faq_custom_faDQfk":{"type":"faq-custom","blocks":{"faq_xrkCiB":{"type":"faq","settings":{"question":"<p>What is the difference between \"Little Miss\" and \"Little Molly\"?<\/p>","answer":"<p>The biggest difference is that Little Molly has fenders, while Little Miss does not. Additionally, some Little Miss bikes have V-brakes, while others use caliper brakes. Little Molly exclusively uses V-brakes, and going forward, all Little Miss bikes will also feature V-brakes.<\/p>"}},"faq_4mkTd8":{"type":"faq","settings":{"question":"<p>How can I track my order?<\/p>","answer":"<p>To track your order, use the tracking number provided in your shipping confirmation email. You can enter it on our tracking page. <\/p>"}},"faq_8r79jz":{"type":"faq","settings":{"question":"<p>Does the bicycle have a basket ?<\/p>","answer":"<p>Little Molly comes with handwoven rattan baskets. However, it should be noted that this basket cannot be soaked with water, as it is prone to mold and rot after being soaked with water.<\/p>"}},"faq_Dnxbqr":{"type":"faq","settings":{"question":"<p>How do I mount my bike? Will installation tools be given away?<\/p>","answer":"<p>Yes. Installation tools will be provided.There is an installation video on the website details page. Or you can go to our YouTube account, which has installation videos for all of our bikes.<a href=\"https:\/\/www.youtube.com\/@glercbikes\" title=\"https:\/\/www.youtube.com\/@glercbikes\">https:\/\/www.youtube.com\/@glercbikes<\/a><\/p>"}},"faq_dGeRHU":{"type":"faq","settings":{"question":"<p>How much does this bike weigh?<\/p>","answer":"<p>Bicycles of different sizes have varying weights. You can check the detailed weight data in the images under the 'Sizing Chart' section on this page.<\/p>"}}},"block_order":["faq_xrkCiB","faq_4mkTd8","faq_8r79jz","faq_Dnxbqr","faq_dGeRHU"],"custom_css":[".faq .faq_all h3 {background: unset; text-align: center; margin: 80px auto 30px; line-height: 1;}","@media only screen and (max-width: 768px) {.faq .faq_all h3 {margin: 50px auto 20px; }}"],"settings":{"title":"FAQs"}},"1734331873d508d1fa":{"type":"apps","blocks":{"specification_compare_comparison_table_Xww9cF":{"type":"shopify:\/\/apps\/spec-compare\/blocks\/comparison-table\/a9d09772-f36d-4539-a4c4-7bd785bc12c0","settings":{"product":"{{product}}","product_list":[],"fallback_to_related_products":false,"exclude_sold_out_products":false,"enable_show_differences_switch":false,"differences_switch_mode":"highlight_differences","show_variant_selector":false,"show_group_names":true,"maximum_rows":10,"maximum_visible_products":5,"show_in_modal":false,"modal_trigger_button_text":"","app_block_margin":0,"app_block_max_width":"full_width","app_block_custom_max_width":800,"show_product_image":true,"show_product_vendor":false,"show_product_price":true,"show_product_rating":true,"show_view_details_button":true,"enable_ai_analysis":false}}},"block_order":["specification_compare_comparison_table_Xww9cF"],"disabled":true,"settings":{"full_width":false,"space_around":true}},"173313775347c66365":{"type":"apps","blocks":{"judge_me_reviews_review_widget_3pKLTC":{"type":"shopify:\/\/apps\/judge-me-reviews\/blocks\/review_widget\/61ccd3b1-a9f2-4160-9fe9-4fec8413e5d8","settings":{}}},"block_order":["judge_me_reviews_review_widget_3pKLTC"],"settings":{"full_width":false,"space_around":true}},"index_why_hWNNnm":{"type":"index-why","blocks":{"icon_z33Fra":{"type":"icon","settings":{"icon":"shopify:\/\/shop_images\/20240903-142001.gif","title":"Free <br>Shipping","desc":"<p>Enjoy free shipping on all orders within the UK, get a cost-effective shopping experience.<\/p>"}},"icon_cfTWN8":{"type":"icon","settings":{"icon":"shopify:\/\/shop_images\/20240903-141959.gif","title":"Expert <br>Customer Support","desc":"<p>For questions, Please email us at <a>support@glercbikes.co.uk<\/a>, and we’ll assist you<\/p>"}},"icon_VDwtH7":{"type":"icon","settings":{"icon":"shopify:\/\/shop_images\/20240903-141954.gif","title":"Secure <br>Payment","desc":"<p>We accept credit cards, PayPal,VISA , and more for your convenience.<\/p>"}},"icon_nN36mw":{"type":"icon","settings":{"icon":"shopify:\/\/shop_images\/20240903-141957.gif","title":"45 Days<br>Easy Return","desc":"<p>If there are quality issues before assembly, return or exchange it free within 45 days<\/p>"}}},"block_order":["icon_z33Fra","icon_cfTWN8","icon_VDwtH7","icon_nN36mw"],"settings":{"head_title":""}},"sub":{"type":"product-full-width","disabled":true,"settings":{"max_width":true}},"faq":{"type":"faq","blocks":{"faq-0":{"type":"question","settings":{"title":"Frequently asked question","text":"<p>Use this text to answer questions in as much detail as possible for your customers.<\/p>"}},"faq-1":{"type":"question","settings":{"title":"Frequently asked question","text":"<p>Use this text to answer questions in as much detail as possible for your customers.<\/p>"}},"faq-2":{"type":"question","settings":{"title":"Frequently asked question","text":"<p>Use this text to answer questions in as much detail as possible for your customers.<\/p>"}}},"block_order":["faq-0","faq-1","faq-2"],"disabled":true,"settings":{"title":"FAQs"}},"product-recommendations":{"type":"product-recommendations","disabled":true,"settings":{"product_recommendations_heading":"You may also like","related_count":4,"products_per_row":2}},"recently-viewed":{"type":"recently-viewed","disabled":true,"settings":{"recent_count":5}},"collection-return":{"type":"collection-return","disabled":true,"settings":{}},"index_count_D8iUQa":{"type":"index-count","blocks":{"count_Ha6QRB":{"type":"count","settings":{"count":"11,000","unit":"+","desc":"5-star reviews"}},"count_g8bEf8":{"type":"count","settings":{"count":"1,500,000","unit":"+","desc":"glerc riders"}},"count_38dzEn":{"type":"count","settings":{"count":"53","unit":"","desc":"Countries Across the Globe"}},"count_Bi488w":{"type":"count","settings":{"count":"66,000","unit":"T+","desc":"Co2 reduction"}}},"block_order":["count_Ha6QRB","count_g8bEf8","count_38dzEn","count_Bi488w"],"settings":{}}},"order":["main","scrolling_images_Q7g3pB","product_why_PqUKhp","product_block_X493KA","product_desc_cMrCPz","product_desc_FynUg7","product_desc_3KtErx","faq_custom_faDQfk","1734331873d508d1fa","173313775347c66365","index_why_hWNNnm","sub","faq","product-recommendations","recently-viewed","collection-return","index_count_D8iUQa"]}