{"sections":{"main":{"type":"main-product","blocks":{"price":{"type":"price","settings":{}},"judge_me_reviews_preview_badge_paEFhQ":{"type":"shopify:\/\/apps\/judge-me-reviews\/blocks\/preview_badge\/61ccd3b1-a9f2-4160-9fe9-4fec8413e5d8","settings":{}},"klarna_on_site_messaging_app_block_rGtkhM":{"type":"shopify:\/\/apps\/klarna-on-site-messaging\/blocks\/app-block\/b95936a9-74b6-4a95-8103-6a1b6459c25e","settings":{"data_key":"top-strip-promotion-badge","theme":"default","topPadding":"10","bottomPadding":"0","messagePrefix":""}},"separator":{"type":"separator","settings":{}},"variant_picker":{"type":"variant_picker","settings":{"variant_labels":true,"picker_type":"button","product_dynamic_variants_enable":false,"color_swatches":true}},"sales_point":{"type":"sales_point","settings":{"icon":"truck","text":"Free shipping in UK"}},"inventory_status":{"type":"inventory_status","settings":{"inventory_threshold":10,"inventory_transfers_enable":true}},"buy_buttons":{"type":"buy_buttons","settings":{"show_dynamic_checkout":true,"surface_pickup_enable":false,"show_gift_card_recipient":false}},"discunts_zrkfi7":{"type":"discunts","disabled":true,"settings":{}},"gsc_countdown_timer_countdown_BDMENi":{"type":"shopify:\/\/apps\/gsc-countdown-timer\/blocks\/countdown\/58dc5b1b-43d2-4209-b1f3-52aff31643ed","disabled":true,"settings":{"widget_id":"GSC-SMALL-TufYhuFtuasD"}},"selleasy_lb_upsell_addon_block_JjzbrV":{"type":"shopify:\/\/apps\/selleasy\/blocks\/lb-upsell-addon-block\/790c1a03-a71f-4bc1-9869-00dad526d3c2","settings":{}},"tab_CzdRJ7":{"type":"tab","settings":{"title":"Top Features","content":"<ul><li>Durable Hi-Ten Steel Frame<\/li><li>Back Coast Brake & Front Brake<\/li><li>Removable Stabilisers <\/li><li>Adjustable Quick-release Seat<\/li><li>Adjustable Handlebar<\/li><li>Fully Enclosed Chainguards<\/li><li>Wicker Bakset<\/li><li>Bell & Reflectors<\/li><li>Free DIY stickers<\/li><\/ul>","page":""}},"description":{"type":"description","settings":{"is_tab":true}},"tab":{"type":"tab","settings":{"title":"Shipping information","content":"","page":"shipping-policy-preview"}},"tab_mChHxJ":{"type":"tab","settings":{"title":"Return information","content":"","page":"return-refund-policy-preview"}},"tab_WF3ece":{"type":"tab","settings":{"title":"What's in the box?","content":"<p>Stabilisers, Basket, Mudguard, Reflectors, Tool Kit, Bell, Sticker<\/p>","page":""}},"contact":{"type":"contact","settings":{"title":"Ask a question","phone":false}}},"block_order":["price","judge_me_reviews_preview_badge_paEFhQ","klarna_on_site_messaging_app_block_rGtkhM","separator","variant_picker","sales_point","inventory_status","buy_buttons","discunts_zrkfi7","gsc_countdown_timer_countdown_BDMENi","selleasy_lb_upsell_addon_block_JjzbrV","tab_CzdRJ7","description","tab","tab_mChHxJ","tab_WF3ece","contact"],"settings":{"sku_enable":false,"image_position":"left","image_size":"large","product_zoom_enable":true,"thumbnail_position":"below","thumbnail_height":"flexible","thumbnail_arrows":false,"mobile_layout":"full","enable_video_looping":true,"product_video_style":"muted"}},"product_block_X493KA":{"type":"product-block","blocks":{"block_R8HYGY":{"type":"block","settings":{"img":"shopify:\/\/shop_images\/glerc-bikes-1015.jpg","title":"Willow(2Yrs)--33\" Height--12\"Pink","desc":"It's amazing that my little princess is growing up so fast that she could ride bike. I believed that she liked Little molly, so she rode it for a long time. The brakes and training wheels gave her a sense of security."}},"block_XyKz4V":{"type":"block","settings":{"img":"shopify:\/\/shop_images\/glerc-bikes-1015_1.jpg","title":"stamped_by_india_(4Yrs)--39\" Height--14\"Yellow","desc":"Little Molly is so cute, everyone wanted to know where it came from.When it comes to outdoor activities, of course safety first, but comfort and feeling confident in what you are wearing makes all the difference."}},"block_73RnUw":{"type":"block","settings":{"img":"shopify:\/\/shop_images\/glerc-girls-bikes_2.jpg","title":"Kennedy(5Yrs)--46\" Height--16\"Peach","desc":"Kennedy is busy mastering her first big girl bike, turning every pedal into her own stylish adventure. Who knew riding a bike could be such a fashion statement?! She‘s obsessing with her Little Molly-it matches her vibe flawlessly."}},"block_LDeDVr":{"type":"block","settings":{"img":"shopify:\/\/shop_images\/glerc-bikes-girls-1015.jpg","title":"su_amelie_belle(6Yrs)--47\" Height--18\"Mint Green","desc":"My little princess is loving her bike.So stylish, girly and beautiful! Little Molly are the sweetest!!Riding into Spring in the cutest bike. Received many compliment at the park!"}}},"block_order":["block_R8HYGY","block_XyKz4V","block_73RnUw","block_LDeDVr"],"disabled":true,"settings":{"title":"A real-life rendition of Little Molly"}},"scrolling_images_yntqAM":{"type":"scrolling-images","blocks":{"image_rfTfMJ":{"type":"image","settings":{"image":"shopify:\/\/shop_images\/1_11.jpg","link":"","heading":"","text":""}},"image_w3RF7e":{"type":"image","settings":{"image":"shopify:\/\/shop_images\/1_10.jpg","link":"","heading":"Heading","text":"<p>Add description text here.<\/p>"}},"image_ec6QjJ":{"type":"image","settings":{"image":"shopify:\/\/shop_images\/1_8.jpg","link":"","heading":"Heading","text":"<p>Add description text here.<\/p>"}},"image_DTGDjm":{"type":"image","settings":{"image":"shopify:\/\/shop_images\/1_9.jpg","link":"","heading":"Heading","text":"<p>Add description text here.<\/p>"}},"image_Q7BQf4":{"type":"image","settings":{"image":"shopify:\/\/shop_images\/1_15.jpg","link":"","heading":"Heading","text":"<p>Add description text here.<\/p>"}},"image_gme3Q9":{"type":"image","settings":{"image":"shopify:\/\/shop_images\/1_4ccfbe9e-21ca-4a7a-9975-397e49d22220.jpg","link":"","heading":"Heading","text":"<p>Add description text here.<\/p>"}}},"block_order":["image_rfTfMJ","image_w3RF7e","image_ec6QjJ","image_DTGDjm","image_Q7BQf4","image_gme3Q9"],"settings":{"image_ratio":"adapt","column_spacing":"small","image_alignment":"top","direction":"left","speed":"20s","disable_top_spacing":false,"disable_bottom_spacing":false}},"text_and_image_cdAXyx":{"type":"text-and-image","settings":{"image":"shopify:\/\/shop_images\/glerc_bikes_high_res-10.jpg","image_mask":"square","image2_mask":"none","subtitle":"","title":"Kid-Friendly Appeal","text":"<p>Little Molly is renowned for its charming retro look, elegant lines, and nostalgic details, making your child feel special and stylish while riding. <\/p>","button_label":"","button_link":"","button_style":"primary","align_text":"left","image_width":"50","layout":"right","divider":false,"top_padding":true,"bottom_padding":true,"lazyload_images":true}},"text_and_image_iAXabd":{"type":"text-and-image","settings":{"image":"shopify:\/\/shop_images\/glerc_bikes_high_res-3.jpg","image_mask":"square","image2_mask":"none","subtitle":"","title":"Comfortable Riding","text":"<p>Designed for young riders, our bikes offer a smooth and comfortable ride. The ergonomic saddle and handlebars ensure proper posture, reducing strain and enhancing the overall experience.<\/p>","button_label":"","button_link":"","button_style":"primary","align_text":"left","image_width":"50","layout":"left","divider":false,"top_padding":false,"bottom_padding":true,"lazyload_images":true}},"text_and_image_egnQJk":{"type":"text-and-image","settings":{"image":"shopify:\/\/shop_images\/glerc_bikes_high_res-2.jpg","image_mask":"square","image2_mask":"none","subtitle":"","title":"Safe and Sturdy","text":"<p>Safety is our top priority. our bikes have been tested by TÜV SÜD, and all components meet children's safety standards. Our bicycles are consistently manufactured in accordance with safety standards.<\/p>","button_label":"","button_link":"","button_style":"primary","align_text":"left","image_width":"50","layout":"right","divider":false,"top_padding":false,"bottom_padding":true,"lazyload_images":true}},"product_desc_cMrCPz":{"type":"product-desc","blocks":{"desc_cgQVjg":{"type":"desc","settings":{"hao":"","title":"Bike type","desc":"‎Kids Bike","hover_class":""}},"desc_phY88U":{"type":"desc","settings":{"hao":"","title":"Brand","desc":"Glerc","hover_class":""}},"desc_c4Cg3X":{"type":"desc","settings":{"hao":"","title":"Brakes type","desc":"Front V-brake and Rear Drum Brake","hover_class":""}},"desc_BXFmap":{"type":"desc","settings":{"hao":"","title":"Wheel size","desc":"‎12 Inches","hover_class":""}},"desc_3Nbdft":{"type":"desc","settings":{"hao":"","title":"Style","desc":"‎12 Inch with Stabilisers","hover_class":""}},"desc_QQTcxn":{"type":"desc","settings":{"hao":"","title":"Weight","desc":"17 lbs","hover_class":""}},"desc_bPaV6t":{"type":"desc","settings":{"hao":"","title":"Frame material","desc":"‎Carbon steel","hover_class":""}},"desc_6y9pkU":{"type":"desc","settings":{"hao":"","title":"Tire valve types","desc":"Schrader valve","hover_class":""}},"desc_kDwa9q":{"type":"desc","settings":{"hao":"","title":"Wheelset","desc":"Aluminum","hover_class":""}},"desc_3dMqMU":{"type":"desc","settings":{"hao":"","title":"Number of speeds","desc":"1","hover_class":""}},"desc_LyDQzF":{"type":"desc","settings":{"hao":"","title":"Included components","desc":"‎Stabilisers, Basket, Mudguard, Reflectors, Tool Kit, Bell, Sticker","hover_class":""}},"desc_njYeeq":{"type":"desc","settings":{"hao":"","title":"Features","desc":"‎Adjustable Handlebars, Adjustable Seat, Basket","hover_class":""}}},"block_order":["desc_cgQVjg","desc_phY88U","desc_c4Cg3X","desc_BXFmap","desc_3Nbdft","desc_QQTcxn","desc_bPaV6t","desc_6y9pkU","desc_kDwa9q","desc_3dMqMU","desc_LyDQzF","desc_njYeeq"],"settings":{"title":"Specification","type":"2","link":"","tt":"","desc":"","svg":""}},"product_desc_FynUg7":{"type":"product-desc","blocks":{"desc_KNg7VB":{"type":"desc","settings":{"img":"shopify:\/\/shop_images\/f7d7c897f798fc44c391847188c3ac79_fcb58110-6929-4d7b-b599-22fa94d74332.jpg","hao":"","title":"","desc":"","hover_class":""}}},"block_order":["desc_KNg7VB"],"settings":{"title":"Size Chart","type":"1","link":"","tt":"","desc":"","svg":""}},"product_desc_3KtErx":{"type":"product-desc","blocks":{"desc_EPzDWG":{"type":"desc","settings":{"hao":"","title":"Video","desc":"","hover_class":""}}},"block_order":["desc_EPzDWG"],"settings":{"title":"Video","type":"4","link":"https:\/\/cdn.shopify.com\/videos\/c\/o\/v\/a545023fcb414c5a88f6195d71d3f0d2.mp4","tt":"","desc":"","svg":""}},"17340914562956f9d4":{"type":"apps","blocks":{"specification_compare_comparison_table_4bNebR":{"type":"shopify:\/\/apps\/spec-compare\/blocks\/comparison-table\/a9d09772-f36d-4539-a4c4-7bd785bc12c0","settings":{"product":"{{product}}","product_list":[],"fallback_to_related_products":false,"exclude_sold_out_products":false,"enable_show_differences_switch":false,"differences_switch_mode":"highlight_differences","show_variant_selector":false,"show_group_names":true,"maximum_rows":10,"maximum_visible_products":5,"show_in_modal":false,"modal_trigger_button_text":"","app_block_margin":0,"app_block_max_width":"full_width","app_block_custom_max_width":800,"show_product_image":true,"show_product_vendor":false,"show_product_price":true,"show_product_rating":true,"show_view_details_button":true,"enable_ai_analysis":false}}},"block_order":["specification_compare_comparison_table_4bNebR"],"settings":{"full_width":false,"space_around":true}},"1733132850248d615c":{"type":"apps","blocks":{"judge_me_reviews_review_widget_DM8eJT":{"type":"shopify:\/\/apps\/judge-me-reviews\/blocks\/review_widget\/61ccd3b1-a9f2-4160-9fe9-4fec8413e5d8","settings":{}}},"block_order":["judge_me_reviews_review_widget_DM8eJT"],"settings":{"full_width":false,"space_around":true}},"index_why_hWNNnm":{"type":"index-why","blocks":{"icon_z33Fra":{"type":"icon","settings":{"icon":"shopify:\/\/shop_images\/20240903-142001.gif","title":"Free <br>Shipping","desc":"<p>Enjoy free shipping on all orders within the UK, get a cost-effective shopping experience.<\/p>"}},"icon_cfTWN8":{"type":"icon","settings":{"icon":"shopify:\/\/shop_images\/20240903-141959.gif","title":"Expert <br>Customer Support","desc":"<p>For questions, Please email us at <a>support@glercbikes.co.uk<\/a>, and we’ll assist you<\/p>"}},"icon_VDwtH7":{"type":"icon","settings":{"icon":"shopify:\/\/shop_images\/20240903-141954.gif","title":"Secure <br>Payment","desc":"<p>We accept credit cards, PayPal,VISA , and more for your convenience.<\/p>"}},"icon_nN36mw":{"type":"icon","settings":{"icon":"shopify:\/\/shop_images\/20240903-141957.gif","title":"45 Days<br>Easy Return","desc":"<p>If there are quality issues before assembly, return or exchange it free within 45 days<\/p>"}}},"block_order":["icon_z33Fra","icon_cfTWN8","icon_VDwtH7","icon_nN36mw"],"settings":{"head_title":""}},"sub":{"type":"product-full-width","disabled":true,"settings":{"max_width":true}},"faq":{"type":"faq","blocks":{"faq-0":{"type":"question","settings":{"title":"Frequently asked question","text":"<p>Use this text to answer questions in as much detail as possible for your customers.<\/p>"}},"faq-1":{"type":"question","settings":{"title":"Frequently asked question","text":"<p>Use this text to answer questions in as much detail as possible for your customers.<\/p>"}},"faq-2":{"type":"question","settings":{"title":"Frequently asked question","text":"<p>Use this text to answer questions in as much detail as possible for your customers.<\/p>"}}},"block_order":["faq-0","faq-1","faq-2"],"disabled":true,"settings":{"title":"FAQs"}},"product-recommendations":{"type":"product-recommendations","disabled":true,"settings":{"product_recommendations_heading":"You may also like","related_count":4,"products_per_row":2}},"recently-viewed":{"type":"recently-viewed","settings":{"recent_count":5}},"collection-return":{"type":"collection-return","settings":{}}},"order":["main","product_block_X493KA","scrolling_images_yntqAM","text_and_image_cdAXyx","text_and_image_iAXabd","text_and_image_egnQJk","product_desc_cMrCPz","product_desc_FynUg7","product_desc_3KtErx","17340914562956f9d4","1733132850248d615c","index_why_hWNNnm","sub","faq","product-recommendations","recently-viewed","collection-return"]}