{"sections":{"main":{"type":"main-product","blocks":{"price":{"type":"price","settings":{}},"separator":{"type":"separator","settings":{}},"variant_picker":{"type":"variant_picker","settings":{"variant_labels":true,"picker_type":"button","product_dynamic_variants_enable":false,"color_swatches":true}},"sales_point":{"type":"sales_point","settings":{"icon":"truck","text":"Free shipping in UK"}},"inventory_status":{"type":"inventory_status","settings":{"inventory_threshold":10,"inventory_transfers_enable":true}},"buy_buttons":{"type":"buy_buttons","settings":{"show_dynamic_checkout":true,"surface_pickup_enable":true,"show_gift_card_recipient":false}},"gsc_countdown_timer_countdown_9cGM7A":{"type":"shopify:\/\/apps\/gsc-countdown-timer\/blocks\/countdown\/58dc5b1b-43d2-4209-b1f3-52aff31643ed","settings":{"widget_id":"GSC-SMALL-TufYhuFtuasD"}},"selleasy_lb_upsell_addon_block_z9U97r":{"type":"shopify:\/\/apps\/selleasy\/blocks\/lb-upsell-addon-block\/790c1a03-a71f-4bc1-9869-00dad526d3c2","settings":{}},"tab_CzdRJ7":{"type":"tab","settings":{"title":"Top Features","content":"<ul><li>Durable Hi-Ten Steel Frame<\/li><li>Front & Rear alloy V-Brakes<\/li><li>Adjustable Seat<\/li><li>Adjustable Handlebar<\/li><li>SHIMANO 6 Speed Derailleur<\/li><li>Bell & Reflectors<\/li><li>Kickstand & Fenders<\/li><li>Wicker Basket<\/li><li>with bike rack<\/li><\/ul>","page":""}},"description":{"type":"description","settings":{"is_tab":true}},"tab":{"type":"tab","settings":{"title":"Shipping information","content":"","page":"shipping-policy-preview"}},"tab_mChHxJ":{"type":"tab","settings":{"title":"Return information","content":"","page":"return-refund-policy-preview"}},"tab_4VbQet":{"type":"tab","settings":{"title":"What's in the box?","content":"<p>Bike,Kickstand,Mudguard, Reflectors, Tool Kit, Bell,Bsaket,bike rack<\/p>","page":""}},"contact":{"type":"contact","settings":{"title":"Ask a question","phone":false}}},"block_order":["price","separator","variant_picker","sales_point","inventory_status","buy_buttons","gsc_countdown_timer_countdown_9cGM7A","selleasy_lb_upsell_addon_block_z9U97r","tab_CzdRJ7","description","tab","tab_mChHxJ","tab_4VbQet","contact"],"settings":{"sku_enable":false,"image_position":"left","image_size":"large","product_zoom_enable":true,"thumbnail_position":"below","thumbnail_height":"flexible","thumbnail_arrows":false,"mobile_layout":"full","enable_video_looping":true,"product_video_style":"muted"}},"product_block_X493KA":{"type":"product-block","blocks":{"block_R8HYGY":{"type":"block","settings":{"img":"shopify:\/\/shop_images\/glerc-bikes-1015.jpg","title":"Willow(2Yrs)--33\" Height--12\"Pink","desc":"It's amazing that my little princess is growing up so fast that she could ride bike. I believed that she liked Little molly, so she rode it for a long time. The brakes and training wheels gave her a sense of security."}},"block_XyKz4V":{"type":"block","settings":{"img":"shopify:\/\/shop_images\/glerc-bikes-1015_1.jpg","title":"stamped_by_india_(4Yrs)--39\" Height--14\"Yellow","desc":"Little Molly is so cute, everyone wanted to know where it came from.When it comes to outdoor activities, of course safety first, but comfort and feeling confident in what you are wearing makes all the difference."}},"block_73RnUw":{"type":"block","settings":{"img":"shopify:\/\/shop_images\/glerc-girls-bikes_2.jpg","title":"Kennedy(5Yrs)--46\" Height--16\"Peach","desc":"Kennedy is busy mastering her first big girl bike, turning every pedal into her own stylish adventure. Who knew riding a bike could be such a fashion statement?! She‘s obsessing with her Little Molly-it matches her vibe flawlessly."}},"block_LDeDVr":{"type":"block","settings":{"img":"shopify:\/\/shop_images\/glerc-bikes-girls-1015.jpg","title":"su_amelie_belle(6Yrs)--47\" Height--18\"Mint Green","desc":"My little princess is loving her bike.So stylish, girly and beautiful! Little Molly are the sweetest!!Riding into Spring in the cutest bike. Received many compliment at the park!"}}},"block_order":["block_R8HYGY","block_XyKz4V","block_73RnUw","block_LDeDVr"],"disabled":true,"settings":{"title":"A real-life rendition of Little Molly"}},"text_and_image_cdAXyx":{"type":"text-and-image","settings":{"image":"shopify:\/\/shop_images\/missy-1024-with_1.jpg","image_mask":"square","image2_mask":"none","subtitle":"","title":"Igniting Cycling Passion","text":"<p>Glerc ignites a lifelong passion for cycling with meticulously crafted children's bicycles. Our bikes boast color schemes and frame geometry designed to captivate young riders, fostering a deep and enduring love for the sport.<\/p>","button_label":"","button_link":"","button_style":"primary","align_text":"left","image_width":"50","layout":"right","divider":false,"top_padding":false,"bottom_padding":true,"lazyload_images":true}},"text_and_image_iAXabd":{"type":"text-and-image","settings":{"image":"shopify:\/\/shop_images\/missy-1024-with_2.jpg","image_mask":"square","image2_mask":"none","subtitle":"","title":"Retro Elegance","text":"<p>Experience Timeless Elegance: Dive into the allure of the Girls Classic bike, meticulously crafted with a vintage design that transcends trends.Modern Security, Retro Charm:  complete with tan seat<\/p>","button_label":"","button_link":"","button_style":"primary","align_text":"left","image_width":"50","layout":"left","divider":false,"top_padding":false,"bottom_padding":true,"lazyload_images":true}},"text_and_image_egnQJk":{"type":"text-and-image","settings":{"image":"shopify:\/\/shop_images\/missy-1024-with_3.jpg","image_mask":"square","image2_mask":"none","subtitle":"","title":"Safe and Sturdy","text":"<p><br\/>Safety is our top priority. our bikes have been tested by TÜV SÜD, and all components meet children's safety standards. Our bicycles are consistently manufactured in accordance with safety standards.<\/p>","button_label":"","button_link":"","button_style":"primary","align_text":"left","image_width":"50","layout":"right","divider":false,"top_padding":false,"bottom_padding":false,"lazyload_images":true}},"product_desc_cMrCPz":{"type":"product-desc","blocks":{"desc_xMzw74":{"type":"desc","settings":{"hao":"","title":"Age range","desc":"Youth","hover_class":""}},"desc_xeUFPf":{"type":"desc","settings":{"hao":"","title":"Bike type","desc":"‎City Bike","hover_class":""}},"desc_ECUVyd":{"type":"desc","settings":{"hao":"","title":"Brake type","desc":"‎Linear Pull","hover_class":""}},"desc_4egaJj":{"type":"desc","settings":{"hao":"","title":"Style","desc":"‎26 inches \/ with shelf","hover_class":""}},"desc_WjanKK":{"type":"desc","settings":{"hao":"","title":"Brand","desc":"Glerc","hover_class":""}},"desc_zaMnVX":{"type":"desc","settings":{"hao":"","title":"Frame material","desc":"‎Carbon steel","hover_class":""}},"desc_HLbeMq":{"type":"desc","settings":{"hao":"","title":"Number of speeds","desc":"6","hover_class":""}},"desc_qmwhAb":{"type":"desc","settings":{"hao":"","title":"Wheel size","desc":"‎26 Inches","hover_class":""}},"desc_JCKcn7":{"type":"desc","settings":{"hao":"","title":"Weight","desc":"33 lbs","hover_class":""}},"desc_3BhAFR":{"type":"desc","settings":{"hao":"","title":"Shifter","desc":"Shimano Revoshift","hover_class":""}},"desc_7L8YJV":{"type":"desc","settings":{"hao":"","title":"Deraileur","desc":"Shimano TY21 6 Speeds","hover_class":""}},"desc_mMiGXm":{"type":"desc","settings":{"hao":"","title":"Extras","desc":"Wicker basket, Bell, Diy stickers included","hover_class":""}}},"block_order":["desc_xMzw74","desc_xeUFPf","desc_ECUVyd","desc_4egaJj","desc_WjanKK","desc_zaMnVX","desc_HLbeMq","desc_qmwhAb","desc_JCKcn7","desc_3BhAFR","desc_7L8YJV","desc_mMiGXm"],"settings":{"title":"Product Details","type":"2","link":"","tt":"","desc":"","svg":""}},"product_desc_FynUg7":{"type":"product-desc","blocks":{"desc_KNg7VB":{"type":"desc","settings":{"img":"shopify:\/\/shop_images\/f7d7c897f798fc44c391847188c3ac79_afa8c5e0-3cbe-48cd-910a-99f4d8c2aa3d.jpg","hao":"","title":"","desc":"","hover_class":""}}},"block_order":["desc_KNg7VB"],"settings":{"title":"Size Chart","type":"1","link":"","tt":"","desc":"","svg":""}},"featured_video_CcNfd6":{"type":"featured-video","disabled":true,"settings":{"title":"","video_url":"https:\/\/www.youtube.com\/watch?v=kBb6l3_1kpY","divider":false}},"index_why_hWNNnm":{"type":"index-why","blocks":{"icon_z33Fra":{"type":"icon","settings":{"icon":"shopify:\/\/shop_images\/20240903-142001.gif","title":"Free <br>Shipping","desc":"<p>Enjoy free shipping on all orders within the UK, get a cost-effective shopping experience.<\/p>"}},"icon_cfTWN8":{"type":"icon","settings":{"icon":"shopify:\/\/shop_images\/20240903-141959.gif","title":"Expert Customer Support","desc":"<p>For questions, Please email us at <a>support@glercbikes.co.uk<\/a>, and we’ll assist you<\/p>"}},"icon_VDwtH7":{"type":"icon","settings":{"icon":"shopify:\/\/shop_images\/20240903-141954.gif","title":"Secure <br>Payment","desc":"<p>We accept credit cards, PayPal,VISA , and more for your convenience.<\/p>"}},"icon_nN36mw":{"type":"icon","settings":{"icon":"shopify:\/\/shop_images\/20240903-141957.gif","title":"45 Days<br>Easy Return","desc":"<p>If there are quality issues before assembly, return or exchange it free within 45 days<\/p>"}}},"block_order":["icon_z33Fra","icon_cfTWN8","icon_VDwtH7","icon_nN36mw"],"settings":{"head_title":""}},"sub":{"type":"product-full-width","disabled":true,"settings":{"max_width":true}},"faq":{"type":"faq","blocks":{"faq-0":{"type":"question","settings":{"title":"Frequently asked question","text":"<p>Use this text to answer questions in as much detail as possible for your customers.<\/p>"}},"faq-1":{"type":"question","settings":{"title":"Frequently asked question","text":"<p>Use this text to answer questions in as much detail as possible for your customers.<\/p>"}},"faq-2":{"type":"question","settings":{"title":"Frequently asked question","text":"<p>Use this text to answer questions in as much detail as possible for your customers.<\/p>"}}},"block_order":["faq-0","faq-1","faq-2"],"disabled":true,"settings":{"title":"FAQs"}},"product-recommendations":{"type":"product-recommendations","disabled":true,"settings":{"product_recommendations_heading":"You may also like","related_count":4,"products_per_row":2}},"recently-viewed":{"type":"recently-viewed","settings":{"recent_count":5}},"collection-return":{"type":"collection-return","settings":{}}},"order":["main","product_block_X493KA","text_and_image_cdAXyx","text_and_image_iAXabd","text_and_image_egnQJk","product_desc_cMrCPz","product_desc_FynUg7","featured_video_CcNfd6","index_why_hWNNnm","sub","faq","product-recommendations","recently-viewed","collection-return"]}