{"sections":{"main":{"type":"main-product","blocks":{"price":{"type":"price","settings":{}},"judge_me_reviews_preview_badge_XereLH":{"type":"shopify:\/\/apps\/judge-me-reviews\/blocks\/preview_badge\/61ccd3b1-a9f2-4160-9fe9-4fec8413e5d8","settings":{}},"separator":{"type":"separator","settings":{}},"variant_picker":{"type":"variant_picker","settings":{"variant_labels":true,"picker_type":"button","product_dynamic_variants_enable":false,"color_swatches":true}},"sales_point":{"type":"sales_point","settings":{"icon":"truck","text":"Free shipping in UK"}},"inventory_status":{"type":"inventory_status","settings":{"inventory_threshold":10,"inventory_transfers_enable":true}},"buy_buttons":{"type":"buy_buttons","settings":{"show_dynamic_checkout":true,"surface_pickup_enable":true,"show_gift_card_recipient":false}},"gsc_countdown_timer_countdown_jBLRYY":{"type":"shopify:\/\/apps\/gsc-countdown-timer\/blocks\/countdown\/58dc5b1b-43d2-4209-b1f3-52aff31643ed","settings":{"widget_id":"GSC-SMALL-TufYhuFtuasD"}},"selleasy_lb_upsell_addon_block_6RUPiP":{"type":"shopify:\/\/apps\/selleasy\/blocks\/lb-upsell-addon-block\/790c1a03-a71f-4bc1-9869-00dad526d3c2","settings":{}},"tab_CzdRJ7":{"type":"tab","settings":{"title":"Top Features","content":"<ul><li>Brushed Aluminium Frame<\/li><li>Hex Lock Bolts<\/li><li>aluminum pedals<\/li><li>Front and rear v-brakes<\/li><li>Adjustable Seat<\/li><li>Belt Drivetrain<\/li><li>Narrow Q-Factor Crankset<\/li><li>Kickstand and training wheels sold separately<\/li><\/ul>","page":""}},"tab_QAjHEE":{"type":"tab","settings":{"title":"Specifications","content":"<ul><li>Weight: Refer to size chart<\/li><li>Frame: Brushed Aluminium<\/li><li>Stem: Aluminum , Quill<\/li><li>Handlebar: Aluminum , Height adjustable<\/li><li>Seat: Glerc Comfort, Quick Release<\/li><li>Brakes Type:Front and rear v-brakes<\/li><li>Brake Lever: Aluminum<\/li><li>Wheelset: Aluminum<\/li><li>Gears: 1<\/li><li>Training Wheels: None<\/li><li>Kickstand: None<\/li><\/ul>","page":""}},"description":{"type":"description","settings":{"is_tab":true}},"tab":{"type":"tab","settings":{"title":"Shipping information","content":"","page":"shipping-policy-preview"}},"tab_mChHxJ":{"type":"tab","settings":{"title":"Return information","content":"","page":"return-refund-policy-preview"}},"tab_xDatRc":{"type":"tab","settings":{"title":"What's in the box?","content":"<p>Bike,Stabilisers, Mudguard, Reflectors, Tool Kit, Bell,water bottle<\/p>","page":""}}},"block_order":["price","judge_me_reviews_preview_badge_XereLH","separator","variant_picker","sales_point","inventory_status","buy_buttons","gsc_countdown_timer_countdown_jBLRYY","selleasy_lb_upsell_addon_block_6RUPiP","tab_CzdRJ7","tab_QAjHEE","description","tab","tab_mChHxJ","tab_xDatRc"],"settings":{"sku_enable":false,"image_position":"left","image_size":"large","product_zoom_enable":true,"thumbnail_position":"below","thumbnail_height":"flexible","thumbnail_arrows":false,"mobile_layout":"full","enable_video_looping":true,"product_video_style":"muted"}},"product_block_X493KA":{"type":"product-block","blocks":{"block_R8HYGY":{"type":"block","settings":{"img":"shopify:\/\/shop_images\/glerc-bikes-1015.jpg","title":"Willow(2Yrs)--33\" Height--12\"Pink","desc":"It's amazing that my little princess is growing up so fast that she could ride bike. I believed that she liked Little molly, so she rode it for a long time. The brakes and training wheels gave her a sense of security."}},"block_XyKz4V":{"type":"block","settings":{"img":"shopify:\/\/shop_images\/glerc-bikes-1015_1.jpg","title":"stamped_by_india_(4Yrs)--39\" Height--14\"Yellow","desc":"Little Molly is so cute, everyone wanted to know where it came from.When it comes to outdoor activities, of course safety first, but comfort and feeling confident in what you are wearing makes all the difference."}},"block_73RnUw":{"type":"block","settings":{"img":"shopify:\/\/shop_images\/glerc-girls-bikes_2.jpg","title":"Kennedy(5Yrs)--46\" Height--16\"Peach","desc":"Kennedy is busy mastering her first big girl bike, turning every pedal into her own stylish adventure. Who knew riding a bike could be such a fashion statement?! She‘s obsessing with her Little Molly-it matches her vibe flawlessly."}},"block_LDeDVr":{"type":"block","settings":{"img":"shopify:\/\/shop_images\/glerc-bikes-girls-1015.jpg","title":"su_amelie_belle(6Yrs)--47\" Height--18\"Mint Green","desc":"My little princess is loving her bike.So stylish, girly and beautiful! Little Molly are the sweetest!!Riding into Spring in the cutest bike. Received many compliment at the park!"}}},"block_order":["block_R8HYGY","block_XyKz4V","block_73RnUw","block_LDeDVr"],"disabled":true,"settings":{"title":"A real-life rendition of Little Molly"}},"text_and_image_cdAXyx":{"type":"text-and-image","settings":{"image":"shopify:\/\/shop_images\/1_e71393ae-0c67-4e35-b9b7-8922e62be5a7.jpg","image_mask":"square","image2_mask":"none","subtitle":"","title":"Ultra-Light Aluminum Frame","text":"<p>Weighing just 12.46 lbs, the 14-inch frame is easy to handle for a smooth, effortless ride. Made from high-strength, rust-resistant aluminum, it’s built for durability and reliability in any terrain or weather.<\/p>","button_label":"","button_link":"","button_style":"primary","align_text":"left","image_width":"50","layout":"right","divider":false,"top_padding":false,"bottom_padding":true,"lazyload_images":true}},"text_and_image_iAXabd":{"type":"text-and-image","settings":{"image":"shopify:\/\/shop_images\/3_3355e00d-9131-4f18-84ec-057a8b33a603.jpg","image_mask":"square","image2_mask":"none","subtitle":"","title":"Maintenance-Free Belt Drive","text":"<p>The belt drive system eliminates the dirt and upkeep of traditional metal chains. No rust, no grease, no stretching—designed for everyday riding with a clean, hassle-free experience.<\/p>","button_label":"","button_link":"","button_style":"primary","align_text":"left","image_width":"50","layout":"left","divider":false,"top_padding":false,"bottom_padding":true,"lazyload_images":true}},"text_and_image_egnQJk":{"type":"text-and-image","settings":{"image":"shopify:\/\/shop_images\/2_128eabcf-0d62-4d0d-b7d4-4697f23b3aa4.jpg","image_mask":"square","image2_mask":"none","subtitle":"","title":"Smooth Riding Experience","text":"<p>The belt drive system delivers an ultra-smooth, near-frictionless ride. It’s silent, effortless, and built for unmatched durability—so you can enjoy every moment on the road.<\/p>","button_label":"","button_link":"","button_style":"primary","align_text":"left","image_width":"50","layout":"right","divider":false,"top_padding":false,"bottom_padding":true,"lazyload_images":true}},"text_and_image_CNKF6m":{"type":"text-and-image","settings":{"image":"shopify:\/\/shop_images\/4_8c2dd16f-a025-45fc-8f48-85f853594107.jpg","image_mask":"square","image2_mask":"none","subtitle":"","title":"Reliable Braking System","text":"<p>Equipped with front and rear V-brakes, this bike delivers responsive and efficient stopping power. Designed for safety and control, it ensures a secure ride for your child in any adventure.<\/p>","button_label":"","button_link":"","button_style":"primary","align_text":"left","image_width":"50","layout":"left","divider":false,"top_padding":false,"bottom_padding":true,"lazyload_images":true}},"text_and_image_MMQmtP":{"type":"text-and-image","settings":{"image":"shopify:\/\/shop_images\/3_0a93980b-5ba3-40fc-aae7-461f616cfb75.jpg","image_mask":"square","image2_mask":"none","subtitle":"","title":"Ergonomic Design for Young Riders","text":"<p>Designed for young riders, this bike features a short stem, shoulder-width handlebars, and easy-to-reach brakes for confident and effortless handling. Every detail is built for comfort, stability, and a smooth ride.<\/p>","button_label":"","button_link":"","button_style":"primary","align_text":"left","image_width":"50","layout":"right","divider":false,"top_padding":false,"bottom_padding":true,"lazyload_images":true}},"text_and_image_eQAaGF":{"type":"text-and-image","settings":{"image":"shopify:\/\/shop_images\/cbe3bb60b6684307c0d2f747ea47766f.jpg","image_mask":"square","image2_mask":"none","subtitle":"","title":"Narrow Q-Factor Crankset","text":"<p>Designed with a super narrow 140mm Q-factor, ensuring a natural riding position for better pedaling efficiency, comfort, and control. This optimized stance reduces strain on young riders’ hips and knees, making every ride smoother and more enjoyable.<\/p>","button_label":"","button_link":"","button_style":"primary","align_text":"left","image_width":"50","layout":"left","divider":false,"top_padding":false,"bottom_padding":true,"lazyload_images":true}},"product_desc_cMrCPz":{"type":"product-desc","blocks":{"desc_FJjDYK":{"type":"desc","settings":{"hao":"","title":"Bike type","desc":"‎Kids Bike","hover_class":""}},"desc_9GRf3e":{"type":"desc","settings":{"hao":"","title":"Brake type","desc":"‎Caliper","hover_class":""}},"desc_gwznR6":{"type":"desc","settings":{"hao":"","title":"Style","desc":"‎12 Inch with Stabilisers","hover_class":""}},"desc_VGdtnh":{"type":"desc","settings":{"hao":"","title":"Brand","desc":"Glerc","hover_class":""}},"desc_ci4Qpy":{"type":"desc","settings":{"hao":"","title":"Weight","desc":"17 lbs","hover_class":""}},"desc_bPaV6t":{"type":"desc","settings":{"hao":"","title":"Frame material","desc":"‎Alloy Steel","hover_class":""}},"desc_3dMqMU":{"type":"desc","settings":{"hao":"","title":"Number of speeds","desc":"1","hover_class":""}},"desc_nEtqTC":{"type":"desc","settings":{"hao":"","title":"Skill level","desc":"Beginner","hover_class":""}},"desc_Na8nwe":{"type":"desc","settings":{"hao":"","title":"Wheel size","desc":"12 inches","hover_class":""}},"desc_WaHGkj":{"type":"desc","settings":{"hao":"","title":"Tire valve types","desc":"Schrader valve","hover_class":""}}},"block_order":["desc_FJjDYK","desc_9GRf3e","desc_gwznR6","desc_VGdtnh","desc_ci4Qpy","desc_bPaV6t","desc_3dMqMU","desc_nEtqTC","desc_Na8nwe","desc_WaHGkj"],"disabled":true,"settings":{"title":"Bicycle specifications","type":"2","link":"","tt":"","desc":"","svg":""}},"product_desc_FynUg7":{"type":"product-desc","blocks":{"desc_KNg7VB":{"type":"desc","settings":{"img":"shopify:\/\/shop_images\/f7d7c897f798fc44c391847188c3ac79_1e0b09b0-7b84-4fe0-9680-b69b8a8fee8c.jpg","hao":"","title":"","desc":"","hover_class":""}}},"block_order":["desc_KNg7VB"],"settings":{"title":"Size Chart","type":"1","link":"","tt":"","desc":"","svg":""}},"featured_video_CcNfd6":{"type":"featured-video","settings":{"title":"","video_url":"https:\/\/www.youtube.com\/watch?v=kBb6l3_1kpY","divider":false}},"17343320739e6b5670":{"type":"apps","blocks":{"specification_compare_comparison_table_kzmNPz":{"type":"shopify:\/\/apps\/spec-compare\/blocks\/comparison-table\/a9d09772-f36d-4539-a4c4-7bd785bc12c0","settings":{"product":"{{product}}","product_list":[],"fallback_to_related_products":false,"exclude_sold_out_products":false,"enable_show_differences_switch":false,"differences_switch_mode":"highlight_differences","show_variant_selector":false,"show_group_names":true,"maximum_rows":10,"maximum_visible_products":5,"show_in_modal":false,"modal_trigger_button_text":"","app_block_margin":0,"app_block_max_width":"full_width","app_block_custom_max_width":800,"show_product_image":true,"show_product_vendor":false,"show_product_price":true,"show_product_rating":true,"show_view_details_button":true}}},"block_order":["specification_compare_comparison_table_kzmNPz"],"settings":{"full_width":false,"space_around":true}},"17332120711a1f3484":{"type":"apps","blocks":{"judge_me_reviews_review_widget_yxRbde":{"type":"shopify:\/\/apps\/judge-me-reviews\/blocks\/review_widget\/61ccd3b1-a9f2-4160-9fe9-4fec8413e5d8","settings":{}}},"block_order":["judge_me_reviews_review_widget_yxRbde"],"settings":{"full_width":false,"space_around":true}},"index_why_hWNNnm":{"type":"index-why","blocks":{"icon_z33Fra":{"type":"icon","settings":{"icon":"shopify:\/\/shop_images\/20240903-142001.gif","title":"Free <br>Shipping","desc":"<p>Enjoy free shipping on all orders within the UK, get a cost-effective shopping experience.<\/p>"}},"icon_cfTWN8":{"type":"icon","settings":{"icon":"shopify:\/\/shop_images\/20240903-141959.gif","title":"Expert Customer Support","desc":"<p>For questions, Please email us at <a>support@glercbikes.co.uk<\/a>, and we’ll assist you<\/p>"}},"icon_VDwtH7":{"type":"icon","settings":{"icon":"shopify:\/\/shop_images\/20240903-141954.gif","title":"Secure <br>Payment","desc":"<p>We accept credit cards, PayPal,VISA , and more for your convenience.<\/p>"}},"icon_nN36mw":{"type":"icon","settings":{"icon":"shopify:\/\/shop_images\/20240903-141957.gif","title":"45 Days<br>Easy Return","desc":"<p>If there are quality issues before assembly, return or exchange it free within 45 days<\/p>"}}},"block_order":["icon_z33Fra","icon_cfTWN8","icon_VDwtH7","icon_nN36mw"],"settings":{"head_title":""}},"sub":{"type":"product-full-width","disabled":true,"settings":{"max_width":true}},"faq":{"type":"faq","blocks":{"faq-0":{"type":"question","settings":{"title":"Frequently asked question","text":"<p>Use this text to answer questions in as much detail as possible for your customers.<\/p>"}},"faq-1":{"type":"question","settings":{"title":"Frequently asked question","text":"<p>Use this text to answer questions in as much detail as possible for your customers.<\/p>"}},"faq-2":{"type":"question","settings":{"title":"Frequently asked question","text":"<p>Use this text to answer questions in as much detail as possible for your customers.<\/p>"}}},"block_order":["faq-0","faq-1","faq-2"],"disabled":true,"settings":{"title":"FAQs"}},"product-recommendations":{"type":"product-recommendations","disabled":true,"settings":{"product_recommendations_heading":"You may also like","related_count":4,"products_per_row":2}},"recently-viewed":{"type":"recently-viewed","settings":{"recent_count":5}},"collection-return":{"type":"collection-return","settings":{}}},"order":["main","product_block_X493KA","text_and_image_cdAXyx","text_and_image_iAXabd","text_and_image_egnQJk","text_and_image_CNKF6m","text_and_image_MMQmtP","text_and_image_eQAaGF","product_desc_cMrCPz","product_desc_FynUg7","featured_video_CcNfd6","17343320739e6b5670","17332120711a1f3484","index_why_hWNNnm","sub","faq","product-recommendations","recently-viewed","collection-return"]}