{"sections":{"main":{"type":"main-product","blocks":{"price":{"type":"price","settings":{}},"separator":{"type":"separator","settings":{}},"variant_picker":{"type":"variant_picker","settings":{"variant_labels":true,"picker_type":"button","product_dynamic_variants_enable":true,"color_swatches":false}},"sales_point":{"type":"sales_point","settings":{"icon":"globe","text":"Free worldwide shipping"}},"inventory_status":{"type":"inventory_status","settings":{"inventory_threshold":10,"inventory_transfers_enable":true}},"buy_buttons":{"type":"buy_buttons","settings":{"show_dynamic_checkout":true,"surface_pickup_enable":true,"show_gift_card_recipient":false}},"description":{"type":"description","settings":{"is_tab":false}},"tab":{"type":"tab","settings":{"title":"Shipping information","content":"<p>Use collapsible tabs for more detailed information that will help customers make a purchasing decision.<\/p><p>Ex: Shipping and return policies, size guides, and other common questions.<\/p>","page":""}},"contact":{"type":"contact","settings":{"title":"Ask a question","phone":false}},"share":{"type":"share","settings":{}}},"block_order":["price","separator","variant_picker","sales_point","inventory_status","buy_buttons","description","tab","contact","share"],"settings":{"sku_enable":false,"image_position":"left","image_size":"medium","product_zoom_enable":true,"thumbnail_position":"below","thumbnail_height":"flexible","thumbnail_arrows":false,"mobile_layout":"partial","enable_video_looping":true,"product_video_style":"muted"}},"sub":{"type":"product-full-width","settings":{"max_width":true}},"product-recommendations":{"type":"product-recommendations","settings":{"product_recommendations_heading":"You may also like","related_count":6,"products_per_row":3}},"recently-viewed":{"type":"recently-viewed","settings":{"recent_count":5}},"collection-return":{"type":"collection-return","settings":{}}},"order":["main","sub","product-recommendations","recently-viewed","collection-return"]}