{"sections":{"main":{"type":"main-product","blocks":{"price":{"type":"price","settings":{}},"judge_me_reviews_preview_badge_mrdUgU":{"type":"shopify:\/\/apps\/judge-me-reviews\/blocks\/preview_badge\/61ccd3b1-a9f2-4160-9fe9-4fec8413e5d8","settings":{}},"klarna_on_site_messaging_app_block_ccqMW8":{"type":"shopify:\/\/apps\/klarna-on-site-messaging\/blocks\/app-block\/b95936a9-74b6-4a95-8103-6a1b6459c25e","settings":{"data_key":"top-strip-promotion-badge","theme":"default","topPadding":"10","bottomPadding":"0","messagePrefix":""}},"separator":{"type":"separator","settings":{}},"discunts_3PCXfb":{"type":"discunts","settings":{}},"variant_picker":{"type":"variant_picker","settings":{"variant_labels":true,"picker_type":"button","product_dynamic_variants_enable":false,"color_swatches":true}},"sales_point":{"type":"sales_point","settings":{"icon":"truck","text":"Free shipping in UK"}},"inventory_status":{"type":"inventory_status","settings":{"inventory_threshold":10,"inventory_transfers_enable":true}},"buy_buttons":{"type":"buy_buttons","settings":{"show_dynamic_checkout":true,"surface_pickup_enable":true,"show_gift_card_recipient":false}},"gsc_countdown_timer_countdown_6ErAxL":{"type":"shopify:\/\/apps\/gsc-countdown-timer\/blocks\/countdown\/58dc5b1b-43d2-4209-b1f3-52aff31643ed","settings":{"widget_id":"GSC-SMALL-TufYhuFtuasD"}},"selleasy_lb_upsell_addon_block_FxqhTB":{"type":"shopify:\/\/apps\/selleasy\/blocks\/lb-upsell-addon-block\/790c1a03-a71f-4bc1-9869-00dad526d3c2","settings":{}},"tab_BQEQyh":{"type":"tab","settings":{"title":"Top Features","content":"<ul><li>Durable Hi-Ten Steel Frame<\/li><li>Back Brake & Front Brake<\/li><li>Removable Training Wheels<\/li><li>Adjustable Quick-release Seat<\/li><li>Adjustable Handlebar<\/li><li>Fully Enclosed Chainguards<\/li><li>Bell & Reflectors<\/li><li>Cute Basket<\/li><li>Free DIY stickers<\/li><\/ul>","page":""}},"description":{"type":"description","settings":{"is_tab":true}},"tab":{"type":"tab","settings":{"title":"Shipping information","content":"","page":"shipping-policy-preview"}},"tab_LJRHey":{"type":"tab","settings":{"title":"Return and Refund","content":"","page":"return-refund-policy-preview"}},"tab_XXJtrQ":{"type":"tab","settings":{"title":"What's in the box?","content":"<p>Bike,Kickstand, Stabilisers, Basket, Mudguard, Reflectors, Tool Kit, Bell, Sticker<\/p>","page":""}},"contact":{"type":"contact","settings":{"title":"Ask a question","phone":false}}},"block_order":["price","judge_me_reviews_preview_badge_mrdUgU","klarna_on_site_messaging_app_block_ccqMW8","separator","discunts_3PCXfb","variant_picker","sales_point","inventory_status","buy_buttons","gsc_countdown_timer_countdown_6ErAxL","selleasy_lb_upsell_addon_block_FxqhTB","tab_BQEQyh","description","tab","tab_LJRHey","tab_XXJtrQ","contact"],"settings":{"sku_enable":false,"image_position":"left","image_size":"large","product_zoom_enable":true,"thumbnail_position":"below","thumbnail_height":"flexible","thumbnail_arrows":false,"mobile_layout":"full","enable_video_looping":true,"product_video_style":"muted"}},"scrolling_images_WA4QhP":{"type":"scrolling-images","blocks":{"image_d9Ed4U":{"type":"image","settings":{"image":"shopify:\/\/shop_images\/1_3.jpg","link":"","heading":"Heading","text":"<p>Add description text here.<\/p>"}},"image_d4NrMq":{"type":"image","settings":{"image":"shopify:\/\/shop_images\/1_c7094ab8-8d16-44a9-961c-8e91d5b3976e.jpg","link":"","heading":"Heading","text":"<p>Add description text here.<\/p>"}},"image_FzPJTp":{"type":"image","settings":{"image":"shopify:\/\/shop_images\/1_4.jpg","link":"","heading":"Heading","text":"<p>Add description text here.<\/p>"}},"image_eMdFhh":{"type":"image","settings":{"image":"shopify:\/\/shop_images\/1_11_4b5c7caa-7453-46e9-bd1b-560339c77bb4.jpg","link":"","heading":"Heading","text":"<p>Add description text here.<\/p>"}},"image_gNmbKz":{"type":"image","settings":{"image":"shopify:\/\/shop_images\/1_12_57366b24-6178-454d-8571-f8b6d25f9748.jpg","link":"","heading":"Heading","text":"<p>Add description text here.<\/p>"}}},"block_order":["image_d9Ed4U","image_d4NrMq","image_FzPJTp","image_eMdFhh","image_gNmbKz"],"settings":{"image_ratio":"adapt","column_spacing":"small","image_alignment":"top","direction":"left","speed":"20s","disable_top_spacing":false,"disable_bottom_spacing":false}},"product_why_p7MkjM":{"type":"Product-Why","blocks":{"faq_LrkMhd":{"type":"faq","settings":{"video":"shopify:\/\/files\/videos\/1012shouba.mp4","question":"Kid-Friendly Design","answer":"Equipped with short-reach brake levers and a low step-over height, ensuring a natural and comfortable riding posture for kids"}},"faq_Cjxk9G":{"type":"faq","settings":{"video":"shopify:\/\/files\/videos\/1012chejiashow.mp4","question":"Ultra-durable steel frame","answer":"High-strength durability: Built with a high-quality Hi-Ten steel frame, this bike is sturdy and long-lasting, ensuring safe and stable rides."}},"faq_T38XHn":{"type":"faq","settings":{"video":"shopify:\/\/files\/videos\/1012kuaichaianzhuang.mp4","question":"Adjustable & Growth-Ready Bike","answer":"Adjustable Seat and Handlebars: Allow the bike to adapt as your child grows, providing years of companionship."}},"faq_F3gjBn":{"type":"faq","settings":{"video":"shopify:\/\/files\/videos\/1012shousha.mp4","question":"Kids' Hand Brakes Design","answer":"Teaching kids how to use hand brakes from an early age encourages proper cycling habits, helping them develop skills they’ll need as they grow into more advanced riders."}},"faq_tMwxtt":{"type":"faq","settings":{"video":"shopify:\/\/files\/videos\/1012wawa.mp4","question":"Doll Basket","answer":"The doll basket allows kids to bring their favorite toys along on bike rides. By safely placing their dolls in the basket, children learn to take care of them, helping to develop responsibility and organizational skills during their rides."}},"faq_UFQKy3":{"type":"faq","settings":{"video":"shopify:\/\/files\/videos\/1012tiezhi.mp4","question":"Free DIY Stickers","answer":"Comes with free DIY stickers, allowing kids to personalize their bike and enjoy the creative experience of customizing it to their taste."}}},"block_order":["faq_LrkMhd","faq_Cjxk9G","faq_T38XHn","faq_F3gjBn","faq_tMwxtt","faq_UFQKy3"],"settings":{"title":""}},"product_block_X493KA":{"type":"product-block","blocks":{"block_R8HYGY":{"type":"block","settings":{"img":"shopify:\/\/shop_images\/Maggie-12.jpg","title":"2Yrs-- 36\" Height--12\"","desc":"Adventure time with our favorite Glerc Bike! We’re loving every moment outdoors, and now you can too!<br>@Jamieintherockies"}},"block_XyKz4V":{"type":"block","settings":{"img":"shopify:\/\/shop_images\/Maggie-14.jpg","title":"4Yrs--42” Height--14\"","desc":"Did you have a favorite bike when you were a kid? I have a feeling this one from Glerc bikes will be she’s favorite!<br>@jermsmiechowski"}},"block_73RnUw":{"type":"block","settings":{"img":"shopify:\/\/shop_images\/Maggie-16.jpg","title":"6Yrs--43” Height--16\"","desc":"My child laughs with joy every time we ride. The bike is stable and safe, making kids feel secure. <br>@lizzy_teran"}}},"block_order":["block_R8HYGY","block_XyKz4V","block_73RnUw"],"settings":{"title":"Maggie On The Go"}},"product_desc_cMrCPz":{"type":"product-desc","blocks":{"desc_XAgnWQ":{"type":"desc","settings":{"hao":"","title":"Age range","desc":"‎Little Kid","hover_class":""}},"desc_whWAPi":{"type":"desc","settings":{"hao":"","title":"Bike type","desc":"‎Kids Bike","hover_class":""}},"desc_d6YWTw":{"type":"desc","settings":{"hao":"","title":"Brake type","desc":"‎Disc","hover_class":""}},"desc_aY3rVL":{"type":"desc","settings":{"hao":"","title":"Style","desc":"‎16 Inch With Stabilisers & Kickstand","hover_class":""}},"desc_yA7phM":{"type":"desc","settings":{"hao":"","title":"Brand","desc":"Glerc","hover_class":""}},"desc_cCJW3K":{"type":"desc","settings":{"hao":"","title":"Weight","desc":"22.5 lbs","hover_class":""}},"desc_bPaV6t":{"type":"desc","settings":{"hao":"","title":"Frame material","desc":"‎High Carbon Steel","hover_class":""}},"desc_3dMqMU":{"type":"desc","settings":{"hao":"","title":"Number of speeds","desc":"1","hover_class":""}},"desc_PJGhdR":{"type":"desc","settings":{"hao":"","title":"Skill level","desc":"Beginner","hover_class":""}},"desc_6jnFVe":{"type":"desc","settings":{"hao":"","title":"Features","desc":"‎Adjustable Handlebars, Adjustable Seat, Basket","hover_class":""}},"desc_Ng9iaM":{"type":"desc","settings":{"hao":"","title":"Included components","desc":"‎Kickstand, Stabilisers, Basket, Mudguard, Reflectors, Tool Kit, Bell, Sticker","hover_class":""}},"desc_JyM4AY":{"type":"desc","settings":{"hao":"","title":"Tire valve types","desc":"Schrader valve","hover_class":""}}},"block_order":["desc_XAgnWQ","desc_whWAPi","desc_d6YWTw","desc_aY3rVL","desc_yA7phM","desc_cCJW3K","desc_bPaV6t","desc_3dMqMU","desc_PJGhdR","desc_6jnFVe","desc_Ng9iaM","desc_JyM4AY"],"settings":{"title":"Bicycle specifications","type":"2","link":"","tt":"","desc":"","svg":""}},"product_desc_FynUg7":{"type":"product-desc","blocks":{"desc_KNg7VB":{"type":"desc","settings":{"img":"shopify:\/\/shop_images\/f7d7c897f798fc44c391847188c3ac79_11811af4-5b89-4fae-a025-8fcc145301c9.jpg","hao":"","title":"","desc":"","hover_class":""}}},"block_order":["desc_KNg7VB"],"settings":{"title":"Size Chart","type":"1","link":"","tt":"","desc":"","svg":""}},"featured_video_gzcdyr":{"type":"featured-video","settings":{"title":"Maggie Video","video_url":"https:\/\/www.youtube.com\/watch?v=oaErcH_BsgU","divider":false}},"173433135486329c0a":{"type":"apps","blocks":{"specification_compare_comparison_table_YHFTkF":{"type":"shopify:\/\/apps\/spec-compare\/blocks\/comparison-table\/a9d09772-f36d-4539-a4c4-7bd785bc12c0","settings":{"product":"{{product}}","product_list":[],"fallback_to_related_products":false,"exclude_sold_out_products":false,"enable_show_differences_switch":false,"differences_switch_mode":"highlight_differences","show_variant_selector":false,"show_group_names":true,"maximum_rows":10,"maximum_visible_products":3,"show_in_modal":false,"modal_trigger_button_text":"","app_block_margin":0,"app_block_max_width":"full_width","app_block_custom_max_width":800,"show_product_image":true,"show_product_vendor":false,"show_product_price":true,"show_product_rating":true,"show_view_details_button":true,"enable_ai_analysis":false}}},"block_order":["specification_compare_comparison_table_YHFTkF"],"settings":{"full_width":false,"space_around":true}},"1733138902be3746ce":{"type":"apps","blocks":{"judge_me_reviews_review_widget_X3HCcR":{"type":"shopify:\/\/apps\/judge-me-reviews\/blocks\/review_widget\/61ccd3b1-a9f2-4160-9fe9-4fec8413e5d8","settings":{}}},"block_order":["judge_me_reviews_review_widget_X3HCcR"],"settings":{"full_width":false,"space_around":true}},"index_why_hWNNnm":{"type":"index-why","blocks":{"icon_z33Fra":{"type":"icon","settings":{"icon":"shopify:\/\/shop_images\/20240903-142001.gif","title":"Free <br>Shipping","desc":"<p>Enjoy free shipping on all orders within the UK, get a cost-effective shopping experience.<\/p>"}},"icon_cfTWN8":{"type":"icon","settings":{"icon":"shopify:\/\/shop_images\/20240903-141959.gif","title":"Expert Customer Support","desc":"<p>For questions, Please email us at <a>support@glercbikes.co.uk<\/a>, and we’ll assist you<\/p>"}},"icon_VDwtH7":{"type":"icon","settings":{"icon":"shopify:\/\/shop_images\/20240903-141954.gif","title":"Secure <br>Payment","desc":"<p>We accept credit cards, PayPal,VISA , and more for your convenience.<\/p>"}},"icon_nN36mw":{"type":"icon","settings":{"icon":"shopify:\/\/shop_images\/20240903-141957.gif","title":"45 Days<br>Easy Return","desc":"<p>If there are quality issues before assembly, return or exchange it free within 45 days<\/p>"}}},"block_order":["icon_z33Fra","icon_cfTWN8","icon_VDwtH7","icon_nN36mw"],"settings":{"head_title":""}},"sub":{"type":"product-full-width","disabled":true,"settings":{"max_width":true}},"faq":{"type":"faq","blocks":{"faq-0":{"type":"question","settings":{"title":"Frequently asked question","text":"<p>Use this text to answer questions in as much detail as possible for your customers.<\/p>"}},"faq-1":{"type":"question","settings":{"title":"Frequently asked question","text":"<p>Use this text to answer questions in as much detail as possible for your customers.<\/p>"}},"faq-2":{"type":"question","settings":{"title":"Frequently asked question","text":"<p>Use this text to answer questions in as much detail as possible for your customers.<\/p>"}}},"block_order":["faq-0","faq-1","faq-2"],"disabled":true,"settings":{"title":"FAQs"}},"product-recommendations":{"type":"product-recommendations","disabled":true,"settings":{"product_recommendations_heading":"You may also like","related_count":4,"products_per_row":2}},"recently-viewed":{"type":"recently-viewed","settings":{"recent_count":5}},"collection-return":{"type":"collection-return","settings":{}}},"order":["main","scrolling_images_WA4QhP","product_why_p7MkjM","product_block_X493KA","product_desc_cMrCPz","product_desc_FynUg7","featured_video_gzcdyr","173433135486329c0a","1733138902be3746ce","index_why_hWNNnm","sub","faq","product-recommendations","recently-viewed","collection-return"]}