{"sections":{"main":{"type":"main-product","blocks":{"price":{"type":"price","settings":{}},"judge_me_reviews_preview_badge_WBMJhE":{"type":"shopify:\/\/apps\/judge-me-reviews\/blocks\/preview_badge\/61ccd3b1-a9f2-4160-9fe9-4fec8413e5d8","settings":{}},"klarna_on_site_messaging_app_block_Ytee34":{"type":"shopify:\/\/apps\/klarna-on-site-messaging\/blocks\/app-block\/b95936a9-74b6-4a95-8103-6a1b6459c25e","settings":{"data_key":"top-strip-promotion-badge","theme":"default","topPadding":"10","bottomPadding":"0","messagePrefix":""}},"separator":{"type":"separator","settings":{}},"variant_picker":{"type":"variant_picker","settings":{"variant_labels":true,"picker_type":"button","product_dynamic_variants_enable":false,"color_swatches":true}},"sales_point":{"type":"sales_point","settings":{"icon":"truck","text":"Free shipping in UK"}},"inventory_status":{"type":"inventory_status","settings":{"inventory_threshold":10,"inventory_transfers_enable":true}},"buy_buttons":{"type":"buy_buttons","settings":{"show_dynamic_checkout":true,"surface_pickup_enable":true,"show_gift_card_recipient":false}},"gsc_countdown_timer_countdown_8xpEcy":{"type":"shopify:\/\/apps\/gsc-countdown-timer\/blocks\/countdown\/58dc5b1b-43d2-4209-b1f3-52aff31643ed","settings":{"widget_id":"GSC-SMALL-TufYhuFtuasD"}},"selleasy_lb_upsell_addon_block_qc3p48":{"type":"shopify:\/\/apps\/selleasy\/blocks\/lb-upsell-addon-block\/790c1a03-a71f-4bc1-9869-00dad526d3c2","settings":{}},"tab_CzdRJ7":{"type":"tab","settings":{"title":"Top Features","content":"<ul><li>Durable Hi-Ten Steel Frame<\/li><li>Front & Rear alloy V-Brakes<\/li><li>Adjustable Seat<\/li><li>Adjustable Handlebar<\/li><li>SHIMANO 6 Speed Derailleur<\/li><li>Bell & Reflectors<\/li><li>Kickstand & Fenders<\/li><li>Wicker Basket<\/li><\/ul>","page":""}},"description":{"type":"description","settings":{"is_tab":true}},"tab":{"type":"tab","settings":{"title":"Shipping information","content":"","page":"shipping-policy-preview"}},"tab_mChHxJ":{"type":"tab","settings":{"title":"Return information","content":"","page":"return-refund-policy-preview"}},"tab_iWKity":{"type":"tab","settings":{"title":"What's in the box?","content":"<p>Bike,Kickstand,Mudguard, Reflectors, Tool Kit, Bell,Bsaket<\/p>","page":""}},"contact":{"type":"contact","settings":{"title":"Ask a question","phone":false}}},"block_order":["price","judge_me_reviews_preview_badge_WBMJhE","klarna_on_site_messaging_app_block_Ytee34","separator","variant_picker","sales_point","inventory_status","buy_buttons","gsc_countdown_timer_countdown_8xpEcy","selleasy_lb_upsell_addon_block_qc3p48","tab_CzdRJ7","description","tab","tab_mChHxJ","tab_iWKity","contact"],"settings":{"sku_enable":false,"image_position":"left","image_size":"large","product_zoom_enable":true,"thumbnail_position":"below","thumbnail_height":"flexible","thumbnail_arrows":false,"mobile_layout":"full","enable_video_looping":true,"product_video_style":"muted"}},"product_why_7J8dnR":{"type":"Product-Why","blocks":{"faq_PHE7Qx":{"type":"faq","settings":{"video":"shopify:\/\/files\/videos\/1024车架展示.mp4","question":"Exceptional Quality & Durability","answer":"Durable Hi-Ten Steel Frame: Made with high-strength Hi-Ten steel, this frame is built to withstand various riding conditions and terrains, ensuring lasting durability and stability."}},"faq_VYfAbH":{"type":"faq","settings":{"video":"shopify:\/\/files\/videos\/1024快拆安装.mp4","question":"Comfort & Practicality","answer":"Adjustable Quick-Release Seat and Handlebars: The seat and handlebars can be quickly adjusted to the rider’s needs with a convenient quick-release mechanism. Allows riders to find the most comfortable riding position."}},"faq_FG99Df":{"type":"faq","settings":{"video":"shopify:\/\/files\/videos\/1024手刹_3e29958c-bcdf-496e-a05c-746cef30696e.mp4","question":"Ultimate Safety","answer":"Front & Rear Alloy V-Brake System: Featuring high-performance alloy V-brakes, this system delivers powerful stopping power and precise control, ensuring quick, reliable stops for maximum safety."}},"faq_pB6NYJ":{"type":"faq","settings":{"video":"shopify:\/\/files\/videos\/1024举车.mp4","question":"Lightweight Design","answer":"Lightweight Frame: Weighing just 20\"-26.5 lbs (24\"-29.8 lbs), the lightweight design makes the bike easier to handle and carry, making it perfect for daily commuting and casual rides."}},"faq_PNQGtF":{"type":"faq","settings":{"video":"shopify:\/\/files\/videos\/变速器调节.mp4","question":"Effortless Riding Experience","answer":"Equipped with a SHIMANO 6-speed gear system, offering a wide range of riding options, from casual rides to long-distance commuting and even uphill cycling. Smooth gear shifts enhance the overall comfort and fluidity of the ride."}},"faq_BRyXdW":{"type":"faq","settings":{"video":"shopify:\/\/files\/videos\/1024喝水.mp4","question":"Stylish & Functional","answer":"The front wicker basket features a classic and practical design, perfect for carrying personal items like backpacks, water bottles, or snacks—ideal for everyday use."}},"faq_GEzWLJ":{"type":"faq","settings":{"video":"shopify:\/\/files\/videos\/贴纸.mp4","question":"Free DIY Stickers","answer":"The included DIY stickers add a personalized touch to the bike, encouraging riders to customize its look with their own creativity."}}},"block_order":["faq_PHE7Qx","faq_VYfAbH","faq_FG99Df","faq_pB6NYJ","faq_PNQGtF","faq_BRyXdW","faq_GEzWLJ"],"settings":{"title":"Why Kids Love Glerc Missy"}},"product_block_X493KA":{"type":"product-block","blocks":{"block_R8HYGY":{"type":"block","settings":{"img":"shopify:\/\/shop_images\/Missy-24.jpg","title":"10Yrs--52\" Height--20\"","desc":"Neighborhood bike rides are our favorite way to end the day. Love this Glerc bike! It's so stylish and charming.<br>@Emilycpe"}},"block_XyKz4V":{"type":"block","settings":{"img":"shopify:\/\/shop_images\/missy-24-1.jpg","title":"12Yrs--56\" Height--24\"","desc":"The best bike for entire family, Glerc bike is so adorable & affordable & durable & easy to pedal & fun to ride :).<br>@nataliyastrizheus"}},"block_73RnUw":{"type":"block","settings":{"img":"shopify:\/\/shop_images\/missy-24-2.jpg","title":"14Yrs--61\" Height--24\"","desc":"Just got back from a ride and wow, what a vibe! The wind in my hair and the sun shining down... feels amazing! again!<br>@Cammie"}}},"block_order":["block_R8HYGY","block_XyKz4V","block_73RnUw"],"settings":{"title":"A real-life rendition of Little Molly"}},"text_and_image_cdAXyx":{"type":"text-and-image","disabled":true,"settings":{"image":"shopify:\/\/shop_images\/missy-no-reak_1.jpg","image_mask":"square","image2_mask":"none","subtitle":"","title":"Igniting Cycling Passion","text":"<p>Glerc ignites a lifelong passion for cycling with meticulously crafted children's bicycles. Our bikes boast color schemes and frame geometry designed to captivate young riders, fostering a deep and enduring love for the sport.<\/p>","button_label":"","button_link":"","button_style":"primary","align_text":"left","image_width":"50","layout":"right","divider":false,"top_padding":false,"bottom_padding":true,"lazyload_images":true}},"text_and_image_iAXabd":{"type":"text-and-image","disabled":true,"settings":{"image":"shopify:\/\/shop_images\/missy-no-reak_2.jpg","image_mask":"square","image2_mask":"none","subtitle":"","title":"Vintage Elegance","text":"<p>Experience Timeless Elegance: Dive into the allure of the Girls Classic bike, meticulously crafted with a vintage design that transcends trends.Modern Security, Retro Charm:  complete with tan seat<\/p>","button_label":"","button_link":"","button_style":"primary","align_text":"left","image_width":"50","layout":"left","divider":false,"top_padding":false,"bottom_padding":true,"lazyload_images":true}},"text_and_image_egnQJk":{"type":"text-and-image","disabled":true,"settings":{"image":"shopify:\/\/shop_images\/missy-no-reak_3.jpg","image_mask":"square","image2_mask":"none","subtitle":"","title":"Safe and Sturdy","text":"<p>Safety is our top priority. our bikes have been tested by TÜV SÜD, and all components meet children's safety standards. Our bicycles are consistently manufactured in accordance with safety standards.<\/p>","button_label":"","button_link":"","button_style":"primary","align_text":"left","image_width":"50","layout":"right","divider":false,"top_padding":false,"bottom_padding":true,"lazyload_images":true}},"product_desc_cMrCPz":{"type":"product-desc","blocks":{"desc_Xpw9eN":{"type":"desc","settings":{"hao":"","title":"Age range","desc":"Youth","hover_class":""}},"desc_GK9Kxi":{"type":"desc","settings":{"hao":"","title":"Bike type","desc":"‎City Bike","hover_class":""}},"desc_YJzf7E":{"type":"desc","settings":{"hao":"","title":"Brake type","desc":"‎Linear Pull","hover_class":""}},"desc_xwKTK9":{"type":"desc","settings":{"hao":"","title":"Style","desc":"‎24 inches \/ without shelf","hover_class":""}},"desc_Gw3GQb":{"type":"desc","settings":{"hao":"","title":"Brand","desc":"Glerc","hover_class":""}},"desc_bPaV6t":{"type":"desc","settings":{"hao":"","title":"Frame material","desc":"‎Carbon steel","hover_class":""}},"desc_UwjwqK":{"type":"desc","settings":{"hao":"","title":"Number of speeds","desc":"6","hover_class":""}},"desc_tiYyfx":{"type":"desc","settings":{"hao":"","title":"Features","desc":"‎Lightweight, with Basket","hover_class":""}},"desc_Lewn8t":{"type":"desc","settings":{"hao":"","title":"Wheel size","desc":"‎24 Inches","hover_class":""}},"desc_MzkxCa":{"type":"desc","settings":{"hao":"","title":"Weight","desc":"30 lbs","hover_class":""}},"desc_YFCpTe":{"type":"desc","settings":{"hao":"","title":"Shifter","desc":"Shimano Revoshift","hover_class":""}},"desc_JHDBX3":{"type":"desc","settings":{"hao":"","title":"Deraileur","desc":"Shimano TY21 6 Speeds","hover_class":""}},"desc_LyDQzF":{"type":"desc","settings":{"hao":"","title":"Extras","desc":"Wicker basket, Bell, Diy stickers included","hover_class":""}},"desc_879DhB":{"type":"desc","settings":{"hao":"","title":"Tire valve types","desc":"Schrader valve","hover_class":""}}},"block_order":["desc_Xpw9eN","desc_GK9Kxi","desc_YJzf7E","desc_xwKTK9","desc_Gw3GQb","desc_bPaV6t","desc_UwjwqK","desc_tiYyfx","desc_Lewn8t","desc_MzkxCa","desc_YFCpTe","desc_JHDBX3","desc_LyDQzF","desc_879DhB"],"settings":{"title":"Bicycle specifications","type":"2","link":"","tt":"","desc":"","svg":""}},"product_desc_FynUg7":{"type":"product-desc","blocks":{"desc_KNg7VB":{"type":"desc","settings":{"img":"shopify:\/\/shop_images\/f7d7c897f798fc44c391847188c3ac79_afa8c5e0-3cbe-48cd-910a-99f4d8c2aa3d.jpg","hao":"","title":"","desc":"","hover_class":""}}},"block_order":["desc_KNg7VB"],"settings":{"title":"Size Chart","type":"1","link":"","tt":"","desc":"","svg":""}},"featured_video_CcNfd6":{"type":"featured-video","disabled":true,"settings":{"title":"","video_url":"https:\/\/www.youtube.com\/watch?v=kBb6l3_1kpY","divider":false}},"faq_custom_LziC6X":{"type":"faq-custom","blocks":{"faq_rkeTHM":{"type":"faq","settings":{"question":"<p>Can training wheels be installed on this bike?<\/p>","answer":"<p>It cannot. This bike is not compatible with training wheels.<\/p>"}},"faq_yjt9Cc":{"type":"faq","settings":{"question":"<p>How can I track my order?<\/p>","answer":"<p>To track your order, use the tracking number provided in your shipping confirmation email. You can enter it on our tracking page. <\/p>"}},"faq_JF7JWf":{"type":"faq","settings":{"question":"<p>What size bike should I buy?<\/p>","answer":"<p>You can determine what size bike to choose based on your child’s height. You can decide after reading the children's bicycle size chart on our website.<\/p>"}},"faq_g6LKFQ":{"type":"faq","settings":{"question":"<p>Does the bicycle have a basket ?<\/p>","answer":"<p>Missy comes with handwoven rattan baskets. However, it should be noted that this basket cannot be soaked with water, as it is prone to mold and rot after being soaked with water.<\/p>"}},"faq_hkiarN":{"type":"faq","settings":{"question":"<p>How do I mount my bike? Will installation tools be given away?<\/p>","answer":"<p>Yes. Installation tools will be provided.There is an installation video on the website details page. Or you can go to our YouTube account, which has installation videos for all of our bikes.<a href=\"https:\/\/www.youtube.com\/@glercbikes\" title=\"https:\/\/www.youtube.com\/@glercbikes\">https:\/\/www.youtube.com\/@glercbikes<\/a><\/p>"}},"faq_jRVqhM":{"type":"faq","settings":{"question":"<p>How much does this bike weigh?<\/p>","answer":"<p>Bicycles of different sizes have varying weights. You can check the detailed weight data in the images under the 'Sizing Chart' section on this page.<\/p>"}}},"block_order":["faq_rkeTHM","faq_yjt9Cc","faq_JF7JWf","faq_g6LKFQ","faq_hkiarN","faq_jRVqhM"],"custom_css":[".faq .faq_all h3 {background: unset; text-align: center; margin: 80px auto 30px; line-height: 1;}","@media only screen and (max-width: 768px) {.faq .faq_all h3 {margin: 50px auto 20px; }}"],"settings":{"title":"FAQs"}},"1733139061481e7634":{"type":"apps","blocks":{"judge_me_reviews_review_widget_cJXfyR":{"type":"shopify:\/\/apps\/judge-me-reviews\/blocks\/review_widget\/61ccd3b1-a9f2-4160-9fe9-4fec8413e5d8","settings":{}}},"block_order":["judge_me_reviews_review_widget_cJXfyR"],"settings":{"full_width":false,"space_around":true}},"index_why_hWNNnm":{"type":"index-why","blocks":{"icon_z33Fra":{"type":"icon","settings":{"icon":"shopify:\/\/shop_images\/20240903-142001.gif","title":"Free <br>Shipping","desc":"<p>Enjoy free shipping on all orders within the UK, get a cost-effective shopping experience.<\/p>"}},"icon_cfTWN8":{"type":"icon","settings":{"icon":"shopify:\/\/shop_images\/20240903-141959.gif","title":"Expert <br>Customer Support","desc":"<p>For questions, Please email us at <a>support@glercbikes.co.uk<\/a>, and we’ll assist you<\/p>"}},"icon_VDwtH7":{"type":"icon","settings":{"icon":"shopify:\/\/shop_images\/20240903-141954.gif","title":"Secure <br>Payment","desc":"<p>We accept credit cards, PayPal,VISA , and more for your convenience.<\/p>"}},"icon_nN36mw":{"type":"icon","settings":{"icon":"shopify:\/\/shop_images\/20240903-141957.gif","title":"45 Days<br>Easy Return","desc":"<p>If there are quality issues before assembly, return or exchange it free within 45 days<\/p>"}}},"block_order":["icon_z33Fra","icon_cfTWN8","icon_VDwtH7","icon_nN36mw"],"settings":{"head_title":""}},"sub":{"type":"product-full-width","disabled":true,"settings":{"max_width":true}},"faq":{"type":"faq","blocks":{"faq-0":{"type":"question","settings":{"title":"Frequently asked question","text":"<p>Use this text to answer questions in as much detail as possible for your customers.<\/p>"}},"faq-1":{"type":"question","settings":{"title":"Frequently asked question","text":"<p>Use this text to answer questions in as much detail as possible for your customers.<\/p>"}},"faq-2":{"type":"question","settings":{"title":"Frequently asked question","text":"<p>Use this text to answer questions in as much detail as possible for your customers.<\/p>"}}},"block_order":["faq-0","faq-1","faq-2"],"disabled":true,"settings":{"title":"FAQs"}},"product-recommendations":{"type":"product-recommendations","disabled":true,"settings":{"product_recommendations_heading":"You may also like","related_count":4,"products_per_row":2}},"recently-viewed":{"type":"recently-viewed","settings":{"recent_count":5}},"collection-return":{"type":"collection-return","settings":{}},"index_count_Cwg4mA":{"type":"index-count","blocks":{"count_KDxeaf":{"type":"count","settings":{"count":"11,000","unit":"+","desc":"5-star reviews"}},"count_xHgeRt":{"type":"count","settings":{"count":"1,500,000","unit":"+","desc":"glerc riders"}},"count_deAeDg":{"type":"count","settings":{"count":"53","unit":"","desc":"Countries Across the Globe"}},"count_daBYGL":{"type":"count","settings":{"count":"66,000","unit":"T+","desc":"Co2 reduction"}}},"block_order":["count_KDxeaf","count_xHgeRt","count_deAeDg","count_daBYGL"],"settings":{}}},"order":["main","product_why_7J8dnR","product_block_X493KA","text_and_image_cdAXyx","text_and_image_iAXabd","text_and_image_egnQJk","product_desc_cMrCPz","product_desc_FynUg7","featured_video_CcNfd6","faq_custom_LziC6X","1733139061481e7634","index_why_hWNNnm","sub","faq","product-recommendations","recently-viewed","collection-return","index_count_Cwg4mA"]}