{"sections":{"main":{"type":"main-article","blocks":{"title":{"type":"article-header","settings":{"blog_show_tags":true,"blog_show_excerpt":true,"blog_show_author":true,"blog_show_date":true,"image_height":"large"}},"content":{"type":"content","settings":{"blog_show_author":true,"blog_show_date":true,"show_share_facebook":true,"show_share_twitter":true,"show_share_pinterest":true,"show_share_copy":true}}},"block_order":["title","content"],"settings":{"header_variant":"row","margin_top":"m"}}},"order":["main"]}