{"sections":{"banner":{"type":"main-collection-banner","settings":{"show_collection_image":false,"margin_top":"no-indent","margin_bottom":"no-indent"}},"product-grid":{"type":"main-collection-product-grid","blocks":{"image_gKiW4n":{"type":"image","disabled":true,"settings":{"image":"shopify:\/\/shop_images\/lesand-1-369.jpg","heading":"","heading_size":"h2","description":"","color_scheme":"background-1","overlay_opacity":0.1}}},"block_order":["image_gKiW4n"],"settings":{"products_per_page":32,"enable_per_row_button":true,"default_per_row":"large","enable_filtering":true,"enable_tag":true,"filter_type":"horizontal","enable_sorting":true,"image_filter_ratio":"4\/5","image_filter_fit":"cover","image_filter_columns":5,"image_ratio":"portrait","image_fit":"cover","show_vendor":false,"show_collection":false,"show_color_count":true,"show_size_count":true,"show_desc":false,"columns_mobile":"2","show_collection_description":false,"description_products":"","margin_top":"no-indent","margin_bottom":"no-indent"}}},"order":["banner","product-grid"]}