{"sections":{"slideshow":{"type":"slideshow","blocks":{"slideshow-item":{"type":"slideshow-item","settings":{"image":"shopify:\/\/shop_images\/Screenshot_2025-06-26_at_23.45.53.png","mobile_image":"shopify:\/\/shop_images\/DSCF7410_kopya-9-16-rectangle_1.jpg","overlay_opacity":0,"show_video":false,"video_url":"https:\/\/www.youtube.com\/watch?v=_9VUPq3SxOc","description_video":"","heading":"","description":"","tab_subheading":"","tab_heading":"","button_label":"","button_link":"","button_style":"tertiary","enable_fullscreen_link":true}},"slideshow_item_dYVykN":{"type":"slideshow-item","disabled":true,"settings":{"overlay_opacity":0.2,"show_video":false,"video_url":"https:\/\/www.youtube.com\/watch?v=_9VUPq3SxOc","description_video":"","heading":"Showcase What Matters Most","description":"<p>This section allows you to showcase multiple slides featuring different promotions, collections, or brand messages<\/p>","tab_subheading":"New Collection","tab_heading":"Highlight Your Best","button_label":"View More","button_link":"","button_style":"tertiary","enable_fullscreen_link":true}},"slideshow_item_XTLLTk":{"type":"slideshow-item","disabled":true,"settings":{"overlay_opacity":0.2,"show_video":false,"video_url":"https:\/\/www.youtube.com\/watch?v=_9VUPq3SxOc","description_video":"","heading":"Showcase What Matters Most","description":"<p>This section allows you to showcase multiple slides featuring different promotions, collections, or brand messages<\/p>","tab_subheading":"New Collection","tab_heading":"Highlight Your Best","button_label":"View More","button_link":"","button_style":"tertiary","enable_fullscreen_link":true}},"slideshow-item1":{"type":"slideshow-item","disabled":true,"settings":{"overlay_opacity":0.1,"show_video":false,"video_url":"https:\/\/www.youtube.com\/watch?v=_9VUPq3SxOc","description_video":"","heading":"Simplicity in Each Detail","description":"<p>Thoughtfully designed fashion that balances comfort, style, and versatility. Effortless looks that make an impact, no matter the occasion.<\/p>","tab_subheading":"","tab_heading":"Pure Sophistication","button_label":"Discover Collection","button_link":"","button_style":"tertiary","enable_fullscreen_link":true}},"slideshow-item2":{"type":"slideshow-item","disabled":true,"settings":{"overlay_opacity":0.1,"show_video":false,"video_url":"https:\/\/www.youtube.com\/watch?v=_9VUPq3SxOc","description_video":"","heading":"Timeless Style, Modern Feel","description":"<p>Wearable fashion that moves with you—comfortable, stylish, and always in season.<\/p>","tab_subheading":"","tab_heading":"Edgy Collection","button_label":"Discover Collection","button_link":"","button_style":"tertiary","enable_fullscreen_link":true}}},"block_order":["slideshow-item","slideshow_item_dYVykN","slideshow_item_XTLLTk","slideshow-item1","slideshow-item2"],"settings":{"header_overlay":true,"text_color_scheme":"","layout":"layout_2","aspect_ratio":"full","heading_size":"h1","tabs_size":"h3","is_autoplay":false,"is_hover_stop_autoplay":false,"slideshow_speed":1,"slideshow_delay":3,"slide_effects":"slide","margin_top":"no-indent","margin_bottom":"no-indent"}},"slideshow_x3tpUE":{"type":"slideshow","blocks":{"slideshow_item_JPWEWW":{"type":"slideshow-item","settings":{"image":"shopify:\/\/shop_images\/Screenshot_2025-06-26_at_23.45.53.png","overlay_opacity":0.1,"show_video":true,"mobile_video":"shopify:\/\/files\/videos\/LesnRomances_Filmgrenli.mp4","video_url":"https:\/\/www.youtube.com\/watch?v=_9VUPq3SxOc","description_video":"","heading":"","description":"","tab_subheading":"","tab_heading":"","button_label":"","button_link":"","button_style":"tertiary","enable_fullscreen_link":false}},"slideshow_item_FRgrhG":{"type":"slideshow-item","disabled":true,"settings":{"overlay_opacity":0.2,"show_video":false,"video_url":"https:\/\/www.youtube.com\/watch?v=_9VUPq3SxOc","description_video":"","heading":"Showcase What Matters Most","description":"<p>This section allows you to showcase multiple slides featuring different promotions, collections, or brand messages<\/p>","tab_subheading":"New Collection","tab_heading":"Highlight Your Best","button_label":"View More","button_link":"","button_style":"tertiary","enable_fullscreen_link":true}},"slideshow_item_cFFPiz":{"type":"slideshow-item","disabled":true,"settings":{"overlay_opacity":0.2,"show_video":false,"video_url":"https:\/\/www.youtube.com\/watch?v=_9VUPq3SxOc","description_video":"","heading":"Showcase What Matters Most","description":"<p>This section allows you to showcase multiple slides featuring different promotions, collections, or brand messages<\/p>","tab_subheading":"New Collection","tab_heading":"Highlight Your Best","button_label":"View More","button_link":"","button_style":"tertiary","enable_fullscreen_link":true}},"slideshow_item_FiU4tp":{"type":"slideshow-item","disabled":true,"settings":{"overlay_opacity":0.1,"show_video":false,"video_url":"https:\/\/www.youtube.com\/watch?v=_9VUPq3SxOc","description_video":"","heading":"Simplicity in Each Detail","description":"<p>Thoughtfully designed fashion that balances comfort, style, and versatility. Effortless looks that make an impact, no matter the occasion.<\/p>","tab_subheading":"","tab_heading":"Pure Sophistication","button_label":"Discover Collection","button_link":"","button_style":"tertiary","enable_fullscreen_link":true}},"slideshow_item_LYy86Y":{"type":"slideshow-item","disabled":true,"settings":{"overlay_opacity":0.1,"show_video":false,"video_url":"https:\/\/www.youtube.com\/watch?v=_9VUPq3SxOc","description_video":"","heading":"Timeless Style, Modern Feel","description":"<p>Wearable fashion that moves with you—comfortable, stylish, and always in season.<\/p>","tab_subheading":"","tab_heading":"Edgy Collection","button_label":"Discover Collection","button_link":"","button_style":"tertiary","enable_fullscreen_link":true}}},"block_order":["slideshow_item_JPWEWW","slideshow_item_FRgrhG","slideshow_item_cFFPiz","slideshow_item_FiU4tp","slideshow_item_LYy86Y"],"settings":{"header_overlay":true,"text_color_scheme":"","layout":"layout_2","aspect_ratio":"full","heading_size":"h1","tabs_size":"h3","is_autoplay":false,"is_hover_stop_autoplay":false,"slideshow_speed":1,"slideshow_delay":3,"slide_effects":"slide","margin_top":"no-indent","margin_bottom":"no-indent"}},"slideshow_UdLp7Y":{"type":"slideshow","blocks":{"slideshow_item_79iYAF":{"type":"slideshow-item","settings":{"image":"shopify:\/\/shop_images\/Screenshot_2025-06-26_at_23.45.53.png","overlay_opacity":0.1,"show_video":false,"video_url":"https:\/\/www.youtube.com\/watch?v=_9VUPq3SxOc","description_video":"","heading":"","description":"","tab_subheading":"","tab_heading":"","button_label":"","button_link":"","button_style":"tertiary","enable_fullscreen_link":true}},"slideshow_item_NjBjXG":{"type":"slideshow-item","disabled":true,"settings":{"overlay_opacity":0.2,"show_video":false,"video_url":"https:\/\/www.youtube.com\/watch?v=_9VUPq3SxOc","description_video":"","heading":"Showcase What Matters Most","description":"<p>This section allows you to showcase multiple slides featuring different promotions, collections, or brand messages<\/p>","tab_subheading":"New Collection","tab_heading":"Highlight Your Best","button_label":"View More","button_link":"","button_style":"tertiary","enable_fullscreen_link":true}},"slideshow_item_rpwwVX":{"type":"slideshow-item","disabled":true,"settings":{"overlay_opacity":0.2,"show_video":false,"video_url":"https:\/\/www.youtube.com\/watch?v=_9VUPq3SxOc","description_video":"","heading":"Showcase What Matters Most","description":"<p>This section allows you to showcase multiple slides featuring different promotions, collections, or brand messages<\/p>","tab_subheading":"New Collection","tab_heading":"Highlight Your Best","button_label":"View More","button_link":"","button_style":"tertiary","enable_fullscreen_link":true}},"slideshow_item_AzYcYL":{"type":"slideshow-item","disabled":true,"settings":{"overlay_opacity":0.1,"show_video":false,"video_url":"https:\/\/www.youtube.com\/watch?v=_9VUPq3SxOc","description_video":"","heading":"Simplicity in Each Detail","description":"<p>Thoughtfully designed fashion that balances comfort, style, and versatility. Effortless looks that make an impact, no matter the occasion.<\/p>","tab_subheading":"","tab_heading":"Pure Sophistication","button_label":"Discover Collection","button_link":"","button_style":"tertiary","enable_fullscreen_link":true}},"slideshow_item_bCYVKW":{"type":"slideshow-item","disabled":true,"settings":{"overlay_opacity":0.1,"show_video":false,"video_url":"https:\/\/www.youtube.com\/watch?v=_9VUPq3SxOc","description_video":"","heading":"Timeless Style, Modern Feel","description":"<p>Wearable fashion that moves with you—comfortable, stylish, and always in season.<\/p>","tab_subheading":"","tab_heading":"Edgy Collection","button_label":"Discover Collection","button_link":"","button_style":"tertiary","enable_fullscreen_link":true}}},"block_order":["slideshow_item_79iYAF","slideshow_item_NjBjXG","slideshow_item_rpwwVX","slideshow_item_AzYcYL","slideshow_item_bCYVKW"],"settings":{"header_overlay":true,"text_color_scheme":"","layout":"layout_2","aspect_ratio":"full","heading_size":"h1","tabs_size":"h3","is_autoplay":false,"is_hover_stop_autoplay":false,"slideshow_speed":1,"slideshow_delay":3,"slide_effects":"slide","margin_top":"no-indent","margin_bottom":"no-indent"}},"featured-products":{"type":"featured-products","blocks":{"product-slide":{"type":"product-slide","settings":{"image":"shopify:\/\/shop_images\/lesand-1-_172.jpg","heading":"An Elegant Glow","product":"cool-kesim-bally-pantolon-copy"}},"product-slide1":{"type":"product-slide","settings":{"image":"shopify:\/\/shop_images\/lesand-1-270.jpg","heading":"Radiate confidence with timeless pieces","product":"relaxed-formlu-lie-bluz-2"}},"product-slide2":{"type":"product-slide","settings":{"image":"shopify:\/\/shop_images\/lesand-1-1852.jpg","heading":"Discover the allure of understated elegance","product":"palm-breeze-modern-abaya-copy-3"}}},"block_order":["product-slide","product-slide1","product-slide2"],"disabled":true,"settings":{"color_scheme":"","big_image_ratio":"portrait","heading_size":"h3","columns":3,"slider":true,"stop_autoplay":true,"navigation":false,"slideshow_speed":20,"hover_effect":true,"animate_on_scroll":true,"overlay_opacity":0.1,"image_ratio":"portrait","show_vendor":false,"show_collection":false,"margin_top":"no-indent","margin_bottom":"no-indent"}},"slideshow_3xeEMA":{"type":"slideshow","blocks":{"slideshow_item_nqhAKy":{"type":"slideshow-item","settings":{"image":"shopify:\/\/shop_images\/Screenshot_2025-06-25_at_22.52.58.png","overlay_opacity":0.1,"show_video":false,"video_url":"https:\/\/www.youtube.com\/watch?v=_9VUPq3SxOc","description_video":"","heading":"","description":"","tab_subheading":"","tab_heading":"","button_label":"Discover Collection","button_link":"","button_style":"tertiary","enable_fullscreen_link":true}}},"block_order":["slideshow_item_nqhAKy"],"disabled":true,"settings":{"header_overlay":true,"text_color_scheme":"","layout":"layout_2","aspect_ratio":"full","heading_size":"h1","tabs_size":"h3","is_autoplay":false,"is_hover_stop_autoplay":false,"slideshow_speed":1,"slideshow_delay":3,"slide_effects":"fade","margin_top":"no-indent","margin_bottom":"no-indent"}},"slideshow_kWichP":{"type":"slideshow","blocks":{"slideshow_item_6RzrpJ":{"type":"slideshow-item","settings":{"image":"shopify:\/\/shop_images\/Screenshot_2025-06-25_at_22.52.58.png","overlay_opacity":0.1,"show_video":false,"video_url":"https:\/\/www.youtube.com\/watch?v=_9VUPq3SxOc","description_video":"","heading":"","description":"","tab_subheading":"","tab_heading":"","button_label":"Discover Collection","button_link":"","button_style":"tertiary","enable_fullscreen_link":true}}},"block_order":["slideshow_item_6RzrpJ"],"disabled":true,"settings":{"header_overlay":true,"text_color_scheme":"","layout":"layout_2","aspect_ratio":"full","heading_size":"h1","tabs_size":"h3","is_autoplay":false,"is_hover_stop_autoplay":false,"slideshow_speed":1,"slideshow_delay":0,"slide_effects":"fade","margin_top":"no-indent","margin_bottom":"no-indent"}},"slideshow_rfX8dB":{"type":"slideshow","blocks":{"slideshow_item_4BEKi6":{"type":"slideshow-item","settings":{"image":"shopify:\/\/shop_images\/Screenshot_2025-06-22_at_19.32.56.png","overlay_opacity":0.1,"show_video":false,"video_url":"https:\/\/www.youtube.com\/watch?v=_9VUPq3SxOc","description_video":"","heading":"Modern Classics for Every Occasion","description":"<p>Chic, well-crafted pieces that never go out of style. Whether you're dressing up or keeping it casual, find outfits that work for you.<\/p>","tab_subheading":"","tab_heading":"Bespoke Style","button_label":"Discover Collection","button_link":"","button_style":"tertiary","enable_fullscreen_link":true}},"slideshow_item_xxjqKm":{"type":"slideshow-item","settings":{"overlay_opacity":0.1,"show_video":false,"video_url":"https:\/\/www.youtube.com\/watch?v=_9VUPq3SxOc","description_video":"","heading":"Simplicity in Each Detail","description":"<p>Thoughtfully designed fashion that balances comfort, style, and versatility. Effortless looks that make an impact, no matter the occasion.<\/p>","tab_subheading":"","tab_heading":"Pure Sophistication","button_label":"Discover Collection","button_link":"","button_style":"tertiary","enable_fullscreen_link":true}},"slideshow_item_XrqH79":{"type":"slideshow-item","settings":{"overlay_opacity":0.1,"show_video":false,"video_url":"https:\/\/www.youtube.com\/watch?v=_9VUPq3SxOc","description_video":"","heading":"Timeless Style, Modern Feel","description":"<p>Wearable fashion that moves with you—comfortable, stylish, and always in season.<\/p>","tab_subheading":"","tab_heading":"Edgy Collection","button_label":"Discover Collection","button_link":"","button_style":"tertiary","enable_fullscreen_link":true}}},"block_order":["slideshow_item_4BEKi6","slideshow_item_xxjqKm","slideshow_item_XrqH79"],"disabled":true,"settings":{"header_overlay":true,"text_color_scheme":"","layout":"layout_2","aspect_ratio":"full","heading_size":"h1","tabs_size":"h3","is_autoplay":false,"is_hover_stop_autoplay":false,"slideshow_speed":1,"slideshow_delay":3,"slide_effects":"slide","margin_top":"no-indent","margin_bottom":"m"}},"product-slider":{"type":"product-slider","blocks":{"product_slide":{"type":"product_slide","settings":{"product":"fit-kesim-uzun-kollu-tisort-3","image":"shopify:\/\/shop_images\/lesand-1-369.jpg","color_scheme":"","overlay_opacity":0.1,"description":"Soft fabrics, flattering silhouettes, and timeless style."}},"product_slide1":{"type":"product_slide","settings":{"product":"","color_scheme":"","overlay_opacity":0.1,"description":"Modern, versatile, and designed to make an impact without the effort."}},"product_slide2":{"type":"product_slide","settings":{"product":"","color_scheme":"","overlay_opacity":0.1,"description":"Comfortable, chic, stylish, and always in season."}}},"block_order":["product_slide","product_slide1","product_slide2"],"disabled":true,"settings":{"image_size":"large","subheading":"","heading":"","heading_size":"h1","description":"","button_label":"","button_link":"","button_style":"simple","is_autoplay":false,"is_hover_stop_autoplay":true,"navigation_position":"cursor","slideshow_speed":1.1,"slideshow_delay":3,"slide_effects":"slide","is_sync_slide":true,"enable_animation":true,"image_ratio":"portrait","image_fit":"cover","show_vendor":false,"show_color_count":true,"show_size_count":false,"show_collection":false,"show_desc":false,"margin_top":"no-indent","margin_bottom":"no-indent"}},"media-banner":{"type":"media-banner","blocks":{"media_slide":{"type":"media_slide","settings":{"color_scheme":"","image":"shopify:\/\/shop_images\/Screenshot_2025-06-25_at_22.52.58.png","overlay_opacity":0,"enable_hover":true,"show_video":false,"video_url":"https:\/\/www.youtube.com\/watch?v=_9VUPq3SxOc","description_video":"","subheading":"","heading":"","heading_size":"h1","description":"","position_content":"center","align_content":"left","button_label":"","button_link":"","button_style":"simple","button_label2":"","button_link2":"","button_style2":"secondary","full_link":false}}},"block_order":["media_slide"],"disabled":true,"settings":{"header_overlay":false,"sticky":"sticky-effect","layout":"simple","gap":false,"aspect_ratio":"full","aspect_ratio_mobile":"full","margin_top":"no-indent","margin_bottom":"no-indent"}},"media_banner_WCEL4B":{"type":"media-banner","blocks":{"media_slide_nBrtJq":{"type":"media_slide","settings":{"color_scheme":"","image":"shopify:\/\/shop_images\/Screenshot_2025-06-25_at_22.52.58.png","overlay_opacity":0,"enable_hover":true,"show_video":false,"video_url":"https:\/\/www.youtube.com\/watch?v=_9VUPq3SxOc","description_video":"","subheading":"","heading":"","heading_size":"h1","description":"","position_content":"center","align_content":"left","button_label":"","button_link":"","button_style":"simple","button_label2":"","button_link2":"","button_style2":"secondary","full_link":false}}},"block_order":["media_slide_nBrtJq"],"disabled":true,"settings":{"header_overlay":false,"sticky":"sticky-effect","layout":"simple","gap":false,"aspect_ratio":"full","aspect_ratio_mobile":"full","margin_top":"no-indent","margin_bottom":"no-indent"}},"media_banner_6VQyRG":{"type":"media-banner","blocks":{"media_slide_p8rhMa":{"type":"media_slide","settings":{"color_scheme":"","image":"shopify:\/\/shop_images\/DSCF5877.jpg","overlay_opacity":0,"enable_hover":true,"show_video":false,"video_url":"https:\/\/www.youtube.com\/watch?v=_9VUPq3SxOc","description_video":"","subheading":"","heading":"","heading_size":"h1","description":"","position_content":"center","align_content":"left","button_label":"","button_link":"","button_style":"simple","button_label2":"","button_link2":"","button_style2":"secondary","full_link":true}}},"block_order":["media_slide_p8rhMa"],"disabled":true,"settings":{"header_overlay":false,"sticky":"sticky-none","layout":"simple","gap":false,"aspect_ratio":"full","aspect_ratio_mobile":"full","margin_top":"no-indent","margin_bottom":"no-indent"}},"media_banner_CFFY8P":{"type":"media-banner","blocks":{"media_slide_4hXRHA":{"type":"media_slide","settings":{"color_scheme":"","image":"shopify:\/\/shop_images\/Screenshot_2025-06-25_at_22.52.58.png","overlay_opacity":0,"enable_hover":true,"show_video":false,"video_url":"https:\/\/www.youtube.com\/watch?v=_9VUPq3SxOc","description_video":"","subheading":"","heading":"The Looks You’ll Love","heading_size":"h1","description":"Timeless designs, premium fabrics, and effortless wearability—essentials you’ll reach for every day.","position_content":"bottom","align_content":"left","button_label":"Discover Collection","button_link":"","button_style":"simple","button_label2":"","button_link2":"","button_style2":"secondary","full_link":true}}},"block_order":["media_slide_4hXRHA"],"disabled":true,"settings":{"header_overlay":false,"sticky":"sticky-none","layout":"simple","gap":false,"aspect_ratio":"full","aspect_ratio_mobile":"full","margin_top":"no-indent","margin_bottom":"m"}},"popular-products":{"type":"popular-products","disabled":true,"settings":{"subheading":"","heading":"","description":"","heading_size":"h1","product_list":["cool-kesim-bally-pantolon","cool-kesim-bally-pantolon-copy","cool-kesim-bally-pantolon-copy-3","everyday-basic-atlet"],"products_to_show":4,"image_ratio":"portrait","image_fit":"cover","show_vendor":false,"show_color_count":true,"show_size_count":false,"show_collection":false,"show_desc":false,"columns_mobile":"1","button_label":"","button_link":"","button_style":"simple","margin_top":"no-indent","margin_bottom":"m"}},"banner-with-popup":{"type":"banner-with-popup","blocks":{"image":{"type":"image","settings":{}},"image1":{"type":"image","settings":{}},"image2":{"type":"image","settings":{}}},"block_order":["image","image1","image2"],"disabled":true,"settings":{"aspect_ratio":"full","full_screen_image_mode":false,"heading":"New Season, New Styles","heading_size":"h1","description":"<p>Refresh your wardrobe with versatile, timeless pieces designed for effortless style.<\/p><h3><\/h3>","button_label":"View More","button_link":"","button_style":"simple","button_function":"popup","enable_animation":true,"slideshow_speed":2,"popup_heading":"The Avant-Garde Edit","popup_content_heading":"The Avant-Garde Edit","popup_content":"<p>Step into a realm of innovative style with our exclusive collection, where bold designs meet impeccable craftsmanship. This curated selection celebrates the art of fashion, merging daring silhouettes with exquisite fabrics to create looks that redefine modern elegance.<\/p><p>Each piece is crafted to make a statement, blending unique textures and unexpected cuts to elevate your wardrobe. Embrace the spirit of fearless fashion, designed to captivate and inspire confidence in every step you take.<\/p>","popup_image_size":"landscape","popup_button_label":"Shop Collection","popup_button_link":"","popup_button_style":"tertiary","margin_top":"no-indent","margin_bottom":"m"}},"media-banner-1":{"type":"media-banner","blocks":{"media_slide":{"type":"media_slide","settings":{"color_scheme":"","overlay_opacity":0,"enable_hover":true,"show_video":false,"video_url":"https:\/\/www.youtube.com\/watch?v=_9VUPq3SxOc","description_video":"","subheading":"","heading":"Beyond Basics","heading_size":"h1","description":"Timeless essentials with modern details—versatile, stylish, and effortlessly wearable.","position_content":"bottom","align_content":"left","button_label":"Discover Collection","button_link":"","button_style":"simple","button_label2":"","button_link2":"","button_style2":"secondary","full_link":true}},"media_slide1":{"type":"media_slide","disabled":true,"settings":{"color_scheme":"","overlay_opacity":0,"enable_hover":true,"show_video":false,"video_url":"https:\/\/www.youtube.com\/watch?v=_9VUPq3SxOc","description_video":"","subheading":"","heading":"Thoughtful Design","heading_size":"h1","description":"Well-made, comfortable, and stylish—clothing designed with attention to every detail.","position_content":"bottom","align_content":"left","button_label":"Discover Collection","button_link":"","button_style":"simple","button_label2":"","button_link2":"","button_style2":"secondary","full_link":true}}},"block_order":["media_slide","media_slide1"],"disabled":true,"settings":{"header_overlay":false,"sticky":"sticky-none","layout":"simple","gap":false,"aspect_ratio":"full","aspect_ratio_mobile":"full","margin_top":"no-indent","margin_bottom":"m"}},"popular-products1":{"type":"popular-products","disabled":true,"settings":{"subheading":"","heading":"","description":"","heading_size":"h1","product_list":[],"products_to_show":4,"image_ratio":"portrait","image_fit":"cover","show_vendor":false,"show_color_count":true,"show_size_count":false,"show_collection":false,"show_desc":false,"columns_mobile":"1","button_label":"","button_link":"","button_style":"simple","margin_top":"no-indent","margin_bottom":"m"}},"slideshow1":{"type":"slideshow","blocks":{"slideshow-item":{"type":"slideshow-item","settings":{"overlay_opacity":0.2,"show_video":false,"video_url":"https:\/\/www.youtube.com\/watch?v=_9VUPq3SxOc","description_video":"","heading":"","description":"<p>Highlight individuality with bold designs and luxurious fabrics.<\/p>","tab_subheading":"New Collection","tab_heading":"Summer Light","button_label":"Discover Collection","button_link":"","button_style":"tertiary","enable_fullscreen_link":true}},"slideshow-item1":{"type":"slideshow-item","settings":{"overlay_opacity":0.2,"show_video":false,"video_url":"https:\/\/www.youtube.com\/watch?v=_9VUPq3SxOc","description_video":"","heading":"","description":"<p>A collection that captures the essence of city life with bold pieces.<\/p>","tab_subheading":"Premiere","tab_heading":"Signature Launch","button_label":"Discover Collection","button_link":"","button_style":"tertiary","enable_fullscreen_link":true}},"slideshow-item2":{"type":"slideshow-item","settings":{"overlay_opacity":0.2,"show_video":false,"video_url":"https:\/\/www.youtube.com\/watch?v=_9VUPq3SxOc","description_video":"","heading":"","description":"<p>Experience comfort and style with our cozy, layered essentials.<\/p>","tab_subheading":"Campaign","tab_heading":"Universal Layers","button_label":"Discover Collection","button_link":"","button_style":"tertiary","enable_fullscreen_link":true}},"slideshow-item3":{"type":"slideshow-item","settings":{"overlay_opacity":0.2,"show_video":false,"video_url":"https:\/\/www.youtube.com\/watch?v=_9VUPq3SxOc","description_video":"","heading":"","description":"<p>Discover earthy hues and organic textures for a relaxed look.<\/p>","tab_subheading":"New Collection","tab_heading":"Natural Tones","button_label":"Discover Collection","button_link":"","button_style":"tertiary","enable_fullscreen_link":true}}},"block_order":["slideshow-item","slideshow-item1","slideshow-item2","slideshow-item3"],"disabled":true,"settings":{"header_overlay":true,"text_color_scheme":"","layout":"layout_1","aspect_ratio":"full","heading_size":"h1","tabs_size":"h2","is_autoplay":false,"is_hover_stop_autoplay":false,"slideshow_speed":1,"slideshow_delay":3,"slide_effects":"slide","margin_top":"no-indent","margin_bottom":"m"}},"featured-product":{"type":"featured-product","blocks":{"title":{"type":"title","settings":{"heading_size":"h2"}},"price":{"type":"price","settings":{}},"description":{"type":"description","settings":{"description":"With sharp lapels and a minimalist design, it's perfect for both professional settings and sophisticated evenings."}},"variant_picker":{"type":"variant_picker","settings":{"picker_type":"button","pill_group":false,"show_size_guide":false,"size_guide_text":"Size Guide","size_guide_header":"","size_guide_description":"","page":""}},"buy_buttons":{"type":"buy_buttons","settings":{"show_dynamic_checkout":false,"show_quantity":false,"notification_modal":true,"modal_button_label":"Notify Me","heading":"Some heading","description":"Some description","button_label":"Button Label","button_link":"","description_2":"Some description","button_label_2":"Button Label","button_link_2":""}}},"block_order":["title","price","description","variant_picker","buy_buttons"],"disabled":true,"settings":{"subheading":"","heading":"Most Popular Piece","heading_size":"h1","description":"","product_item":"cool-kesim-bally-pantolon-copy-4","desktop_alignment":"right","mobile_alignment":"before","image_ratio":"portrait","image_fit":"cover","button_label":"","button_link":"","button_style":"simple","margin_top":"no-indent","margin_bottom":"m"}},"image-with-text":{"type":"image-with-text","disabled":true,"settings":{"aspect_ratio":"original","heading_position":"center","text_width":"medium","subheading":"","heading":"We focus on well-designed, quality clothing that fits your lifestyle. Thoughtfully made for comfort, versatility, and everyday wear.","heading_size":"h1","text":"","enable_animation":true,"button_label":"Read Our Story","button_link":"","button_style":"simple","image_width":"small","height":"portrait","layout":"image_bottom","margin_top":"l","margin_bottom":"l"}},"featured-blog":{"type":"featured-blog","disabled":true,"settings":{"blog":"","post_limit":4,"columns_per_row":4,"post_layout":"column","subheading":"","heading":"Journal","heading_size":"h1","description":"","blog_button_label":"View Journal","button_style":"simple","card_heading_size":"h2","hover_effect":true,"inner_button_label":"Read More","button_color_scheme":"","overlay_opacity":0.2,"tags_position":"bottom","show_image":true,"show_tags":true,"show_date":true,"show_author":true,"show_excerpt":false,"image_ratio":"square","margin_top":"l","margin_bottom":"m"}},"media-banner-2":{"type":"media-banner","blocks":{"media_slide":{"type":"media_slide","disabled":true,"settings":{"color_scheme":"","overlay_opacity":0,"enable_hover":true,"show_video":false,"video_url":"https:\/\/www.youtube.com\/watch?v=_9VUPq3SxOc","description_video":"","subheading":"","heading":"The Go-To Collection","heading_size":"h1","description":"Reliable, stylish, and effortlessly wearable clothing for any occasion, any season.","position_content":"bottom","align_content":"left","button_label":"Discover Collection","button_link":"","button_style":"simple","button_label2":"","button_link2":"","button_style2":"secondary","full_link":true}}},"block_order":["media_slide"],"disabled":true,"settings":{"header_overlay":false,"sticky":"sticky-none","layout":"simple","gap":false,"aspect_ratio":"full","aspect_ratio_mobile":"full","margin_top":"no-indent","margin_bottom":"m"}},"multicolumn":{"type":"multicolumn","blocks":{"column1":{"type":"column","settings":{"overlay_opacity":0.2,"subheading":"","heading":"Worldwide Style","description":"<p>Embrace a collection that seamlessly blends elegance with modern sophistication, inspired by the world's most fashionable cities.<\/p>","button_label":"","button_link":""}},"column":{"type":"column","settings":{"overlay_opacity":0.2,"subheading":"","heading":"Inspired by the World","description":"<p>Our collections draw inspiration from global cultures, bringing unique and eclectic styles to your wardrobe.<\/p>","button_label":"","button_link":""}},"column2":{"type":"column","settings":{"overlay_opacity":0.2,"subheading":"","heading":"Modern Nomad","description":"<p>Discover styles that travel effortlessly, combining comfort and versatility for every journey, from city streets to distant shores.<\/p>","button_label":"","button_link":""}},"column3":{"type":"column","settings":{"overlay_opacity":0.2,"subheading":"","heading":"Timeless Essentials","description":"<p>Curated pieces designed to stand the test of time, bringing you classic looks with a contemporary twist.<\/p>","button_label":"","button_link":""}},"column_QMxx6L":{"type":"column","settings":{"overlay_opacity":0.2,"subheading":"","heading":"Worldwide Style","description":"<p>Embrace a collection that seamlessly blends elegance with modern sophistication, inspired by the world's most fashionable cities.<\/p>","button_label":"","button_link":""}},"column_Uwr8nC":{"type":"column","settings":{"overlay_opacity":0.2,"subheading":"","heading":"Urban Elegance","description":"<p>Dive into a collection that captures the dynamic spirit of the city, with bold designs and refined silhouettes.<\/p>","button_label":"","button_link":""}}},"block_order":["column1","column","column2","column3","column_QMxx6L","column_Uwr8nC"],"disabled":true,"settings":{"color_scheme":"","subheading":"","heading":"","heading_size":"h1","description":"","enable_full_screen":true,"swiper":true,"stop_autoplay":true,"navigation":true,"slideshow_speed":20,"layout_type":"overlay","content_position":"img-top","on_hover":"show_text","multicolumn_to_show":2,"image_ratio":"square","object_fit":"cover","card_heading_size":"h1","button_label":"","button_style":"simple","button_link":"","margin_top":"no-indent","margin_bottom":"m"}}},"order":["slideshow","slideshow_x3tpUE","slideshow_UdLp7Y","featured-products","slideshow_3xeEMA","slideshow_kWichP","slideshow_rfX8dB","product-slider","media-banner","media_banner_WCEL4B","media_banner_6VQyRG","media_banner_CFFY8P","popular-products","banner-with-popup","media-banner-1","popular-products1","slideshow1","featured-product","image-with-text","featured-blog","media-banner-2","multicolumn"]}