{"sections":{"main":{"type":"rich-text","blocks":{"heading":{"type":"heading","settings":{"heading":"Customer Care","heading_size":"h2"}}},"block_order":["heading"],"settings":{"alignment":"center","width":"small","margin_top":"xs","margin_bottom":"xs"}},"contact-form":{"type":"contact-form","blocks":{"contact-description":{"type":"contact-description","settings":{}},"contact-description-1":{"type":"contact-description","settings":{}},"contact-description-2":{"type":"contact-description","settings":{}}},"block_order":["contact-description","contact-description-1","contact-description-2"],"settings":{"margin_bottom":"no-indent"}},"collapsible-content":{"type":"collapsible-content","blocks":{"contact-description":{"type":"accordion","settings":{}},"accordion-1":{"type":"accordion","settings":{}},"accordion-2":{"type":"accordion","settings":{}}},"block_order":["accordion-1","accordion-2"],"settings":{"heading":"FAQs","heading_size":"h2","button_label":""}}},"order":["main","contact-form","collapsible-content"]}