{"sections":{"main":{"type":"main-product","blocks":{"title":{"type":"title","settings":{"heading_size":"h3"}},"price":{"type":"price","settings":{}},"inventory":{"type":"inventory","settings":{}},"variant_picker":{"type":"variant_picker","settings":{"picker_type":"button","pill_group":true,"show_size_guide":true,"size_guide_text":"Size Guide","size_guide_header":"Find Your Fit","size_guide_description":"<p>Use our size guide to choose the right size and shop with confidence.<\/p>","page":"size-chart"}},"buy_buttons":{"type":"buy_buttons","settings":{"show_dynamic_checkout":true,"show_quantity":true,"show_gift_card_recipient":true,"notification_modal":true,"modal_button_label":"Notify Me","heading":"Notification","description":"The product is unfortunately out of stock. Please contact us to let us know when it is available.","button_label":"Customer Care","button_link":"","description_2":"We suggest you check out similar products, maybe you will find something suitable for you.","button_label_2":"View Similar Products","button_link_2":""}},"floated_form":{"type":"floated_form","settings":{"show_dynamic_checkout":true,"show_quantity":true}},"description_J3BppF":{"type":"description","settings":{"description":""}},"popup_KKFQyV":{"type":"popup","settings":{"label":"Fabric & Care","text":"<h3>Outer Material<\/h3><p>100% Goat Leather.<\/p><h3>Lining Composition<\/h3><p>Viscose 37%, modal 33%, polyester 30%<\/p>","text_2":"","heading":"","img_text":""}},"popup_yX9T7z":{"type":"popup","settings":{"label":"Shipping, Exchange & Returns","text":"<h3>Standard \/ 3-5 Business Days \/ Estimated price of $15.00<\/h3><p>We offer reliable standard shipping with delivery within 3 to 5 business days. <\/p><h3>Pick-Up In Store \/ 3-5 Business Days \/ Free<\/h3><p>Choose our free in-store pick-up option and collect your order at a location near you within 3 to 5 business days.<\/p><h3>Express Home \/ 1-2 Business Days \/ Estimated price of $15.00<\/h3><p>For those who need their items quickly, our express home delivery ensures your order arrives within 1 to 2 days.<\/p>","text_2":"<h3>Exchange & Returns<\/h3><h3>Free Store Return<\/h3><p>You can return your items to any of our stores as long as the return is made in the same market where you made the purchase. Returns are always free of charge, and the deadline for returns is 30 days from the delivery confirmation date.<\/p><h3>Free Home Return<\/h3><p>Request a home return easily through your account. We offer free home returns, and you have 30 days from the delivery confirmation date to send back your items.<\/p>","heading":"","img_text":"<p>If you still have any questions, feel free to <a href=\"\/pages\/contact\" title=\"Customer Care\">contact us.<\/a><\/p>"}},"pickup_availability_MNbMke":{"type":"pickup_availability","settings":{}},"complementary_MDe68y":{"type":"complementary","settings":{"heading":"You May Also Like","heading_size":"h3","products_limit":6,"image_ratio":"portrait","image_fit":"cover","show_vendor":false,"show_collection":false,"show_desc":false,"columns_mobile":"2"}}},"block_order":["title","price","inventory","variant_picker","buy_buttons","floated_form","description_J3BppF","popup_KKFQyV","popup_yX9T7z","pickup_availability_MNbMke","complementary_MDe68y"],"settings":{"gallery_type":"thumbs_aside_horizontal","desktop_alignment":"right","mobile_alignment":"before","slider_direction":"horizontal","image_ratio":"portrait","image_fit":"cover","enable_full_screen":false,"header_overlay":true}},"ss_product_variant_LXTMcc":{"type":"ss-product-variant","blocks":{"item_K8QP9D":{"type":"item","settings":{"image":"shopify:\/\/shop_images\/lesand-1-521_2f5b673f-09d5-44fe-93d1-b9e105d19dbb.jpg","url":""}},"item_Ritr8F":{"type":"item","settings":{"image":"shopify:\/\/shop_images\/lesand-1-_405_6de32c6c-640a-42e4-b0ce-1291454fad96.jpg","url":""}}},"block_order":["item_K8QP9D","item_Ritr8F"],"custom_css":[],"name":"SS - Product variants","settings":{"variants_position":"below_title","use_blocks":true,"layout":"slider","layout_row":4,"layout_row_mobile":4,"layout_gap":8,"layout_gap_mobile":8,"item_padding":2,"item_padding_mobile":2,"item_radius":0,"item_border_thickness":1,"item_ratio":"square","item_ratio_mobile":"square","item_bg_color":"#ffffff","item_border_color":"#ebebed","item_border_active_color":"#000000","button_icon_color":"#000000","button_icon_hover_color":"#000000","background_color":"","background_gradient":"","border_color":"#000000","margin_top":0,"margin_bottom":0,"padding_top":0,"padding_bottom":0,"padding_horizontal":0,"padding_horizontal_mobile":0,"border_thickness":0}},"product-slider":{"type":"product-slider","blocks":{"product_slide":{"type":"product_slide","settings":{"product":"","color_scheme":"","overlay_opacity":0.1,"description":"Highlight products, promos, or seasonal picks to engage visitors."}},"product_slide1":{"type":"product_slide","settings":{"product":"","color_scheme":"","overlay_opacity":0.1,"description":"Highlight products, promos, or seasonal picks to engage visitors."}},"product_slide2":{"type":"product_slide","settings":{"product":"","color_scheme":"","overlay_opacity":0.1,"description":"Highlight products, promos, or seasonal picks to engage visitors."}}},"block_order":["product_slide","product_slide1","product_slide2"],"disabled":true,"settings":{"image_size":"1\/1","subheading":"","heading":"Your Product Grid Title","heading_size":"h1","description":"","button_label":"","button_link":"","button_style":"simple","is_autoplay":false,"is_hover_stop_autoplay":false,"navigation_position":"cursor","slideshow_speed":2,"slideshow_delay":3,"slide_effects":"slide","is_sync_slide":true,"enable_animation":true,"image_ratio":"portrait","image_fit":"cover","show_vendor":false,"show_color_count":true,"show_size_count":false,"show_collection":false,"show_desc":false,"margin_top":"m","margin_bottom":"m"}},"banner-with-popup":{"type":"banner-with-popup","blocks":{"image":{"type":"image","settings":{}}},"block_order":["image"],"disabled":true,"settings":{"aspect_ratio":"full","full_screen_image_mode":true,"heading":"Banner Title Goes Here","heading_size":"h1","description":"<p>This is where you can share a quick story, highlight a special collection, or introduce an upcoming event, adding depth and making your visuals more engaging.<\/p>","button_label":"View more","button_link":"","button_style":"simple","button_function":"popup","enable_animation":false,"slideshow_speed":6,"popup_heading":"Unlock Your Special Offer","popup_content_heading":"Ready to Shop?","popup_content":"<p>You can also use this space to highlight a specific collection, showcase limited-time offers, or introduce a special event. By adding context and narrative to your visuals, you’ll make them more impactful and memorable for your customers.<\/p>","popup_image_size":"portrait","popup_button_label":"","popup_button_link":"","popup_button_style":"tertiary","margin_top":"no-indent","margin_bottom":"m"}},"product-recommendations":{"type":"product-recommendations","settings":{"subheading":"","heading":"You May Also Like","description":"","heading_size":"h1","products_limit":4,"products_to_show":4,"image_ratio":"portrait","image_fit":"cover","show_vendor":false,"show_color_count":true,"show_size_count":false,"show_collection":false,"show_desc":false,"columns_mobile":"1","button_label":"","button_link":"","button_style":"simple","margin_top":"no-indent","margin_bottom":"m"}},"custom_liquid_ck4pXm":{"type":"custom-liquid","disabled":true,"name":"t:sections.custom-liquid.presets.name","settings":{"custom_liquid":"<div id='ss-product-variants'><\/div> - Click 'Add block' -> Custom Liquid\/HTML ->"}}},"order":["main","ss_product_variant_LXTMcc","product-slider","banner-with-popup","product-recommendations","custom_liquid_ck4pXm"]}