{"sections":{"template-article":{"type":"template-article","settings":{"show_img":true,"img_orientation":"landscape-3","img_thumbnail":"img-thumbnail","border_color":"border-primary","border_width":1,"shadow_sp":"shadow-4","heading_tag":"h1","title_size":"h1","max_width":"991","article_meta_author":false,"article_meta_date":false,"show_tags":false,"show_breadcrumbs":false,"show_share_btn":true,"show_prev_next_nav":true,"img_orientation_prev_next_nav":"square","img_thumbnail_prev_next_nav":"img-thumbnail","border_color_prev_next_nav":"border-primary","shadow_sp_prev_next_nav":"shadow-4","show_scroll_progress_bar":true,"pt":6,"pb":10,"mt":0,"mb":0}},"single_product_jedjDA":{"type":"single-product","blocks":{"vendor_rC9dzb":{"type":"vendor","settings":{"image_text_align":"justify-content-left","show_brand_image":true,"metafield":"shopiweb.brand_image","brand_image_size":"120","show_vendor":true,"is_badge":false,"badge_color":"text-bg-primary","font_size":"fs-5","text_transform":"text-uppercase","text_font_weight":"normal","mt":3,"mb":3}},"title_KyBTMD":{"type":"title","settings":{"title_next":"","heading_tag":"h2","title_size":"h2","show_custom_svg_h2":true,"text_align":"text-start","mt":3,"mb":3}},"price_PjjnFL":{"type":"price","settings":{"taxes_included":true,"mt":3,"mb":3}},"variant_selector_9yQdAz":{"type":"variant_selector","settings":{"mt":3,"mb":3}},"buy_buttons_6NYUVy":{"type":"buy_buttons","settings":{"btn_color":"btn-primary","show_qty_field":true,"show_buy_btn":true,"show_dynamic_buttons":false,"mt":3,"mb":3}},"payment_icons_T4nNi4":{"type":"payment_icons","settings":{"payment_title":"PAIEMENT SÉCURISÉ","color":"#212529","show_lines":true,"payment_text":"Paiements 100% sécurisés et protégés","icon_size":50,"icon_size_mobile":50,"show_filter":false,"stripe":false,"amex":true,"apple_pay":true,"mastercard":false,"visa":true,"paypal":true,"google_pay":false,"discover":false,"amazon_pay":false,"bitcoin":false,"shop_pay":false,"klarna":false,"bancontact":false,"icon":"<svg width=\"226\" height=\"167\" viewbox=\"0 0 226 167\" fill=\"none\" xmlns=\"http:\/\/www.w3.org\/2000\/svg\"><g filter=\"url(#filter0_d_353_4479)\"><rect x=\"21.3229\" y=\"21.3229\" width=\"182.562\" height=\"124.354\" rx=\"14.5521\" fill=\"white\" stroke=\"#D9D9D9\" stroke-width=\"2.64583\"><\/rect><path fill-rule=\"evenodd\" clip-rule=\"evenodd\" d=\"M113.927 110.789C107.622 116.23 99.4425 119.515 90.5049 119.515C70.5624 119.515 54.3958 103.161 54.3958 82.9865C54.3958 62.8125 70.5624 46.4583 90.5049 46.4583C99.4425 46.4583 107.622 49.7431 113.927 55.1844C120.232 49.7431 128.412 46.4583 137.349 46.4583C157.292 46.4583 173.458 62.8126 173.458 82.9866C173.458 103.161 157.292 119.515 137.349 119.515C128.412 119.515 120.232 116.23 113.927 110.789Z\" fill=\"#ED0006\"><\/path><path fill-rule=\"evenodd\" clip-rule=\"evenodd\" d=\"M113.927 110.789C121.691 104.089 126.614 94.1193 126.614 82.9865C126.614 71.8538 121.691 61.8843 113.927 55.1843C120.232 49.743 128.412 46.4583 137.349 46.4583C157.292 46.4583 173.458 62.8125 173.458 82.9865C173.458 103.161 157.292 119.515 137.349 119.515C128.412 119.515 120.232 116.23 113.927 110.789Z\" fill=\"#F9A000\"><\/path><path fill-rule=\"evenodd\" clip-rule=\"evenodd\" d=\"M113.927 110.789C121.691 104.089 126.614 94.1193 126.614 82.9866C126.614 71.854 121.691 61.8845 113.927 55.1846C106.163 61.8845 101.24 71.854 101.24 82.9866C101.24 94.1193 106.163 104.089 113.927 110.789Z\" fill=\"#FF5E00\"><\/path><\/g><defs><filter id=\"filter0_d_353_4479\" x=\"0\" y=\"0\" width=\"225.208\" height=\"167\" filterunits=\"userSpaceOnUse\" color-interpolation-filters=\"sRGB\"><feflood flood-opacity=\"0\" result=\"BackgroundImageFix\"><\/feflood><fecolormatrix in=\"SourceAlpha\" type=\"matrix\" values=\"0 0 0 0 0 0 0 0 0 0 0 0 0 0 0 0 0 0 127 0\" result=\"hardAlpha\"><\/fecolormatrix><feoffset><\/feoffset><fegaussianblur stddeviation=\"10\"><\/fegaussianblur><fecomposite in2=\"hardAlpha\" operator=\"out\"><\/fecomposite><fecolormatrix type=\"matrix\" values=\"0 0 0 0 0 0 0 0 0 0 0 0 0 0 0 0 0 0 0.07 0\"><\/fecolormatrix><feblend mode=\"normal\" in2=\"BackgroundImageFix\" result=\"effect1_dropShadow_353_4479\"><\/feblend><feblend mode=\"normal\" in=\"SourceGraphic\" in2=\"effect1_dropShadow_353_4479\" result=\"shape\"><\/feblend><\/filter><\/defs><\/svg>","mt":3,"mb":3}}},"block_order":["vendor_rC9dzb","title_KyBTMD","price_PjjnFL","variant_selector_9yQdAz","buy_buttons_6NYUVy","payment_icons_T4nNi4"],"settings":{"bg_color":"bg-body text-body","container":"container","max_width":"","product_content_show_bg_gradient":false,"product_content_bg_gradient":"","product":"","description":"<p>Ajouter une description à cette section pour inciter les utilisateurs à en savoir plus.<\/p>","description_size":"fs-5","first_to_variant":true,"gallery_img_orientation":"square","gallery_img_thumbnail":"img-thumbnail","gallery_mobile_full_width":true,"gallery_show_thumbnails_mobile":true,"btn_text":"En savoir plus","btn_color":"btn-primary","btn_size":"btn-md","pt":5,"pb":5,"mt":0,"mb":0}},"90a9a68f-208d-40a6-8e38-6893c5ef4aeb":{"type":"featured-products","settings":{"products":[],"collection":"collection-airpods-pro","limit":12,"bg_color":"bg-light text-body","container":"container","text_align":"text-center","brand_image_size":"60","subtitle":"Proposition de valeur unique","subtitle_size":"fs-5","color_caption":"#6c757d","title_overlay":"","title_overlay_size":"3","color_title_overlay":"#000000","title":"Produits ou Collection en vedette","heading_tag":"h2","title_size":"h2","description":"","description_size":"fs-5","product_card_style":"","product_img_mode":"gallery","product_img_orientation":"square","product_img_thumbnail":"img-thumbnail","product_border_color":"border-primary","product_shadow_sp":"shadow-2","product_show_sale_badge":true,"product_sale_badge_color":"bg-success text-white","product_title_size":"h5","product_title_truncate":"text-truncate","product_show_vendor":true,"product_show_color_swatches":true,"product_show_atc_form":true,"product_form_show_inventory":true,"product_show_wishlist_btn":false,"carousel_enable":true,"carousel_arrows":true,"carousel_pagination":true,"carousel_easing":"cubic-bezier(.42,.65,.27,.99)","carousel_speed":400,"carousel_autoplay":false,"carousel_interval":5,"carousel_per_move":"0","carousel_rewind":true,"breakpoint_xs_partial":true,"breakpoint_xs":1,"breakpoint_sm":2,"breakpoint_md":2,"breakpoint_lg":3,"breakpoint_xl":4,"breakpoint_xxl":4,"btn_text":"View more products","btn_url":"","btn_color":"btn-primary","pt":10,"pb":10,"mt":0,"mb":0}}},"order":["template-article","single_product_jedjDA","90a9a68f-208d-40a6-8e38-6893c5ef4aeb"]}