{"sections":{"template-cart":{"type":"template-cart","settings":{"bg_color":"","max_width":"1000","show_note":true,"show_shipping_rates":false,"show_testimonial":true,"show_taxes_shipping":true,"product_img_orientation":"square","product_img_thumbnail":"img-thumbnail","product_border_color":"border-primary","product_border_width":1,"product_shadow_sp":"shadow-2","product_title_size":"h5","pt":11,"pb":13,"mt":0,"mb":0}},"recently_viewed_haPEJU":{"type":"recently-viewed","settings":{"bg_color":"bg-light text-body","container":"container-fluid","text_align":"text-center","brand_image_size":"60","subtitle":"","subtitle_size":"fs-5","color_caption":"#6c757d","title":"Récemment Consultés","heading_tag":"h2","title_size":"h2","description":"","description_size":"fs-5","limit":12,"product_img_orientation":"square","product_img_thumbnail":"img-thumbnail","product_border_color":"","product_shadow_sp":"shadow-1","product_title_size":"h6","product_title_truncate":"text-truncate","product_show_vendor":false,"product_show_atc_form":true,"product_show_wishlist_btn":false,"carousel_arrows":false,"carousel_pagination":true,"carousel_easing":"cubic-bezier(.42,.65,.27,.99)","carousel_speed":400,"carousel_autoplay":true,"carousel_interval":5,"carousel_per_move":"0","carousel_rewind":true,"breakpoint_xs":1,"breakpoint_sm":2,"breakpoint_md":2,"breakpoint_lg":3,"breakpoint_xl":4,"breakpoint_xxl":4,"pt":7,"pb":9,"mt":0,"mb":0}}},"order":["template-cart","recently_viewed_haPEJU"]}