{"sections":{"quick-search-pc":{"type":"quick-search-pc","settings":{}},"featured_collections_xKrFY7":{"type":"featured-collections","blocks":{"collection_kc6HCt":{"type":"collection","settings":{"collection":"lexmark-502-502h","title":"502 \/ 502H","heading_tag":"h3","title_size":"h6"}},"collection_iBadz6":{"type":"collection","settings":{"collection":"lexmark-540-540h","title":"540 \/ 540H","heading_tag":"h3","title_size":"h6"}},"collection_tyjBDd":{"type":"collection","settings":{"collection":"lexmark-562-562h","title":"562 \/ 562H","heading_tag":"h3","title_size":"h6"}},"collection_KC8GWV":{"type":"collection","settings":{"collection":"lexmark-602-602h","title":"602 \/ 602H","heading_tag":"h3","title_size":"h6"}},"collection_7EJDw9":{"type":"collection","settings":{"collection":"lexmark-622-622h","title":"622 \/ 622H","heading_tag":"h3","title_size":"h6"}},"collection_jLrH7d":{"type":"collection","settings":{"collection":"lexmark-702-702h","title":"702 \/ 702H","heading_tag":"h3","title_size":"h6"}},"collection_r9bneK":{"type":"collection","settings":{"collection":"lexmark-782-782h","title":"782 \/ 782H","heading_tag":"h3","title_size":"h6"}},"collection_CctjLE":{"type":"collection","settings":{"collection":"lexmark-802-802h","title":"802 \/ 802H","heading_tag":"h3","title_size":"h6"}},"collection_TFiAG7":{"type":"collection","settings":{"collection":"lexmark-b232000","title":"B232000","heading_tag":"h3","title_size":"h6"}}},"block_order":["collection_kc6HCt","collection_iBadz6","collection_tyjBDd","collection_KC8GWV","collection_7EJDw9","collection_jLrH7d","collection_r9bneK","collection_CctjLE","collection_TFiAG7"],"settings":{"bg_color":"bg-body text-body","container":"container","text_align":"text-center","subtitle_img":"shopify:\/\/shop_images\/lexmark_logo_detail_f1dab8d9-07aa-4b82-96c2-a7871a07f2ac.png","brand_image_size":"250","subtitle":"","subtitle_size":"fs-5","color_caption":"#6c757d","title_overlay":"","title_overlay_size":"3","color_title_overlay":"#000000","title":"","heading_tag":"h2","title_size":"h6","description":"<p>Découvrez notre large sélection de toners Lexmark chez Cartouche Deal ! Nos produits les plus populaires incluent le Lexmark CS417\/CS517, le Lexmark MS510\/610, le Lexmark CS317\/CS417. Nos toners offrent une qualité d'impression exceptionnelle à des prix compétitifs.<\/p>","description_size":"fs-6","collection_img_orientation":"square","collection_img_thumbnail":"img-thumbnail","collection_border_color":"","collection_border_width":5,"collection_shadow_sp":"shadow-1","collection_show_title":true,"btn_text":"","btn_color":"btn-primary","animation":"animate__zoomIn","animation_speed":"animate__fast","breakpoint_xs_scroll":false,"breakpoint_xs":2,"breakpoint_sm":2,"breakpoint_md":2,"breakpoint_lg":3,"breakpoint_xl":4,"breakpoint_xxl":4,"pt":0,"pb":0,"mt":0,"mb":0}}},"order":["quick-search-pc","featured_collections_xKrFY7"]}