{"sections":{"quick-search-pc":{"type":"quick-search-pc","disabled":true,"settings":{}},"featured_collections_xKrFY7":{"type":"featured-collections","blocks":{"collection_kc6HCt":{"type":"collection","settings":{"collection":"21-22","title":"21 \/ 22","heading_tag":"h3","title_size":"h6"}},"collection_iBadz6":{"type":"collection","settings":{"collection":"27-28","title":"27 \/ 28","heading_tag":"h3","title_size":"h6"}},"collection_tyjBDd":{"type":"collection","settings":{"collection":"300","title":"300","heading_tag":"h3","title_size":"h6"}},"collection_KC8GWV":{"type":"collection","settings":{"collection":"301","title":"301","heading_tag":"h3","title_size":"h6"}},"collection_7EJDw9":{"type":"collection","settings":{"collection":"302","title":"302","heading_tag":"h3","title_size":"h6"}},"collection_jLrH7d":{"type":"collection","settings":{"collection":"303","title":"303","heading_tag":"h3","title_size":"h6"}},"collection_r9bneK":{"type":"collection","settings":{"collection":"304","title":"304","heading_tag":"h3","title_size":"h6"}},"collection_ycFGAw":{"type":"collection","settings":{"collection":"305","title":"305","heading_tag":"h3","title_size":"h6"}},"collection_NQKpnp":{"type":"collection","settings":{"collection":"336-342","title":"336 \/ 342","heading_tag":"h3","title_size":"h6"}},"collection_4PLFKD":{"type":"collection","settings":{"collection":"337-343","title":"337 \/ 343","heading_tag":"h3","title_size":"h6"}},"collection_bP69Wr":{"type":"collection","settings":{"collection":"338-343","title":"338 \/ 343","heading_tag":"h3","title_size":"h6"}},"collection_dVWct6":{"type":"collection","settings":{"collection":"339-344","title":"339 \/ 344","heading_tag":"h3","title_size":"h6"}},"collection_ndac6A":{"type":"collection","settings":{"collection":"350-351","title":"350 \/ 351","heading_tag":"h3","title_size":"h6"}},"collection_VyXVLi":{"type":"collection","settings":{"collection":"364","title":"364","heading_tag":"h3","title_size":"h6"}},"collection_DCDdqd":{"type":"collection","settings":{"collection":"56-57","title":"56 \/ 57","heading_tag":"h3","title_size":"h6"}},"collection_yH7X8d":{"type":"collection","settings":{"collection":"62","title":"62","heading_tag":"h3","title_size":"h6"}},"collection_dc8fYz":{"type":"collection","settings":{"collection":"901","title":"901","heading_tag":"h3","title_size":"h6"}},"collection_bWiRgn":{"type":"collection","settings":{"collection":"903","title":"903","heading_tag":"h3","title_size":"h6"}},"collection_WDMDNX":{"type":"collection","settings":{"collection":"912","title":"912","heading_tag":"h3","title_size":"h6"}},"collection_iRgTNC":{"type":"collection","settings":{"collection":"920","title":"920","heading_tag":"h3","title_size":"h6"}},"collection_TfhR4z":{"type":"collection","settings":{"collection":"932-933","title":"932 \/ 933","heading_tag":"h3","title_size":"h6"}},"collection_fjGpzb":{"type":"collection","settings":{"collection":"934-935","title":"934 \/ 935","heading_tag":"h3","title_size":"h6"}},"collection_T8tT6H":{"type":"collection","settings":{"collection":"950-951","title":"950 \/ 951","heading_tag":"h3","title_size":"h6"}},"collection_W3fHhw":{"type":"collection","settings":{"collection":"953","title":"953","heading_tag":"h3","title_size":"h6"}},"collection_dpDKzm":{"type":"collection","settings":{"collection":"963","title":"963","heading_tag":"h3","title_size":"h6"}},"collection_WnmQ3y":{"type":"collection","settings":{"collection":"970-971","title":"970 \/ 971","heading_tag":"h3","title_size":"h6"}},"collection_f8AYFh":{"type":"collection","settings":{"collection":"973","title":"973","heading_tag":"h3","title_size":"h6"}}},"block_order":["collection_kc6HCt","collection_iBadz6","collection_tyjBDd","collection_KC8GWV","collection_7EJDw9","collection_jLrH7d","collection_r9bneK","collection_ycFGAw","collection_NQKpnp","collection_4PLFKD","collection_bP69Wr","collection_dVWct6","collection_ndac6A","collection_VyXVLi","collection_DCDdqd","collection_yH7X8d","collection_dc8fYz","collection_bWiRgn","collection_WDMDNX","collection_iRgTNC","collection_TfhR4z","collection_fjGpzb","collection_T8tT6H","collection_W3fHhw","collection_dpDKzm","collection_WnmQ3y","collection_f8AYFh"],"settings":{"bg_color":"bg-body text-body","container":"container","text_align":"text-center","subtitle_img":"shopify:\/\/shop_images\/HP_New_Logo_2D_svg_4746ca60-2372-41c3-af32-d95505fdd29c.png","brand_image_size":"100","subtitle":"","subtitle_size":"fs-5","color_caption":"#6c757d","title_overlay":"","title_overlay_size":"3","color_title_overlay":"#000000","title":"","heading_tag":"h2","title_size":"h6","description":"<p>Découvrez notre large sélection de cartouches d'encre HP chez Cartouche Deal ! Nos cartouches les plus populaires incluent la <a href=\"\/collections\/932-933\" title=\"932\/933\"><strong>HP 932\/933<\/strong><\/a>, la <a href=\"\/collections\/364\" title=\"364\"><strong>HP 364<\/strong><\/a>, la<a href=\"\/collections\/62\" title=\"62\"> <strong>HP 62<\/strong><\/a>, la <a href=\"\/collections\/950-951\" title=\"950\/951\"><strong>HP 950\/951<\/strong>,<\/a> la <a href=\"\/collections\/304\" title=\"304\"><strong>HP 304<\/strong><\/a>, la <a href=\"\/collections\/301\" title=\"301\"><strong>HP 301<\/strong><\/a>, la <a href=\"\/collections\/302\" title=\"302\"><strong>HP 302<\/strong><\/a>, la <a href=\"\/collections\/903\" title=\"903\"><strong>HP 903<\/strong><\/a>, la <a href=\"\/collections\/305\" title=\"305\"><strong>HP 305<\/strong><\/a>. Nos cartouches offrent une qualité d'impression exceptionnelle à des prix compétitifs.<\/p>","description_size":"fs-6","collection_img_orientation":"square","collection_img_thumbnail":"img-thumbnail","collection_border_color":"","collection_border_width":5,"collection_shadow_sp":"shadow-1","collection_show_title":true,"btn_text":"","btn_color":"btn-primary","animation":"animate__zoomIn","animation_speed":"animate__fast","breakpoint_xs_scroll":false,"breakpoint_xs":2,"breakpoint_sm":2,"breakpoint_md":2,"breakpoint_lg":3,"breakpoint_xl":4,"breakpoint_xxl":4,"pt":10,"pb":0,"mt":0,"mb":0}}},"order":["quick-search-pc","featured_collections_xKrFY7"]}