{"sections":{"quick-search-pc":{"type":"quick-search-pc","disabled":true,"settings":{}},"featured_collections_xKrFY7":{"type":"featured-collections","blocks":{"collection_ycFGAw":{"type":"collection","settings":{"collection":"tn241-245","title":"TN241 \/ TN245","heading_tag":"h3","title_size":"h6"}},"collection_4PLFKD":{"type":"collection","settings":{"collection":"tn247","title":"TN247","heading_tag":"h3","title_size":"h6"}},"collection_bP69Wr":{"type":"collection","settings":{"collection":"tn248","title":"TN 248\/248XL","heading_tag":"h3","title_size":"h6"}},"collection_VyXVLi":{"type":"collection","settings":{"collection":"tn325","title":"TN325","heading_tag":"h3","title_size":"h6"}},"collection_DCDdqd":{"type":"collection","settings":{"collection":"tn326","title":"TN326","heading_tag":"h3","title_size":"h6"}},"collection_iRgTNC":{"type":"collection","settings":{"collection":"tn423","img":"shopify:\/\/shop_images\/pack-4-toners-couleur-brother-tn-421-bk-c-m-y_9fcde2f2-201c-4409-81c9-cc5e7bd8e551.png","title":"TN421","heading_tag":"h3","title_size":"h6"}},"collection_TfhR4z":{"type":"collection","settings":{"collection":"tn423","title":"TN423","heading_tag":"h3","title_size":"h6"}},"collection_kc6HCt":{"type":"collection","settings":{"collection":"tn1050","title":"TN1050","heading_tag":"h3","title_size":"h6"}},"collection_iBadz6":{"type":"collection","disabled":true,"settings":{"collection":"brother-tn2000","title":"TN2000","heading_tag":"h3","title_size":"h6"}},"collection_tyjBDd":{"type":"collection","disabled":true,"settings":{"collection":"brother-tn2005","title":"TN2005","heading_tag":"h3","title_size":"h6"}},"collection_KC8GWV":{"type":"collection","settings":{"collection":"tn2010","title":"TN2010","heading_tag":"h3","title_size":"h6"}},"collection_7EJDw9":{"type":"collection","settings":{"collection":"tn2120","title":"TN2120","heading_tag":"h3","title_size":"h6"}},"collection_jLrH7d":{"type":"collection","settings":{"collection":"tn2220","title":"TN2220","heading_tag":"h3","title_size":"h6"}},"collection_r9bneK":{"type":"collection","settings":{"collection":"tn2320","title":"TN2320","heading_tag":"h3","title_size":"h6"}},"collection_NQKpnp":{"type":"collection","settings":{"collection":"tn2420","title":"TN2420","heading_tag":"h3","title_size":"h6"}},"collection_dVWct6":{"type":"collection","settings":{"collection":"tn2510","title":"TN2510","heading_tag":"h3","title_size":"h6"}},"collection_ndac6A":{"type":"collection","settings":{"collection":"tn3170","title":"TN3170","heading_tag":"h3","title_size":"h6"}},"collection_yH7X8d":{"type":"collection","settings":{"collection":"tn3280","title":"TN3280","heading_tag":"h3","title_size":"h6"}},"collection_dc8fYz":{"type":"collection","settings":{"collection":"tn3380","title":"TN3380","heading_tag":"h3","title_size":"h6"}},"collection_bWiRgn":{"type":"collection","settings":{"collection":"tn3480","title":"TN3480","heading_tag":"h3","title_size":"h6"}},"collection_WDMDNX":{"type":"collection","settings":{"collection":"tn3512","title":"TN3512","heading_tag":"h3","title_size":"h6"}}},"block_order":["collection_ycFGAw","collection_4PLFKD","collection_bP69Wr","collection_VyXVLi","collection_DCDdqd","collection_iRgTNC","collection_TfhR4z","collection_kc6HCt","collection_iBadz6","collection_tyjBDd","collection_KC8GWV","collection_7EJDw9","collection_jLrH7d","collection_r9bneK","collection_NQKpnp","collection_dVWct6","collection_ndac6A","collection_yH7X8d","collection_dc8fYz","collection_bWiRgn","collection_WDMDNX"],"settings":{"bg_color":"bg-body text-body","container":"container","text_align":"text-center","subtitle_img":"shopify:\/\/shop_images\/Brother_logo_ed433222-6f9d-44b6-930f-d1dd8d310143.png","brand_image_size":"200","subtitle":"","subtitle_size":"fs-5","color_caption":"#6c757d","title_overlay":"","title_overlay_size":"3","color_title_overlay":"#000000","title":"","heading_tag":"h2","title_size":"h6","description":"<p>Découvrez notre large sélection de toners Brother chez Cartouche Deal ! Nos produits les plus populaires incluent le <a href=\"\/collections\/tn2420\" title=\"TN2420\"><strong>Brother TN-2410\/TN-2420<\/strong><\/a>, le <a href=\"\/collections\/tn2320\" title=\"TN2320\"><strong>Brother TN-2310\/TN-2320<\/strong><\/a>, le <a href=\"\/collections\/tn241-245\" title=\"TN241\/245\"><strong>Brother TN-241BK\/TN-245<\/strong><\/a>. Nos toners offrent une qualité d'impression exceptionnelle à des prix compétitifs.<\/p>","description_size":"fs-6","collection_img_orientation":"square","collection_img_thumbnail":"img-thumbnail","collection_border_color":"","collection_border_width":5,"collection_shadow_sp":"shadow-1","collection_show_title":true,"btn_text":"","btn_color":"btn-primary","animation":"animate__zoomIn","animation_speed":"animate__fast","breakpoint_xs_scroll":false,"breakpoint_xs":2,"breakpoint_sm":2,"breakpoint_md":2,"breakpoint_lg":3,"breakpoint_xl":4,"breakpoint_xxl":4,"pt":0,"pb":0,"mt":0,"mb":0}}},"order":["quick-search-pc","featured_collections_xKrFY7"]}