{"sections":{"quick-search-pc":{"type":"quick-search-pc","disabled":true,"settings":{}},"featured_collections_xKrFY7":{"type":"featured-collections","blocks":{"collection_kc6HCt":{"type":"collection","settings":{"collection":"lc22u","title":"LC22U","heading_tag":"h3","title_size":"h6"}},"collection_iBadz6":{"type":"collection","settings":{"collection":"lc123","title":"LC123","heading_tag":"h3","title_size":"h6"}},"collection_tyjBDd":{"type":"collection","settings":{"collection":"lc125-lc127","title":"LC125 \/ LC127","heading_tag":"h3","title_size":"h6"}},"collection_KC8GWV":{"type":"collection","settings":{"collection":"lc223","title":"LC223","heading_tag":"h3","title_size":"h6"}},"collection_7EJDw9":{"type":"collection","settings":{"collection":"lc225-lc227","title":"LC225 \/ LC227","heading_tag":"h3","title_size":"h6"}},"collection_jLrH7d":{"type":"collection","settings":{"collection":"lc421","title":"LC421","heading_tag":"h3","title_size":"h6"}},"collection_r9bneK":{"type":"collection","settings":{"collection":"lc422","title":"LC422","heading_tag":"h3","title_size":"h6"}},"collection_ycFGAw":{"type":"collection","settings":{"collection":"lc426","title":"LC426","heading_tag":"h3","title_size":"h6"}},"collection_NQKpnp":{"type":"collection","settings":{"collection":"lc427","title":"LC427","heading_tag":"h3","title_size":"h6"}},"collection_4PLFKD":{"type":"collection","settings":{"collection":"lc970","title":"LC970","heading_tag":"h3","title_size":"h6"}},"collection_bP69Wr":{"type":"collection","settings":{"collection":"lc980","title":"LC980","heading_tag":"h3","title_size":"h6"}},"collection_dVWct6":{"type":"collection","settings":{"collection":"lc985","title":"LC985","heading_tag":"h3","title_size":"h6"}},"collection_ndac6A":{"type":"collection","settings":{"collection":"lc1000","title":"LC1000","heading_tag":"h3","title_size":"h6"}},"collection_VyXVLi":{"type":"collection","settings":{"collection":"lc1100","title":"LC1100","heading_tag":"h3","title_size":"h6"}},"collection_DCDdqd":{"type":"collection","settings":{"collection":"lc1220","title":"LC1220","heading_tag":"h3","title_size":"h6"}},"collection_yH7X8d":{"type":"collection","settings":{"collection":"lc1240","title":"LC1240","heading_tag":"h3","title_size":"h6"}},"collection_dc8fYz":{"type":"collection","settings":{"collection":"lc1280","title":"LC1280","heading_tag":"h3","title_size":"h6"}},"collection_bWiRgn":{"type":"collection","settings":{"collection":"lc3211","title":"LC3211","heading_tag":"h3","title_size":"h6"}},"collection_WDMDNX":{"type":"collection","settings":{"collection":"lc3213","title":"LC3213","heading_tag":"h3","title_size":"h6"}},"collection_iRgTNC":{"type":"collection","settings":{"collection":"lc3217","title":"LC3217","heading_tag":"h3","title_size":"h6"}},"collection_TfhR4z":{"type":"collection","settings":{"collection":"lc3219","title":"LC3219","heading_tag":"h3","title_size":"h6"}}},"block_order":["collection_kc6HCt","collection_iBadz6","collection_tyjBDd","collection_KC8GWV","collection_7EJDw9","collection_jLrH7d","collection_r9bneK","collection_ycFGAw","collection_NQKpnp","collection_4PLFKD","collection_bP69Wr","collection_dVWct6","collection_ndac6A","collection_VyXVLi","collection_DCDdqd","collection_yH7X8d","collection_dc8fYz","collection_bWiRgn","collection_WDMDNX","collection_iRgTNC","collection_TfhR4z"],"settings":{"bg_color":"bg-body text-body","container":"container","text_align":"text-center","subtitle_img":"shopify:\/\/shop_images\/Brother_logo_ed433222-6f9d-44b6-930f-d1dd8d310143.png","brand_image_size":"200","subtitle":"","subtitle_size":"fs-5","color_caption":"#6c757d","title_overlay":"","title_overlay_size":"3","color_title_overlay":"#000000","title":"","heading_tag":"h2","title_size":"h6","description":"<p>Découvrez notre large sélection de cartouches d'encre Brother chez Cartouche Deal ! Nos cartouches les plus populaires, comme la <a href=\"\/collections\/lc422\" title=\"LC422\"><strong>Brother LC422<\/strong><\/a>, la <a href=\"\/collections\/lc223\" title=\"LC223\"><strong>Brother LC223<\/strong><\/a>, la <a href=\"\/collections\/brother-lc125-lc127\" title=\"BROTHER LC3211\"><strong>Brother LC3211\/LC3213<\/strong><\/a>, la <a href=\"\/collections\/lc1100\" title=\"LC1100\"><strong>Brother LC1100<\/strong><\/a>, la <a href=\"\/collections\/lc980\" title=\"LC980\"><strong>Brother LC980<\/strong><\/a>, la <a href=\"\/collections\/lc123\" title=\"LC123\"><strong>Brother LC123<\/strong>, <\/a>offrent une qualité d'impression exceptionnelle à des prix compétitifs.<\/p>","description_size":"fs-6","collection_img_orientation":"square","collection_img_thumbnail":"img-thumbnail","collection_border_color":"","collection_border_width":5,"collection_shadow_sp":"shadow-1","collection_show_title":true,"btn_text":"","btn_color":"btn-primary","animation":"animate__zoomIn","animation_speed":"animate__fast","breakpoint_xs_scroll":false,"breakpoint_xs":2,"breakpoint_sm":2,"breakpoint_md":2,"breakpoint_lg":3,"breakpoint_xl":4,"breakpoint_xxl":4,"pt":0,"pb":0,"mt":0,"mb":0}}},"order":["quick-search-pc","featured_collections_xKrFY7"]}