{"sections":{"quick-search-pc":{"type":"quick-search-pc","settings":{}},"featured_collections_xKrFY7":{"type":"featured-collections","blocks":{"collection_kc6HCt":{"type":"collection","settings":{"collection":"samsung-101s","title":"101S","heading_tag":"h3","title_size":"h6"}},"collection_iBadz6":{"type":"collection","settings":{"collection":"samsung-103s-103l","title":"103S \/ 103L","heading_tag":"h3","title_size":"h6"}},"collection_tyjBDd":{"type":"collection","settings":{"collection":"samsung-1042s","title":"1042S","heading_tag":"h3","title_size":"h6"}},"collection_KC8GWV":{"type":"collection","settings":{"collection":"samsung-111s-111l","title":"111S \/ 111L","heading_tag":"h3","title_size":"h6"}},"collection_7EJDw9":{"type":"collection","settings":{"collection":"samsung-116s-116l","title":"116S \/ 116L","heading_tag":"h3","title_size":"h6"}},"collection_jLrH7d":{"type":"collection","settings":{"collection":"samsung-117s","title":"117S","heading_tag":"h3","title_size":"h6"}},"collection_r9bneK":{"type":"collection","settings":{"collection":"samsung-404","title":"404","heading_tag":"h3","title_size":"h6"}},"collection_CctjLE":{"type":"collection","settings":{"collection":"samsung-406","title":"406","heading_tag":"h3","title_size":"h6"}},"collection_TFiAG7":{"type":"collection","settings":{"collection":"samsung-4072","title":"4072","heading_tag":"h3","title_size":"h6"}},"collection_C4EHTc":{"type":"collection","settings":{"collection":"samsung-4092","title":"4092","heading_tag":"h3","title_size":"h6"}},"collection_KrkEW4":{"type":"collection","settings":{"collection":"samsung-504","title":"504","heading_tag":"h3","title_size":"h6"}}},"block_order":["collection_kc6HCt","collection_iBadz6","collection_tyjBDd","collection_KC8GWV","collection_7EJDw9","collection_jLrH7d","collection_r9bneK","collection_CctjLE","collection_TFiAG7","collection_C4EHTc","collection_KrkEW4"],"settings":{"bg_color":"bg-body text-body","container":"container","text_align":"text-center","subtitle_img":"shopify:\/\/shop_images\/Samsung_logo_21f897e0-ed11-4da9-994a-e4ac138f65ac.png","brand_image_size":"200","subtitle":"","subtitle_size":"fs-5","color_caption":"#6c757d","title_overlay":"","title_overlay_size":"3","color_title_overlay":"#000000","title":"","heading_tag":"h2","title_size":"h6","description":"<p>Découvrez notre large sélection de toners Samsung chez Cartouche Deal ! Nos produits les plus populaires incluent le <a href=\"https:\/\/cartouche-deal.myshopify.com\/collections\/samsung-101s\" title=\"https:\/\/cartouche-deal.myshopify.com\/collections\/samsung-101s\"><strong>Samsung 101<\/strong><\/a>, le <a href=\"https:\/\/cartouche-deal.myshopify.com\/collections\/samsung-111s-111l\" title=\"https:\/\/cartouche-deal.myshopify.com\/collections\/samsung-111s-111l\"><strong>Samsung 111<\/strong><\/a>. Nos toners offrent une qualité d'impression exceptionnelle à des prix compétitifs.<\/p>","description_size":"fs-6","collection_img_orientation":"square","collection_img_thumbnail":"img-thumbnail","collection_border_color":"","collection_border_width":5,"collection_shadow_sp":"shadow-1","collection_show_title":true,"btn_text":"","btn_color":"btn-primary","animation":"animate__zoomIn","animation_speed":"animate__fast","breakpoint_xs_scroll":false,"breakpoint_xs":2,"breakpoint_sm":2,"breakpoint_md":2,"breakpoint_lg":3,"breakpoint_xl":4,"breakpoint_xxl":4,"pt":0,"pb":0,"mt":0,"mb":0}}},"order":["quick-search-pc","featured_collections_xKrFY7"]}