{"sections":{"quick-search-pc":{"type":"quick-search-pc","settings":{}},"featured_collections_xKrFY7":{"type":"featured-collections","blocks":{"collection_kc6HCt":{"type":"collection","settings":{"collection":"canon-045-045h","title":"045 \/ 045H","heading_tag":"h3","title_size":"h6"}},"collection_iBadz6":{"type":"collection","settings":{"collection":"canon-046-046h","title":"046 \/ 046H","heading_tag":"h3","title_size":"h6"}},"collection_tyjBDd":{"type":"collection","settings":{"collection":"canon-054-054h","title":"054 \/ 054H","heading_tag":"h3","title_size":"h6"}},"collection_KC8GWV":{"type":"collection","settings":{"collection":"canon-067-067h","title":"067 \/ 067H","heading_tag":"h3","title_size":"h6"}},"collection_7EJDw9":{"type":"collection","settings":{"collection":"canon-703","title":"703","heading_tag":"h3","title_size":"h6"}},"collection_jLrH7d":{"type":"collection","settings":{"collection":"canon-716","title":"716","heading_tag":"h3","title_size":"h6"}},"collection_r9bneK":{"type":"collection","settings":{"collection":"canon-718","title":"718","heading_tag":"h3","title_size":"h6"}},"collection_ycFGAw":{"type":"collection","settings":{"collection":"canon-725","title":"725","heading_tag":"h3","title_size":"h6"}},"collection_NQKpnp":{"type":"collection","settings":{"collection":"canon-726","title":"726","heading_tag":"h3","title_size":"h6"}},"collection_4PLFKD":{"type":"collection","settings":{"collection":"canon-737","title":"737","heading_tag":"h3","title_size":"h6"}}},"block_order":["collection_kc6HCt","collection_iBadz6","collection_tyjBDd","collection_KC8GWV","collection_7EJDw9","collection_jLrH7d","collection_r9bneK","collection_ycFGAw","collection_NQKpnp","collection_4PLFKD"],"settings":{"bg_color":"bg-body text-body","container":"container","text_align":"text-center","subtitle_img":"shopify:\/\/shop_images\/Canon_logo_5a326089-9ed8-4de7-bd16-9ee8574d181a.png","brand_image_size":"200","subtitle":"","subtitle_size":"fs-5","color_caption":"#6c757d","title_overlay":"","title_overlay_size":"3","color_title_overlay":"#000000","title":"","heading_tag":"h2","title_size":"h6","description":"<p>Découvrez notre large sélection de toners Canon chez Cartouche Deal ! Nos produits les plus populaires incluent le <a href=\"https:\/\/cartouche-deal.myshopify.com\/collections\/canon-725\" title=\"https:\/\/cartouche-deal.myshopify.com\/collections\/canon-725\"><strong>Canon 725<\/strong><\/a>, le Canon 731, le <a href=\"https:\/\/cartouche-deal.myshopify.com\/collections\/canon-054-054h\" title=\"https:\/\/cartouche-deal.myshopify.com\/collections\/canon-054-054h\"><strong>Canon 054<\/strong><\/a>, et le Canon 728. Nos toners offrent une qualité d'impression exceptionnelle à des prix compétitifs.<\/p>","description_size":"fs-6","collection_img_orientation":"square","collection_img_thumbnail":"img-thumbnail","collection_border_color":"","collection_border_width":5,"collection_shadow_sp":"shadow-1","collection_show_title":true,"btn_text":"","btn_color":"btn-primary","animation":"animate__zoomIn","animation_speed":"animate__fast","breakpoint_xs_scroll":false,"breakpoint_xs":2,"breakpoint_sm":2,"breakpoint_md":2,"breakpoint_lg":3,"breakpoint_xl":4,"breakpoint_xxl":4,"pt":0,"pb":0,"mt":0,"mb":0}}},"order":["quick-search-pc","featured_collections_xKrFY7"]}