{"sections":{"quick-search-pc":{"type":"quick-search-pc","disabled":true,"settings":{}},"featured_collections_xKrFY7":{"type":"featured-collections","blocks":{"collection_kc6HCt":{"type":"collection","settings":{"collection":"117a","title":"117A","heading_tag":"h3","title_size":"h6"}},"collection_iBadz6":{"type":"collection","settings":{"collection":"125a","title":"125A","heading_tag":"h3","title_size":"h6"}},"collection_tyjBDd":{"type":"collection","settings":{"collection":"126a","title":"126A","heading_tag":"h3","title_size":"h6"}},"collection_KC8GWV":{"type":"collection","settings":{"collection":"128a","title":"128A","heading_tag":"h3","title_size":"h6"}},"collection_7EJDw9":{"type":"collection","settings":{"collection":"12a","title":"12A","heading_tag":"h3","title_size":"h6"}},"collection_jLrH7d":{"type":"collection","settings":{"collection":"130a","title":"130A","heading_tag":"h3","title_size":"h6"}},"collection_r9bneK":{"type":"collection","settings":{"collection":"131a-131x","title":"131A \/ 131X","heading_tag":"h3","title_size":"h6"}},"collection_ycFGAw":{"type":"collection","settings":{"collection":"142a","title":"142A","heading_tag":"h3","title_size":"h6"}},"collection_NQKpnp":{"type":"collection","settings":{"collection":"17a","title":"17A","heading_tag":"h3","title_size":"h6"}},"collection_4PLFKD":{"type":"collection","settings":{"collection":"201a-201x","title":"201A \/ 201X","heading_tag":"h3","title_size":"h6"}},"collection_bP69Wr":{"type":"collection","settings":{"collection":"203a-203x","title":"203A \/ 203X","heading_tag":"h3","title_size":"h6"}},"collection_dVWct6":{"type":"collection","settings":{"collection":"205a","title":"205A","heading_tag":"h3","title_size":"h6"}},"collection_ndac6A":{"type":"collection","settings":{"collection":"207a-207x","title":"207A \/ 207X","heading_tag":"h3","title_size":"h6"}},"collection_VyXVLi":{"type":"collection","settings":{"collection":"hp-304a","title":"304A","heading_tag":"h3","title_size":"h6"}},"collection_DCDdqd":{"type":"collection","settings":{"collection":"305a","title":"305A","heading_tag":"h3","title_size":"h6"}},"collection_yH7X8d":{"type":"collection","settings":{"collection":"30a","title":"30A","heading_tag":"h3","title_size":"h6"}},"collection_dc8fYz":{"type":"collection","settings":{"collection":"312a","title":"312A","heading_tag":"h3","title_size":"h6"}},"collection_bWiRgn":{"type":"collection","settings":{"collection":"hp-33a","title":"33A","heading_tag":"h3","title_size":"h6"}},"collection_WDMDNX":{"type":"collection","settings":{"collection":"35a","title":"35A","heading_tag":"h3","title_size":"h6"}},"collection_iRgTNC":{"type":"collection","settings":{"collection":"36a","title":"36A","heading_tag":"h3","title_size":"h6"}},"collection_TfhR4z":{"type":"collection","settings":{"collection":"410a-410x","title":"410A \/ 410X","heading_tag":"h3","title_size":"h6"}},"collection_fjGpzb":{"type":"collection","settings":{"collection":"415a-415x","title":"415A \/ 415X","heading_tag":"h3","title_size":"h6"}},"collection_T8tT6H":{"type":"collection","settings":{"collection":"hp-44a","title":"44A","heading_tag":"h3","title_size":"h6"}},"collection_W3fHhw":{"type":"collection","settings":{"collection":"78a","title":"78A","heading_tag":"h3","title_size":"h6"}},"collection_dpDKzm":{"type":"collection","settings":{"collection":"79a","title":"79A","heading_tag":"h3","title_size":"h6"}},"collection_WnmQ3y":{"type":"collection","settings":{"collection":"83a","title":"83A","heading_tag":"h3","title_size":"h6"}},"collection_f8AYFh":{"type":"collection","settings":{"collection":"85a","title":"85A","heading_tag":"h3","title_size":"h6"}},"collection_JCFVha":{"type":"collection","settings":{"collection":"94a-94x","title":"94A \/ 94X","heading_tag":"h3","title_size":"h6"}}},"block_order":["collection_kc6HCt","collection_iBadz6","collection_tyjBDd","collection_KC8GWV","collection_7EJDw9","collection_jLrH7d","collection_r9bneK","collection_ycFGAw","collection_NQKpnp","collection_4PLFKD","collection_bP69Wr","collection_dVWct6","collection_ndac6A","collection_VyXVLi","collection_DCDdqd","collection_yH7X8d","collection_dc8fYz","collection_bWiRgn","collection_WDMDNX","collection_iRgTNC","collection_TfhR4z","collection_fjGpzb","collection_T8tT6H","collection_W3fHhw","collection_dpDKzm","collection_WnmQ3y","collection_f8AYFh","collection_JCFVha"],"settings":{"bg_color":"bg-body text-body","container":"container","text_align":"text-center","subtitle_img":"shopify:\/\/shop_images\/HP_New_Logo_2D_svg_4746ca60-2372-41c3-af32-d95505fdd29c.png","brand_image_size":"100","subtitle":"","subtitle_size":"fs-5","color_caption":"#6c757d","title_overlay":"","title_overlay_size":"3","color_title_overlay":"#000000","title":"","heading_tag":"h2","title_size":"h6","description":"<p>Découvrez notre large sélection de toners HP chez Cartouche Deal ! Nos produits les plus populaires incluent le <a href=\"\/collections\/117a\" title=\"117A\"><strong>HP 117A<\/strong><\/a>, le <a href=\"\/collections\/203a-203x\" title=\"203A\/203X\"><strong>HP 203A\/203X<\/strong><\/a>, le<strong> <\/strong><a href=\"\/collections\/415a-415x\" title=\"415A\/415X\"><strong>HP 415<\/strong><\/a>. Nos toners offrent une qualité d'impression exceptionnelle à des prix compétitifs.<\/p>","description_size":"fs-6","collection_img_orientation":"square","collection_img_thumbnail":"img-thumbnail","collection_border_color":"","collection_border_width":5,"collection_shadow_sp":"shadow-1","collection_show_title":true,"btn_text":"","btn_color":"btn-primary","animation":"animate__zoomIn","animation_speed":"animate__fast","breakpoint_xs_scroll":false,"breakpoint_xs":2,"breakpoint_sm":2,"breakpoint_md":2,"breakpoint_lg":3,"breakpoint_xl":4,"breakpoint_xxl":4,"pt":10,"pb":0,"mt":0,"mb":0}}},"order":["quick-search-pc","featured_collections_xKrFY7"]}