{"sections":{"quick-search-pc":{"type":"quick-search-pc","disabled":true,"settings":{}},"featured_collections_xKrFY7":{"type":"featured-collections","blocks":{"collection_kc6HCt":{"type":"collection","settings":{"collection":"100-100xl","title":"100 \/ 100XL","heading_tag":"h3","title_size":"h6"}},"collection_iBadz6":{"type":"collection","settings":{"collection":"150-150xl","title":"150 \/ 150XL","heading_tag":"h3","title_size":"h6"}},"collection_tyjBDd":{"type":"collection","disabled":true,"settings":{"collection":"lexmark-16-26","title":"16 \/ 26","heading_tag":"h3","title_size":"h6"}},"collection_KC8GWV":{"type":"collection","disabled":true,"settings":{"collection":"lexmark-32-33","title":"32 \/ 33","heading_tag":"h3","title_size":"h6"}},"collection_7EJDw9":{"type":"collection","disabled":true,"settings":{"collection":"lexmark-34-35","title":"34 \/ 35","heading_tag":"h3","title_size":"h6"}},"collection_jLrH7d":{"type":"collection","disabled":true,"settings":{"collection":"lexmark-36-37","title":"36 \/ 37","heading_tag":"h3","title_size":"h6"}},"collection_r9bneK":{"type":"collection","disabled":true,"settings":{"collection":"lexmark-43-44","title":"43 \/ 44","heading_tag":"h3","title_size":"h6"}}},"block_order":["collection_kc6HCt","collection_iBadz6","collection_tyjBDd","collection_KC8GWV","collection_7EJDw9","collection_jLrH7d","collection_r9bneK"],"settings":{"bg_color":"bg-body text-body","container":"container","text_align":"text-center","subtitle_img":"shopify:\/\/shop_images\/lexmark_logo_detail_f1dab8d9-07aa-4b82-96c2-a7871a07f2ac.png","brand_image_size":"250","subtitle":"","subtitle_size":"fs-5","color_caption":"#6c757d","title_overlay":"","title_overlay_size":"3","color_title_overlay":"#000000","title":"","heading_tag":"h2","title_size":"h6","description":"<p>Découvrez notre large sélection de cartouches d'encre Lexmark chez Cartouche Deal ! Nos produits les plus populaires incluent la <a href=\"https:\/\/cartouche-deal.myshopify.com\/collections\/lexmark-150-150xl\" title=\"https:\/\/cartouche-deal.myshopify.com\/collections\/lexmark-150-150xl\"><strong>Lexmark 150<\/strong><\/a>, les <a href=\"https:\/\/cartouche-deal.myshopify.com\/collections\/lexmark-16-26\" title=\"https:\/\/cartouche-deal.myshopify.com\/collections\/lexmark-16-26\"><strong>Lexmark 16\/26<\/strong><\/a>, la <a href=\"https:\/\/cartouche-deal.myshopify.com\/collections\/lexmark-100-100xl\" title=\"https:\/\/cartouche-deal.myshopify.com\/collections\/lexmark-100-100xl\"><strong>Lexmark 100<\/strong><\/a>, et les Lexmark 14\/15. Nos cartouches offrent une qualité d'impression exceptionnelle à des prix compétitifs.<\/p>","description_size":"fs-6","collection_img_orientation":"square","collection_img_thumbnail":"img-thumbnail","collection_border_color":"","collection_border_width":5,"collection_shadow_sp":"shadow-1","collection_show_title":true,"btn_text":"","btn_color":"btn-primary","animation":"animate__zoomIn","animation_speed":"animate__fast","breakpoint_xs_scroll":false,"breakpoint_xs":2,"breakpoint_sm":2,"breakpoint_md":2,"breakpoint_lg":3,"breakpoint_xl":4,"breakpoint_xxl":4,"pt":0,"pb":0,"mt":0,"mb":0}}},"order":["quick-search-pc","featured_collections_xKrFY7"]}