{"sections":{"quick-search-pc":{"type":"quick-search-pc","disabled":true,"settings":{}},"template-collection":{"type":"template-collection","blocks":{"mobile_c4fJQA":{"type":"mobile","disabled":true,"settings":{"inject":5,"bg_color":"bg-dark text-white","url":"#","img_opacity":0.7,"vid_opacity":0.7,"autoplay":true,"loop":true,"muted":true,"controls":true,"title":"Nouvelle Collection","title_size":"h4","description":"<p>Ajouter une description facultative à cette section<\/p>","btn_text":"En savoir plus"}}},"block_order":["mobile_c4fJQA"],"settings":{"container":"container","text_align":"text-center","limit":40,"show_breadcrumbs":true,"enable_infinite_pagination":false,"show_filters":false,"filters_btn_color":"btn-outline-secondary","show_sort_by":false,"show_collection_img":false,"img_opacity":0.3,"img_blur":0,"title_size":"h3","show_collection_description":true,"description_size":"fs-5","collections_menu":"","collections_menu_align":"justify-content-center","collections_menu_img_orientation":"landscape","collections_menu_img_thumbnail":"img-thumbnail","collections_menu_border_color":"border-primary","collections_menu_shadow_sp":"shadow-2","product_img_mode":"hover","product_img_orientation":"square","product_img_thumbnail":"img-thumbnail","product_border_color":"border-primary","product_shadow_sp":"shadow-2","product_show_sale_badge":false,"product_sale_badge_color":"bg-success text-white","product_title_size":"h5","product_title_truncate":"text-truncate","product_show_vendor":false,"product_show_atc_form":true,"product_form_show_inventory":true,"product_show_wishlist_btn":true,"breakpoint_xs":2,"breakpoint_sm":2,"breakpoint_md":3,"breakpoint_lg":3,"breakpoint_xl":4,"breakpoint_xxl":4}}},"order":["quick-search-pc","template-collection"]}