{"sections":{"quick-search-pc":{"type":"quick-search-pc","disabled":true,"settings":{}},"featured_collections_xKrFY7":{"type":"featured-collections","blocks":{"collection_kc6HCt":{"type":"collection","settings":{"collection":"16-16xl","title":"16 \/ 16XL","heading_tag":"h3","title_size":"h6"}},"collection_iBadz6":{"type":"collection","settings":{"collection":"18-18xl","title":"18 \/ 18XL","heading_tag":"h3","title_size":"h6"}},"collection_KC8GWV":{"type":"collection","settings":{"collection":"24-24xl","title":"24 \/ 24XL","heading_tag":"h3","title_size":"h6"}},"collection_7EJDw9":{"type":"collection","settings":{"collection":"26-26xl","title":"26 \/ 26XL","heading_tag":"h3","title_size":"h6"}},"collection_jLrH7d":{"type":"collection","settings":{"collection":"27-27xl","title":"27 \/ 27XL","heading_tag":"h3","title_size":"h6"}},"collection_r9bneK":{"type":"collection","settings":{"collection":"29-29xl","title":"29 \/ 29XL","heading_tag":"h3","title_size":"h6"}},"collection_ycFGAw":{"type":"collection","settings":{"collection":"33-33xl","title":"33 \/ 33XL","heading_tag":"h3","title_size":"h6"}},"collection_NQKpnp":{"type":"collection","settings":{"collection":"34-34xl","title":"34 \/ 34XL","heading_tag":"h3","title_size":"h6"}},"collection_4PLFKD":{"type":"collection","settings":{"collection":"35-35xl","title":"35 \/ 35XL","heading_tag":"h3","title_size":"h6"}},"collection_tyjBDd":{"type":"collection","settings":{"collection":"202-202xl","title":"202 \/ 202XL","heading_tag":"h3","title_size":"h6"}},"collection_bP69Wr":{"type":"collection","settings":{"collection":"378-378xl","title":"378 \/ 378XL","heading_tag":"h3","title_size":"h6"}},"collection_dVWct6":{"type":"collection","settings":{"collection":"405-405xl","title":"405 \/ 405XL","heading_tag":"h3","title_size":"h6"}},"collection_ndac6A":{"type":"collection","settings":{"collection":"502-502xl","title":"502 \/ 502XL","heading_tag":"h3","title_size":"h6"}},"collection_VyXVLi":{"type":"collection","settings":{"collection":"503-503xl","title":"503 \/ 503XL","heading_tag":"h3","title_size":"h6"}},"collection_DCDdqd":{"type":"collection","settings":{"collection":"603-603xl","title":"603 \/ 603XL","heading_tag":"h3","title_size":"h6"}},"collection_yH7X8d":{"type":"collection","settings":{"collection":"604-604xl","title":"604 \/ 604XL","heading_tag":"h3","title_size":"h6"}},"collection_dc8fYz":{"type":"collection","settings":{"collection":"t070x","title":"T070x","heading_tag":"h3","title_size":"h6"}},"collection_bWiRgn":{"type":"collection","settings":{"collection":"t080x","title":"T080x","heading_tag":"h3","title_size":"h6"}},"collection_WDMDNX":{"type":"collection","settings":{"collection":"t128x","title":"","heading_tag":"h3","title_size":"h6"}},"collection_iRgTNC":{"type":"collection","settings":{"collection":"t129x","title":"T129x","heading_tag":"h3","title_size":"h6"}}},"block_order":["collection_kc6HCt","collection_iBadz6","collection_KC8GWV","collection_7EJDw9","collection_jLrH7d","collection_r9bneK","collection_ycFGAw","collection_NQKpnp","collection_4PLFKD","collection_tyjBDd","collection_bP69Wr","collection_dVWct6","collection_ndac6A","collection_VyXVLi","collection_DCDdqd","collection_yH7X8d","collection_dc8fYz","collection_bWiRgn","collection_WDMDNX","collection_iRgTNC"],"settings":{"bg_color":"bg-body text-body","container":"container","text_align":"text-center","subtitle_img":"shopify:\/\/shop_images\/Epson_logo_logotype_-_Copie_282551a3-5a79-4017-87f9-020838975497.png","brand_image_size":"200","subtitle":"","subtitle_size":"fs-5","color_caption":"#6c757d","title_overlay":"","title_overlay_size":"3","color_title_overlay":"#000000","title":"","heading_tag":"h2","title_size":"h6","description":"<p>Découvrez notre large sélection de cartouches d'encre Epson chez Cartouche Deal ! Nos cartouches les plus populaires, comme l'<a href=\"\/collections\/603-603xl\" title=\"603 \/ 603XL\"><strong>Epson 603XL<\/strong><\/a>, l'<a href=\"\/collections\/604-604xl\" title=\"604 \/ 604XL\"><strong>Epson 604XL<\/strong><\/a>, l'<a href=\"\/collections\/18-18xl\" title=\"18 \/ 18XL\"><strong>Epson 18XL<\/strong><\/a>, l'<a href=\"\/collections\/29-29xl\" title=\"29 \/ 29XL\"><strong>Epson 29XL<\/strong><\/a> et l'<a href=\"\/collections\/16-16xl\" title=\"16 \/ 16XL\"><strong>Epson 16XL<\/strong><\/a>, offrent une qualité d'impression exceptionnelle à des prix compétitifs.<\/p>","description_size":"fs-6","collection_img_orientation":"square","collection_img_thumbnail":"img-thumbnail","collection_border_color":"","collection_border_width":5,"collection_shadow_sp":"shadow-1","collection_show_title":true,"btn_text":"","btn_color":"btn-primary","animation":"animate__zoomIn","animation_speed":"animate__fast","breakpoint_xs_scroll":false,"breakpoint_xs":2,"breakpoint_sm":2,"breakpoint_md":2,"breakpoint_lg":3,"breakpoint_xl":4,"breakpoint_xxl":4,"pt":0,"pb":0,"mt":0,"mb":0}}},"order":["quick-search-pc","featured_collections_xKrFY7"]}