{"sections":{"quick-search-pc":{"type":"quick-search-pc","disabled":true,"settings":{}},"featured_collections_xKrFY7":{"type":"featured-collections","blocks":{"collection_kc6HCt":{"type":"collection","settings":{"collection":"canon-40-41","title":"40 \/ 41","heading_tag":"h3","title_size":"h6"}},"collection_iBadz6":{"type":"collection","settings":{"collection":"canon-510-511","img":"shopify:\/\/shop_images\/2_806669da-85a9-4e3b-b9b4-1146a0358460.png","title":"510 \/ 511","heading_tag":"h3","title_size":"h6"}},"collection_tyjBDd":{"type":"collection","settings":{"collection":"canon-512-513","img":"shopify:\/\/shop_images\/3_340854ea-62aa-4e36-ac0d-81ed16bd1f90.png","title":"512 \/ 513","heading_tag":"h3","title_size":"h6"}},"collection_KC8GWV":{"type":"collection","settings":{"collection":"canon-525-526","img":"shopify:\/\/shop_images\/5_7a938ea2-4e62-4b87-b68a-f5ea50eedd9e.png","title":"525 \/ 526","heading_tag":"h3","title_size":"h6"}},"collection_7EJDw9":{"type":"collection","settings":{"collection":"canon-520-521","img":"shopify:\/\/shop_images\/4_a00a6c1c-ca13-4eab-bd80-ca74e237f529.png","title":"520 \/ 521","heading_tag":"h3","title_size":"h6"}},"collection_r9bneK":{"type":"collection","settings":{"collection":"canon-540-541","img":"shopify:\/\/shop_images\/6_23ec8063-18af-47ff-b8f8-3a2abc866f34.png","title":"540 \/ 541","heading_tag":"h3","title_size":"h6"}},"collection_ycFGAw":{"type":"collection","settings":{"collection":"canon-545-546","img":"shopify:\/\/shop_images\/7_e37d4658-d400-4fe4-86cd-b113ef5eb917.png","title":"545 \/ 546","heading_tag":"h3","title_size":"h6"}},"collection_NQKpnp":{"type":"collection","settings":{"collection":"canon-550-551","img":"shopify:\/\/shop_images\/8_a74cb00a-58a2-473d-b915-8aebfd4f0d0d.png","title":"550 \/ 551","heading_tag":"h3","title_size":"h6"}},"collection_4PLFKD":{"type":"collection","settings":{"collection":"canon-560-561","img":"shopify:\/\/shop_images\/9_24860db7-ab80-4ebd-9efa-1ced03aee7cd.png","title":"560 \/ 561","heading_tag":"h3","title_size":"h6"}},"collection_bP69Wr":{"type":"collection","settings":{"collection":"canon-570-571","img":"shopify:\/\/shop_images\/10_89c0d2a4-db08-4e9b-8a6b-eb3bc7351c57.png","title":"570 \/ 571","heading_tag":"h3","title_size":"h6"}},"collection_dVWct6":{"type":"collection","settings":{"collection":"canon-580-581","img":"shopify:\/\/shop_images\/12_66fafa97-864e-4e7f-acd0-5ce3adb546ac.png","title":"580 \/ 581","heading_tag":"h3","title_size":"h6"}},"collection_ndac6A":{"type":"collection","settings":{"collection":"canon-575-576","img":"shopify:\/\/shop_images\/11_cac63bf7-3a64-40ae-bf0a-73a0332e06bd.png","title":"575 \/ 576","heading_tag":"h3","title_size":"h6"}},"collection_VyXVLi":{"type":"collection","settings":{"collection":"canon-1500-1500xl","img":"shopify:\/\/shop_images\/13_0c4ac9bf-2296-4e03-be24-8d7226eda02a.png","title":"1500 \/ 1500XL","heading_tag":"h3","title_size":"h6"}},"collection_DCDdqd":{"type":"collection","settings":{"collection":"canon-2500-2500xl","img":"shopify:\/\/shop_images\/14_ffcb2e76-717e-41e8-ab9f-2a8539e655ff.png","title":"2500 \/ 2500XL","heading_tag":"h3","title_size":"h6"}}},"block_order":["collection_kc6HCt","collection_iBadz6","collection_tyjBDd","collection_KC8GWV","collection_7EJDw9","collection_r9bneK","collection_ycFGAw","collection_NQKpnp","collection_4PLFKD","collection_bP69Wr","collection_dVWct6","collection_ndac6A","collection_VyXVLi","collection_DCDdqd"],"settings":{"bg_color":"bg-body text-body","container":"container","text_align":"text-center","subtitle_img":"shopify:\/\/shop_images\/Canon_logo_5a326089-9ed8-4de7-bd16-9ee8574d181a.png","brand_image_size":"200","subtitle":"","subtitle_size":"fs-5","color_caption":"#6c757d","title_overlay":"","title_overlay_size":"3","color_title_overlay":"#000000","title":"","heading_tag":"h2","title_size":"h6","description":"<p>Découvrez notre large sélection de cartouches d'encre Canon chez Cartouche Deal ! Nos cartouches les plus populaires incluent la <a href=\"\/collections\/canon-550-551\" title=\"Canon 550 \/ 551\"><strong>Canon PGI550\/CLI551<\/strong><\/a>, la <a href=\"\/collections\/canon-525-526\" title=\"Canon 525 \/ 526\"><strong>Canon PGI525\/CLI526<\/strong><\/a>, la <a href=\"\/collections\/canon-2500-2500xl\" title=\"Canon 2500 \/ 2500XL\"><strong>Canon PGI2500<\/strong><\/a>, la <a href=\"\/collections\/canon-570-571\" title=\"Canon 570 \/ 571\"><strong>Canon PGI570\/CLI571<\/strong><\/a>, la<strong> <\/strong><a href=\"\/collections\/canon-540-541\" title=\"Canon 540 \/ 541\"><strong>Canon PG540\/CL541<\/strong><\/a>, la <a href=\"\/collections\/canon-1500-1500xl\" title=\"Canon 1500 \/ 1500XL\"><strong>Canon PGI1500<\/strong><\/a>, la <a href=\"\/collections\/canon-580-581\" title=\"Canon 580 \/ 581\"><strong>Canon PGI580\/CLI581<\/strong> <\/a>et la <a href=\"\/collections\/canon-545-546\" title=\"Canon 545 \/ 546\"><strong>Canon PG545\/CL546<\/strong><\/a>. Nos cartouches offrent une qualité d'impression exceptionnelle à des prix compétitifs.<\/p>","description_size":"fs-6","collection_img_orientation":"square","collection_img_thumbnail":"img-thumbnail","collection_border_color":"","collection_border_width":5,"collection_shadow_sp":"shadow-1","collection_show_title":true,"btn_text":"","btn_color":"btn-primary","animation":"animate__zoomIn","animation_speed":"animate__fast","breakpoint_xs_scroll":false,"breakpoint_xs":2,"breakpoint_sm":2,"breakpoint_md":2,"breakpoint_lg":3,"breakpoint_xl":4,"breakpoint_xxl":4,"pt":0,"pb":0,"mt":0,"mb":0}}},"order":["quick-search-pc","featured_collections_xKrFY7"]}