{"sections":{"carousel":{"type":"carousel","blocks":{"video_XxGME8":{"type":"video","settings":{"video_mobile":"shopify:\/\/files\/videos\/shutterstock_3584282139.mov","video_mobile_height":500,"video_mobile_opacity":0.7,"video_mobile_blur":0,"caption_position_mobile":"carousel-caption-mobile-center","video_desktop":"shopify:\/\/files\/videos\/shutterstock_3584282139.mov","video_desktop_height":650,"video_desktop_opacity":0.5,"video_desktop_blur":0,"caption_position_desktop":"carousel-caption-desktop-center","caption_max_width":"720","caption_color":"#ffffff","brand_image_size":"60","subtitle":"","subtitle_size":"fs-5","title":"<em><strong>Top ventes : vos cartouches préférées à prix imbattables 🚀<\/strong><\/em>","heading_tag":"h1","title_size":"h2","description":"<p>Depuis 15 ans, Cartouche Deal équipe vos imprimantes avec fiabilité. Découvrez nos best-sellers !<br\/><br\/><\/p>","description_size":"fs-5","btn_text":"J'EN PROFITE","btn_url":"shopify:\/\/collections\/best-sellers","btn_color":"btn-danger","btn_size":"btn-md","btn_secondary_text":"","btn_secondary_url":"","btn_secondary_color":"btn-dark","btn_secondary_size":"btn-md","slide_link":"https:\/\/cartouche-deal.com\/collections\/best-sellers"}},"slide_8NLTzB":{"type":"slide","disabled":true,"settings":{"img_mobile":"shopify:\/\/shop_images\/Blue_and_White_Modern_Electronic_Product_Promotion_Facebook_Ad_2000_x_300_px_2000_x_500_px_2000_x_600_px_900_x_500_px_4.png","img_mobile_height":500,"img_mobile_opacity":1,"img_mobile_blur":0,"caption_position_mobile":"carousel-caption-mobile-center","img_desktop":"shopify:\/\/shop_images\/Blue_and_White_Modern_Electronic_Product_Promotion_Facebook_Ad_2000_x_300_px_2000_x_500_px_2000_x_600_px.png","img_desktop_height":600,"img_desktop_opacity":1,"img_desktop_blur":0,"caption_position_desktop":"carousel-caption-desktop-center","caption_max_width":"720","caption_color":"#ffffff","brand_image_size":"40","subtitle":"","subtitle_size":"fs-5","title":"","heading_tag":"h1","title_size":"h2","description":"","description_size":"fs-5","btn_text":"","btn_url":"","btn_color":"btn-primary","btn_size":"btn-md","btn_secondary_text":"","btn_secondary_url":"","btn_secondary_color":"btn-primary","btn_secondary_size":"btn-md","slide_link":"shopify:\/\/collections\/promotions-🏷️"}},"video_fdJT9G":{"type":"video","disabled":true,"settings":{"video_mobile":"shopify:\/\/files\/videos\/Mon film 2.mp4","video_mobile_height":500,"video_mobile_opacity":0.6,"video_mobile_blur":0,"caption_position_mobile":"carousel-caption-mobile-top","video_desktop":"shopify:\/\/files\/videos\/Mon film 2.mp4","video_desktop_height":600,"video_desktop_opacity":0.5,"video_desktop_blur":0,"caption_position_desktop":"carousel-caption-desktop-center","caption_max_width":"720","caption_color":"#ffffff","brand_image_size":"60","subtitle":"","subtitle_size":"fs-5","title":"+ de 4,000 références","heading_tag":"h1","title_size":"h2","description":"<p>trouvez la cartouche ou le toner laser parfait(e) pour vous<\/p>","description_size":"fs-4","btn_text":"recherche rapide","btn_url":"https:\/\/cartouche-deal.myshopify.com\/search","btn_color":"btn-primary","btn_size":"btn-md","btn_secondary_text":"","btn_secondary_url":"","btn_secondary_color":"btn-primary","btn_secondary_size":"btn-md","slide_link":""}},"video_j88Hke":{"type":"video","settings":{"video_mobile":"shopify:\/\/files\/videos\/gif cartouche deal header_99be4709-a507-45be-abde-7c983cc19c27.mp4","video_mobile_height":500,"video_mobile_opacity":0.7,"video_mobile_blur":0,"caption_position_mobile":"carousel-caption-mobile-center","video_desktop":"shopify:\/\/files\/videos\/gif cartouche deal header_99be4709-a507-45be-abde-7c983cc19c27.mp4","video_desktop_height":650,"video_desktop_opacity":0.5,"video_desktop_blur":0,"caption_position_desktop":"carousel-caption-desktop-center","caption_max_width":"720","caption_color":"#ffffff","brand_image_size":"60","subtitle":"","subtitle_size":"fs-5","title":"JUSQU'À -80%","heading_tag":"h1","title_size":"h2","description":"<p>SUR LES PACKS ET LOTS<\/p>","description_size":"fs-5","btn_text":"ÉCONOMISER","btn_url":"shopify:\/\/collections\/packs-et-lots","btn_color":"btn-danger","btn_size":"btn-md","btn_secondary_text":"","btn_secondary_url":"","btn_secondary_color":"btn-primary","btn_secondary_size":"btn-md","slide_link":"https:\/\/cartouche-deal.com\/collections\/packs-et-lots"}},"slide_96KgzE":{"type":"slide","settings":{"img_mobile":"shopify:\/\/shop_images\/Blue_and_White_Modern_Electronic_Product_Promotion_Facebook_Ad_2000_x_300_px_2000_x_500_px_2000_x_600_px_900_x_500_px_2_b54b3b87-acc1-4016-a334-a19480506d5f.png","img_mobile_height":500,"img_mobile_opacity":0.7,"img_mobile_blur":0,"caption_position_mobile":"carousel-caption-mobile-center","img_desktop":"shopify:\/\/shop_images\/Blue_and_White_Modern_Electronic_Product_Promotion_Facebook_Ad_2000_x_300_px_2000_x_500_px_2000_x_600_px_2_05c4c094-a518-4ee1-9fdc-79284cd4b732.png","img_desktop_height":650,"img_desktop_opacity":0.7,"img_desktop_blur":0,"caption_position_desktop":"carousel-caption-desktop-center","caption_max_width":"720","caption_color":"#ffffff","brand_image_size":"40","subtitle":"","subtitle_size":"fs-5","title":"","heading_tag":"h1","title_size":"h2","description":"","description_size":"fs-5","btn_text":"","btn_url":"","btn_color":"btn-primary","btn_size":"btn-md","btn_secondary_text":"","btn_secondary_url":"","btn_secondary_color":"btn-primary","btn_secondary_size":"btn-md","slide_link":"shopify:\/\/collections\/promotions-🏷️"}}},"block_order":["video_XxGME8","slide_8NLTzB","video_fdJT9G","video_j88Hke","slide_96KgzE"],"settings":{"svg_border_bottom":"","reverse":true,"mobheight_diapo-svg":50,"deskheight_diapo-svg":100,"color_diapo-svg":"#ff4d45","controls":true,"controls_style":"","indicators":false,"indicators_style":"carousel-indicators-circles","autoplay":true,"animation":"slide carousel-fade","ken_burns":false,"lazyload":false,"mt":0,"mb":0}},"96b16ded-e2be-4b28-a05e-21b9c990f110":{"type":"richtext","disabled":true,"custom_css":["@media screen and (min-width: 750px) {{display: none !important; }}"],"settings":{"background_img_opacity":0.7,"background_img_blur":0,"bg_color":"bg-body text-body","bg_gradient":false,"max_width":"960","text_align":"text-center","number_impact":"100","title_impact":"","impact_text_font_family":"","impact_text_size_ratio":0.5,"text_style":"","text_color":"rgba(0,0,0,0)","stroke_color":"rgba(0,0,0,0)","text_gradient":"linear-gradient(181deg, rgba(201, 151, 0, 1) 13%, rgba(255, 255, 255, 1) 100%)","brand_image_size":"60","subtitle":"","subtitle_size":"fs-5","color_caption":"#ffffff","title_overlay":"","title_overlay_size":"3","color_title_overlay":"#ffffff","title":"RECHERCHE RAPIDE","heading_tag":"h2","title_size":"h2","description":"","description_size":"fs-4","readmore":false,"formread":200,"readmore_color":"#212529","text_voirplus":"Voir plus ...","text_voirmoins":"Voir moins ...","btn_text":"","btn_url":"","btn_color":"btn-primary","btn_size":"btn-md","btn_secondary_text":"","btn_secondary_url":"","btn_secondary_color":"btn-primary","btn_secondary_size":"btn-md","pt":10,"pb":0,"mt":0,"mb":0}},"menu-3-clics":{"type":"menu-3-clics","custom_css":["@media (min-width: 769px) {{margin-top: -150px; \/* chevauche vers le haut *\/ \/* pour passer au-dessus de la section précédente *\/ left: 40px; \/* décale légèrement à droite *\/ }}"],"settings":{}},"quick-search-pc":{"type":"quick-search-pc","disabled":true,"settings":{}},"165151877352b831f8":{"type":"featured-products","custom_css":["@media screen and (min-width: 750px) {{margin-top: 360px !important; }}"],"settings":{"products":[],"collection":"best-sellers","limit":24,"bg_color":"bg-white text-dark","container":"container","text_align":"text-center","brand_image_size":"50","subtitle":"ILS ONT LA CÔTE","subtitle_size":"fs-5","color_caption":"#6c757d","title_overlay":"","title_overlay_size":"3","color_title_overlay":"#000000","title":"BEST-SELLERS 🏆","heading_tag":"h2","title_size":"h2","description":"","description_size":"fs-4","product_card_style":"card","product_img_mode":"simple","product_img_orientation":"square","product_img_thumbnail":"img-thumbnail","product_border_color":"border-primary","product_shadow_sp":"shadow-2","product_show_sale_badge":true,"product_sale_badge_color":"bg-success text-white","product_title_size":"h5","product_title_truncate":"text-truncate","product_show_vendor":false,"product_show_color_swatches":true,"product_show_atc_form":true,"product_form_show_inventory":true,"product_show_wishlist_btn":true,"carousel_enable":true,"carousel_arrows":false,"carousel_pagination":true,"carousel_easing":"cubic-bezier(.42,.65,.27,.99)","carousel_speed":400,"carousel_autoplay":true,"carousel_interval":5,"carousel_per_move":"0","carousel_rewind":true,"breakpoint_xs_partial":true,"breakpoint_xs":1,"breakpoint_sm":1,"breakpoint_md":2,"breakpoint_lg":3,"breakpoint_xl":4,"breakpoint_xxl":4,"btn_text":"Voir plus de produits »","btn_url":"shopify:\/\/collections\/best-sellers","btn_color":"btn-outline-primary","pt":10,"pb":10,"mt":0,"mb":0}},"b6cc4d28-8983-435f-bb29-4e7c8890ced1":{"type":"custom-border","settings":{"divider_option":"wave_animated","full_width":true,"width_border":3,"opacity":0.5,"color_border":"#000000","wave_custom":"bas12","color_border_fond_svg":"#ffffff","color_border_svg":"#000000","wave_fixe_height_desktop":12,"wave_fixe_height_mobile":4,"wave_animated":"1","waves_position":"sp-waves-top","color_border_svg_animated":"#efefef","blend_wave":false,"color_border_fond_svg_animated":"#242426","blend_opacity":0.5,"animation_speed":20,"wave_height_desktop":8,"wave_height_mobile":4,"svg_border_top":"","svg_border_bottom":"","mt":15,"mb":0}},"featured_products_TFrncU":{"type":"featured-products","settings":{"products":[],"collection":"nouveautes","limit":24,"bg_color":"bg-light text-body","container":"container","text_align":"text-center","brand_image_size":"60","subtitle":"DÉCOUVREZ LES","subtitle_size":"fs-5","color_caption":"#6c757d","title_overlay":"","title_overlay_size":"3","color_title_overlay":"#000000","title":"NOUVEAUTÉS ❗","heading_tag":"h2","title_size":"h2","description":"","description_size":"fs-4","product_card_style":"card","product_img_mode":"simple","product_img_orientation":"square","product_img_thumbnail":"img-thumbnail","product_border_color":"border-primary","product_shadow_sp":"shadow-2","product_show_sale_badge":true,"product_sale_badge_color":"bg-success text-white","product_title_size":"h5","product_title_truncate":"text-truncate","product_show_vendor":false,"product_show_color_swatches":true,"product_show_atc_form":true,"product_form_show_inventory":true,"product_show_wishlist_btn":true,"carousel_enable":true,"carousel_arrows":false,"carousel_pagination":true,"carousel_easing":"cubic-bezier(.42,.65,.27,.99)","carousel_speed":400,"carousel_autoplay":true,"carousel_interval":5,"carousel_per_move":"0","carousel_rewind":true,"breakpoint_xs_partial":true,"breakpoint_xs":1,"breakpoint_sm":1,"breakpoint_md":2,"breakpoint_lg":3,"breakpoint_xl":4,"breakpoint_xxl":4,"btn_text":"Voir plus de produits »","btn_url":"shopify:\/\/collections\/nouveautes","btn_color":"btn-outline-primary","pt":10,"pb":10,"mt":0,"mb":0}},"custom_border_BqdqY6":{"type":"custom-border","settings":{"divider_option":"wave_animated","full_width":false,"width_border":5,"opacity":0.5,"color_border":"#000000","wave_custom":"bas12","color_border_fond_svg":"#ffffff","color_border_svg":"#000000","wave_fixe_height_desktop":12,"wave_fixe_height_mobile":4,"wave_animated":"1","waves_position":"sp-waves-bottom","color_border_svg_animated":"#efefef","blend_wave":false,"color_border_fond_svg_animated":"#242426","blend_opacity":0.5,"animation_speed":20,"wave_height_desktop":8,"wave_height_mobile":4,"svg_border_top":"","svg_border_bottom":"","mt":0,"mb":15}},"image_with_text_hyRCRj":{"type":"image-with-text","custom_css":[".h2_svg.mb-4.animate__animated.animate__faster.animate__zoomInRight {display: none;}"],"settings":{"background_img_opacity":0.7,"background_img_blur":0,"bg_color":"bg-white text-dark","bg_gradient":false,"container":"container","max_width":"991","desktop_image_width":"medium","text_align":"text-start","image":"shopify:\/\/shop_images\/th_1.png","img_orientation":"landscape","img_crop":"center","img_thumbnail":"img-thumbnail","border_color":"","border_width":1,"shadow_sp":"shadow-1","img_align_desktop":"flex-lg-row","brand_image_size":"60","subtitle":"","subtitle_size":"fs-5","color_caption":"#6c757d","title":"Votre fournisseur de cartouche d'encre pas chère","heading_tag":"h2","title_size":"h4","description":"<p>Achetez vos cartouches d'encre et toners en ligne au meilleur prix avec Cartouche Deal : profitez de<strong> <\/strong><a href=\"\/collections\/best-sellers\" title=\"Best-sellers\">notre large sélection de produits<\/a> de haute qualité.<\/p><p>Cartouche Deal, le site de référence <strong>depuis 2010<\/strong> pour trouver l'encre de votre imprimante jet d'encre ou laser au meilleur prix ! Nous offrons une livraison rapide et un excellent service client pour vous garantir une expérience d'achat agréable.<\/p>","description_size":"fs-5","readmore":false,"formread":200,"readmore_color":"#ffffff","text_voirplus":"Voir plus","text_voirmoins":"Voir moins","btn_text":"","btn_url":"","btn_color":"btn-primary","btn_size":"btn-md","pt":10,"pb":5,"mt":0,"mb":1}},"custom_border_B9N84N":{"type":"custom-border","settings":{"divider_option":"wave_animated","full_width":false,"width_border":5,"opacity":0.5,"color_border":"#000000","wave_custom":"bas12","color_border_fond_svg":"#ffffff","color_border_svg":"#000000","wave_fixe_height_desktop":12,"wave_fixe_height_mobile":4,"wave_animated":"1","waves_position":"sp-waves-top","color_border_svg_animated":"#efefef","blend_wave":false,"color_border_fond_svg_animated":"#242426","blend_opacity":0.5,"animation_speed":20,"wave_height_desktop":8,"wave_height_mobile":4,"svg_border_top":"","svg_border_bottom":"","mt":15,"mb":0}},"featured_products_CnnWhK":{"type":"featured-products","settings":{"products":[],"collection":"packs-et-lots","limit":24,"bg_color":"bg-light text-body","container":"container","text_align":"text-center","brand_image_size":"60","subtitle":"ACHETEZ en","subtitle_size":"fs-5","color_caption":"#6c757d","title_overlay":"","title_overlay_size":"3","color_title_overlay":"#000000","title":"PACKS ET LOTS 🏷️","heading_tag":"h2","title_size":"h2","description":"<p>économisez jusqu'à -80%<\/p>","description_size":"fs-4","product_card_style":"card","product_img_mode":"simple","product_img_orientation":"square","product_img_thumbnail":"img-thumbnail","product_border_color":"border-primary","product_shadow_sp":"shadow-2","product_show_sale_badge":true,"product_sale_badge_color":"bg-success text-white","product_title_size":"h5","product_title_truncate":"text-truncate","product_show_vendor":false,"product_show_color_swatches":true,"product_show_atc_form":true,"product_form_show_inventory":true,"product_show_wishlist_btn":true,"carousel_enable":true,"carousel_arrows":false,"carousel_pagination":true,"carousel_easing":"cubic-bezier(.42,.65,.27,.99)","carousel_speed":400,"carousel_autoplay":true,"carousel_interval":5,"carousel_per_move":"0","carousel_rewind":true,"breakpoint_xs_partial":true,"breakpoint_xs":1,"breakpoint_sm":1,"breakpoint_md":2,"breakpoint_lg":3,"breakpoint_xl":4,"breakpoint_xxl":4,"btn_text":"Voir plus de produits »","btn_url":"shopify:\/\/collections\/packs-et-lots","btn_color":"btn-outline-primary","pt":6,"pb":6,"mt":0,"mb":0}},"custom_border_3KWp38":{"type":"custom-border","settings":{"divider_option":"wave_animated","full_width":false,"width_border":5,"opacity":0.5,"color_border":"#000000","wave_custom":"bas12","color_border_fond_svg":"#ffffff","color_border_svg":"#000000","wave_fixe_height_desktop":12,"wave_fixe_height_mobile":4,"wave_animated":"1","waves_position":"sp-waves-bottom","color_border_svg_animated":"#efefef","blend_wave":false,"color_border_fond_svg_animated":"#242426","blend_opacity":0.5,"animation_speed":20,"wave_height_desktop":8,"wave_height_mobile":4,"svg_border_top":"","svg_border_bottom":"","mt":0,"mb":10}},"custom_border_9dyHwm":{"type":"custom-border","disabled":true,"settings":{"divider_option":"wave_animated","full_width":false,"width_border":5,"opacity":0.5,"color_border":"#000000","wave_custom":"bas12","color_border_fond_svg":"#ffffff","color_border_svg":"#000000","wave_fixe_height_desktop":12,"wave_fixe_height_mobile":4,"wave_animated":"1","waves_position":"sp-waves-top","color_border_svg_animated":"#efefef","blend_wave":false,"color_border_fond_svg_animated":"#242426","blend_opacity":0.5,"animation_speed":20,"wave_height_desktop":8,"wave_height_mobile":4,"svg_border_top":"","svg_border_bottom":"","mt":10,"mb":0}},"custom_border_hpzHyy":{"type":"custom-border","disabled":true,"settings":{"divider_option":"wave_animated","full_width":false,"width_border":5,"opacity":0.5,"color_border":"#000000","wave_custom":"bas12","color_border_fond_svg":"#ffffff","color_border_svg":"#000000","wave_fixe_height_desktop":12,"wave_fixe_height_mobile":4,"wave_animated":"1","waves_position":"sp-waves-bottom","color_border_svg_animated":"#efefef","blend_wave":false,"color_border_fond_svg_animated":"#242426","blend_opacity":0.5,"animation_speed":20,"wave_height_desktop":8,"wave_height_mobile":4,"svg_border_top":"","svg_border_bottom":"","mt":0,"mb":10}},"image_with_text_Aeyrga":{"type":"image-with-text","custom_css":["#h2svg19 {display: none;}"],"settings":{"background_img_opacity":0.7,"background_img_blur":0,"bg_color":"bg-white text-dark","bg_gradient":false,"container":"container","max_width":"991","desktop_image_width":"medium","text_align":"text-start","image":"shopify:\/\/shop_images\/8037523_XNcAVjgwmEsE31bKqRoLzr1y.jpg","img_orientation":"landscape","img_crop":"center","img_thumbnail":"img-thumbnail","border_color":"","border_width":1,"shadow_sp":"shadow-1","img_align_desktop":"flex-lg-row","brand_image_size":"60","subtitle":"EXPÉDITION RAPIDE","subtitle_size":"fs-5","color_caption":"#6c757d","title":"Cartouche Deal vous assure une livraison en 24 \/48H","heading_tag":"h2","title_size":"h4","description":"<p>Nous comprenons également l'importance de la rapidité dans le domaine de l'impression. C'est pourquoi nous nous engageons à livrer vos commandes entre 24\/48 heures. Vous pouvez compter sur nous pour que vos cartouches compatibles et toners compatibles soient livrés rapidement et en toute sécurité, directement chez vous ou en point relais.<\/p>","description_size":"fs-5","readmore":false,"formread":200,"readmore_color":"#ffffff","text_voirplus":"Voir plus","text_voirmoins":"Voir moins","btn_text":"","btn_url":"","btn_color":"btn-primary","btn_size":"btn-md","pt":10,"pb":5,"mt":0,"mb":0}},"image_XMUXwE":{"type":"image","settings":{"bg_color":"bg-body text-body","bg_gradient":false,"container":"container","max_width":"991","url":"","image_mobile":"shopify:\/\/shop_images\/Frame_986_8c654d18-b6cf-46c2-80c6-685ad4770da4.png","img_mobile_width":"1000","img_mobile_height":"600","img_mobile_crop":"center","img_mobile_thumbnail":"","border_color_mobile":"","border_width_mobile":0,"shadow_sp_mobile":"shadow-none","image_desktop":"shopify:\/\/shop_images\/Frame_986.png","img_desktop_width":"1600","img_desktop_height":"900","img_desktop_crop":"center","img_desktop_thumbnail":"","border_color_desktop":"","border_width_desktop":0,"shadow_sp_desktop":"shadow-none","pt":3,"pb":10,"mt":0,"mb":0}},"custom_border_yWpJaE":{"type":"custom-border","settings":{"divider_option":"wave_animated","full_width":false,"width_border":5,"opacity":0.5,"color_border":"#000000","wave_custom":"bas12","color_border_fond_svg":"#ffffff","color_border_svg":"#000000","wave_fixe_height_desktop":12,"wave_fixe_height_mobile":4,"wave_animated":"1","waves_position":"sp-waves-top","color_border_svg_animated":"#efefef","blend_wave":false,"color_border_fond_svg_animated":"#242426","blend_opacity":0.5,"animation_speed":20,"wave_height_desktop":8,"wave_height_mobile":4,"svg_border_top":"","svg_border_bottom":"","mt":10,"mb":0}},"latest_articles_YQKbVp":{"type":"latest-articles","settings":{"blog":"centre-daide","limit":3,"bg_color":"bg-light text-body","bg_gradient":false,"container":"container","max_width":"991","text_align":"text-center","brand_image_size":"60","subtitle":"","subtitle_size":"fs-5","color_caption":"#6c757d","title_overlay":"","title_overlay_size":"3","color_title_overlay":"#000000","title":"Centre d'aide","heading_tag":"h2","title_size":"h2","description":"","description_size":"fs-5","article_img_orientation":"landscape-2","article_title_size":"h5","article_meta_author":false,"article_meta_date":false,"article_excerpt":false,"border_color":"border-dark","border_width":1,"shadow_sp":"shadow-3","animation":"animate__zoomIn","animation_speed":"animate__fast","breakpoint_xs_scroll":true,"breakpoint_xs":2,"breakpoint_sm":2,"breakpoint_md":2,"breakpoint_lg":3,"breakpoint_xl":3,"breakpoint_xxl":3,"pt":13,"pb":13,"mt":0,"mb":0}},"custom_border_nt9H8P":{"type":"custom-border","settings":{"divider_option":"wave_animated","full_width":false,"width_border":5,"opacity":0.5,"color_border":"#000000","wave_custom":"bas12","color_border_fond_svg":"#ffffff","color_border_svg":"#000000","wave_fixe_height_desktop":12,"wave_fixe_height_mobile":4,"wave_animated":"1","waves_position":"sp-waves-bottom","color_border_svg_animated":"#efefef","blend_wave":false,"color_border_fond_svg_animated":"#242426","blend_opacity":0.5,"animation_speed":20,"wave_height_desktop":8,"wave_height_mobile":4,"svg_border_top":"","svg_border_bottom":"","mt":0,"mb":10}},"6b41ca34-021b-4dc8-998a-411576e757ea":{"type":"testimonials","blocks":{"4ea1fc03-e3c6-4d13-a155-435f82c0ede3":{"type":"item","settings":{"title_align":"justify-content-center","text_align":"text-center","border_color":"border-primary","border_width":1,"shadow_sp":"shadow-3","img_orientation":"landscape","autoplay":true,"loop":true,"muted":true,"controls":true,"img_rounded_width":"70","img_rounded_height":"70","title":"Produits de qualité exceptionnelle !","title_size":"h6","text_author":"Claire","show_verified":"","show_stars":true,"stars_rating":5,"description":"<p>En tant qu'étudiante en médecine, je suis très exigeante en matière de qualité, et je suis ravie d'avoir trouvé cette boutique en ligne. Les cartouches d'encre que j'ai commandées sont d'une qualité exceptionnelle, ce qui m'est essentiel pour mes impressions. De plus, le site est super facile à utiliser, et j'ai reçu ma commande en un temps record ! Je recommande vivement, surtout pour ceux qui recherchent un service fiable et des produits de qualité.<\/p>","description_size":"fs-6","btn_text":"","btn_url":"","btn_color":"btn-primary","btn_size":"btn-md"}},"item_Ua7dpJ":{"type":"item","settings":{"title_align":"justify-content-center","text_align":"text-center","border_color":"border-primary","border_width":1,"shadow_sp":"shadow-3","img_orientation":"landscape","autoplay":true,"loop":true,"muted":true,"controls":true,"img_rounded_width":"70","img_rounded_height":"70","title":"Je suis conquise","title_size":"h6","text_author":"Emma","show_verified":"","show_stars":true,"stars_rating":5,"description":"<p>Idéale pour mes besoins d'impression lors de mes voyages ! La qualité est incroyable et la livraison est rapide. Je suis conquise !<\/p>","description_size":"fs-6","btn_text":"","btn_url":"","btn_color":"btn-primary","btn_size":"btn-md"}},"item_YDCzi9":{"type":"item","settings":{"title_align":"justify-content-center","text_align":"text-center","border_color":"border-primary","border_width":1,"shadow_sp":"shadow-3","img_orientation":"landscape","autoplay":true,"loop":true,"muted":true,"controls":true,"img_rounded_width":"70","img_rounded_height":"70","title":"Service fiable","title_size":"h6","text_author":"Nadia","show_verified":"","show_stars":true,"stars_rating":5,"description":"<p>J'ai récemment acheté des toners pour mon imprimante, et je suis vraiment impressionnée par la qualité du service. En tant que mère de famille, je cherche toujours à obtenir le meilleur pour mes enfants, et ici, j'ai trouvé des produits fiables. Le service client a été extrêmement réactif quand j'avais des questions, ce qui m'a beaucoup rassurée. Et en plus, la livraison est gratuite pour les commandes de plus de 49€, ce qui est un vrai plus pour notre budget.<\/p>","description_size":"fs-6","btn_text":"","btn_url":"","btn_color":"btn-primary","btn_size":"btn-md"}},"item_ETN6yA":{"type":"item","settings":{"title_align":"justify-content-center","text_align":"text-center","border_color":"border-primary","border_width":1,"shadow_sp":"shadow-3","img_orientation":"landscape","autoplay":true,"loop":true,"muted":true,"controls":true,"img_rounded_width":"70","img_rounded_height":"70","title":"Une boutique à la pointe !","title_size":"h6","text_author":"Luc","show_verified":"","show_stars":true,"stars_rating":5,"description":"<p>Une boutique à la pointe ! J'adore la qualité des cartouches et leur facilité d'utilisation. Parfait pour mes projets créatifs !<\/p>","description_size":"fs-6","btn_text":"","btn_url":"","btn_color":"btn-primary","btn_size":"btn-md"}},"item_jjnF3T":{"type":"item","settings":{"title_align":"justify-content-center","text_align":"text-center","border_color":"border-primary","border_width":1,"shadow_sp":"shadow-3","img_orientation":"landscape","autoplay":true,"loop":true,"muted":true,"controls":true,"img_rounded_width":"70","img_rounded_height":"70","title":"Qualité parfaite pour mon travail","title_size":"h6","text_author":"Brice","show_verified":"","show_stars":true,"stars_rating":4,"description":"<p>En tant qu'artisan, chaque détail compte pour moi, et la qualité de mes impressions est primordiale. J'ai testé plusieurs fournisseurs, mais celui-ci m'a vraiment convaincu. Les cartouches d'encre sont performantes et durables. J'apprécie également la rapidité de la livraison, qui est cruciale pour mon activité. Je me sens en confiance avec eux, et je n'hésiterai pas à recommander leur boutique à mes collègues.<\/p>","description_size":"fs-6","btn_text":"","btn_url":"","btn_color":"btn-primary","btn_size":"btn-md"}},"item_FJ8gtg":{"type":"item","settings":{"title_align":"justify-content-center","text_align":"text-center","border_color":"border-primary","border_width":1,"shadow_sp":"shadow-3","img_orientation":"landscape","autoplay":true,"loop":true,"muted":true,"controls":true,"img_rounded_width":"70","img_rounded_height":"70","title":"Je recommande vivement","title_size":"h6","text_author":"Isabelle","show_verified":"","show_stars":true,"stars_rating":5,"description":"<p>Un service apaisant et sans tracas. La qualité des produits est excellente et j'apprécie le service client attentif. Je recommande vivement !<\/p>","description_size":"fs-6","btn_text":"","btn_url":"","btn_color":"btn-primary","btn_size":"btn-md"}},"item_f9XKCV":{"type":"item","settings":{"title_align":"justify-content-center","text_align":"text-center","border_color":"border-primary","border_width":1,"shadow_sp":"shadow-3","img_orientation":"landscape","autoplay":true,"loop":true,"muted":true,"controls":true,"img_rounded_width":"70","img_rounded_height":"70","title":"Service fiable et abordable.","title_size":"h6","text_author":"Jean-Yves","show_verified":"","show_stars":true,"stars_rating":4,"description":"<p>En tant que retraité, j'aime avoir des services sur lesquels je peux compter. J'ai passé ma première commande ici par recommandation d'un ami, et je ne suis pas déçu. Les toners que j'ai reçus sont d'une excellente qualité, et le service client est vraiment à l'écoute. C'est rassurant de savoir qu'il y a encore des entreprises qui prennent soin de leurs clients. Je suis désormais un client fidèle, et je n'hésiterai pas à faire appel à eux à l'avenir.<\/p>","description_size":"fs-6","btn_text":"","btn_url":"","btn_color":"btn-primary","btn_size":"btn-md"}},"item_UEhGtd":{"type":"item","settings":{"title_align":"justify-content-center","text_align":"text-center","border_color":"border-primary","border_width":1,"shadow_sp":"shadow-3","img_orientation":"landscape","autoplay":true,"loop":true,"muted":true,"controls":true,"img_rounded_width":"70","img_rounded_height":"70","title":"Bonne Qualité.","title_size":"h6","text_author":"Marc","show_verified":"","show_stars":true,"stars_rating":5,"description":"<p>Une boutique solide sur laquelle on peut compter. Les toners que j'ai achetés sont performants et fiables. Je n'hésiterai pas à passer commande à nouveau.<\/p>","description_size":"fs-6","btn_text":"","btn_url":"","btn_color":"btn-primary","btn_size":"btn-md"}},"item_R9QCde":{"type":"item","settings":{"title_align":"justify-content-center","text_align":"text-center","border_color":"border-primary","border_width":1,"shadow_sp":"shadow-3","img_orientation":"landscape","autoplay":true,"loop":true,"muted":true,"controls":true,"img_rounded_width":"70","img_rounded_height":"70","title":"Je me sens Libre !","title_size":"h6","text_author":"Sophie","show_verified":"","show_stars":true,"stars_rating":5,"description":"<p>Une expérience d'achat super agréable ! Les cartouches sont de très bonne qualité, et j'ai adoré la rapidité de livraison. Je me sens libre de me concentrer sur mon travail sans soucis !<\/p>","description_size":"fs-6","btn_text":"","btn_url":"","btn_color":"btn-primary","btn_size":"btn-md"}}},"block_order":["4ea1fc03-e3c6-4d13-a155-435f82c0ede3","item_Ua7dpJ","item_YDCzi9","item_ETN6yA","item_jjnF3T","item_FJ8gtg","item_f9XKCV","item_UEhGtd","item_R9QCde"],"disabled":true,"settings":{"bg_color":"","bg_gradient":false,"container":"container","text_align":"text-center","brand_image_size":"60","subtitle":"","subtitle_size":"fs-5","color_caption":"#6c757d","title_overlay":"CLIENTS","title_overlay_size":"4","color_title_overlay":"#000000","title":"Témoignages","heading_tag":"h2","title_size":"h1","description":"<p>+ De 2700 personnes recommandent Cartouche Deal<\/p>","description_size":"fs-5","card_image_type":"card-img-top","star_style":"shopitrust","star_color":"#ffb81c","star_off":"#e5e4e2","carousel_arrows":true,"carousel_pagination":false,"carousel_easing":"cubic-bezier(.42,.65,.27,.99)","carousel_speed":400,"carousel_autoplay":false,"carousel_interval":5,"carousel_per_move":"1","carousel_rewind":true,"carousel_loop":true,"animation":"animate__zoomIn","animation_speed":"animate__fast","breakpoint_xs":1,"breakpoint_sm":2,"breakpoint_md":2,"breakpoint_lg":3,"breakpoint_xl":4,"breakpoint_xxl":4,"btn_show":true,"btn_text":"Voir tous nos avis","btn_url":"","btn_color":"btn-primary","pt":11,"pb":13,"mt":0,"mb":0}},"faq_9MVEqh":{"type":"faq","blocks":{"text_qeHrmy":{"type":"text","settings":{"icon":"","title":"Puis-je retourner ma commande si je ne suis pas satisfait ?","heading_tag":"h3","description":"<p>Oui, vous pouvez retourner votre commande sous 30 jours, sans frais, si elle ne répond pas à vos attentes. Votre satisfaction est notre priorité.<\/p>","img_orientation":"landscape","img_crop":"center","img_thumbnail":"img-thumbnail","border_color":"","border_width":1,"shadow_sp":"shadow-1","img_align_desktop":"flex-lg-row"}},"text_XMJJUR":{"type":"text","settings":{"icon":"","title":"Le paiement sur votre site est-il sécurisé ?","heading_tag":"h3","description":"<p>Absolument. Nous utilisons les meilleurs standards de sécurité pour assurer la protection de vos données et un paiement 100% sécurisé.<\/p>","img_orientation":"landscape","img_crop":"center","img_thumbnail":"img-thumbnail","border_color":"","border_width":1,"shadow_sp":"shadow-1","img_align_desktop":"flex-lg-row"}},"text_EkJBEr":{"type":"text","settings":{"icon":"","title":"Quelle garantie offrez-vous sur la qualité des cartouches ?","heading_tag":"h3","description":"<p>Nos cartouches sont garanties fraîches et authentiques. <\/p><p>Nous vous assurons des impressions nettes à chaque utilisation, ou nous vous remboursons.<\/p>","img_orientation":"landscape","img_crop":"center","img_thumbnail":"img-thumbnail","border_color":"","border_width":1,"shadow_sp":"shadow-1","img_align_desktop":"flex-lg-row"}},"text_d3mKJ3":{"type":"text","settings":{"icon":"","title":"Vos cartouches sont-elles certifiées ?","heading_tag":"h3","description":"<p>Toutes nos cartouches sont certifiées ISO 9001, ce qui garantit leur qualité et leur sécurité. Vous pouvez imprimer en toute sérénité.<\/p>","img_orientation":"landscape","img_crop":"center","img_thumbnail":"img-thumbnail","border_color":"","border_width":1,"shadow_sp":"shadow-1","img_align_desktop":"flex-lg-row"}},"text_CkFAjF":{"type":"text","settings":{"icon":"","title":"Quels sont vos délais et modes de livraison ?","heading_tag":"h3","description":"<p>Nous expédions votre commande en 24 heures. <\/p><p>Les délais de livraison sont de 3 à 5 jours ouvrés en France métropolitaine. <\/p><p>Vous pouvez suivre votre commande à chaque étape, de notre entrepôt jusqu'à votre porte.<\/p>","img_orientation":"landscape","img_crop":"center","img_thumbnail":"img-thumbnail","border_color":"","border_width":1,"shadow_sp":"shadow-1","img_align_desktop":"flex-lg-row"}},"text_CkyV7c":{"type":"text","settings":{"icon":"","title":"Comment puis-je obtenir le remboursement de ma commande ?","heading_tag":"h3","description":"<p>Après confirmation de retour à notre entrepôt votre commande vous sera remboursée sur le compte débité pour l'achat. Votre demande est traitée par un SAV en France.<\/p>","img_orientation":"landscape","img_crop":"center","img_thumbnail":"img-thumbnail","border_color":"","border_width":1,"shadow_sp":"shadow-1","img_align_desktop":"flex-lg-row"}}},"block_order":["text_qeHrmy","text_XMJJUR","text_EkJBEr","text_d3mKJ3","text_CkFAjF","text_CkyV7c"],"settings":{"background_img_opacity":0.7,"background_img_blur":0,"bg_color":"bg-body text-body","bg_gradient":false,"max_width":"991","accordion_style":"accordion-default","show_expanded":true,"accordion_custom_bg":"#ffffff","accordion_custom_title_color":"#212529","accordion_custom_bg_plus":"#f56900","accordion_custom_plus_color":"#ffffff","accordion_custom_bg_actif":"#f56900","accordion_custom_title_color_actif":"#ffffff","accordion_custom_bg_plus_actif":"#ffffff","accordion_custom_plus_color_actif":"#f56900","img_thumbnail_faq":"img-thumbnail","border_color_faq":"","border_width_faq":1,"shadow_sp_faq":"shadow-1","text_align":"text-center","brand_image_size":"60","subtitle":"","subtitle_size":"fs-5","color_caption":"#6c757d","title_overlay":"","title_overlay_size":"3","color_title_overlay":"#000000","title":"F.A.Q","heading_tag":"h2","title_size":"h2","description":"","description_size":"fs-5","img_orientation":"landscape","img_crop":"center","img_thumbnail":"img-thumbnail","border_color":"","border_width":1,"shadow_sp":"shadow-1","img_align_desktop":"flex-lg-row","pt":0,"pb":0,"mt":0,"mb":0}}},"order":["carousel","96b16ded-e2be-4b28-a05e-21b9c990f110","menu-3-clics","quick-search-pc","165151877352b831f8","b6cc4d28-8983-435f-bb29-4e7c8890ced1","featured_products_TFrncU","custom_border_BqdqY6","image_with_text_hyRCRj","custom_border_B9N84N","featured_products_CnnWhK","custom_border_3KWp38","custom_border_9dyHwm","custom_border_hpzHyy","image_with_text_Aeyrga","image_XMUXwE","custom_border_yWpJaE","latest_articles_YQKbVp","custom_border_nt9H8P","6b41ca34-021b-4dc8-998a-411576e757ea","faq_9MVEqh"]}