{
  "sections": {
    "carousel": {
      "type": "carousel",
      "blocks": {
        "7c7200c0-9e25-4d6f-8e80-68098f92561e": {
          "type": "slide",
          "settings": {
            "img_mobile": "shopify:\/\/shop_images\/slider1.jpg",
            "img_mobile_height": 600,
            "img_mobile_opacity": 0.6,
            "img_mobile_blur": 0,
            "caption_position_mobile": "carousel-caption-mobile-center",
            "img_desktop_height": 680,
            "img_desktop_opacity": 0.6,
            "img_desktop_blur": 0,
            "caption_position_desktop": "carousel-caption-desktop-center",
            "caption_max_width": "800",
            "caption_color": "#ffffff",
            "brand_image_size": "60",
            "subtitle": "Développé par Shopiweb®",
            "subtitle_size": "fs-3",
            "title": "Shopiweb - L’e-commerce pour tous",
            "heading_tag": "h1",
            "title_size": "h1",
            "description": "<p>Faites passer votre boutique e-commerce au niveau supérieur avec Shopiweb - où la commodité et l'innovation se conjuguent.<\/p>",
            "description_size": "fs-4",
            "btn_text": "Acheter le thème",
            "btn_url": "https:\/\/www.shopiweb.fr",
            "btn_color": "btn-primary",
            "btn_size": "btn-md",
            "btn_secondary_text": "En savoir plus",
            "btn_secondary_url": "",
            "btn_secondary_color": "btn-outline-light",
            "btn_secondary_size": "btn-md",
            "slide_link": ""
          }
        },
        "248cd0c1-af37-44c5-b139-355211beb24b": {
          "type": "video",
          "disabled": true,
          "settings": {
            "video_mobile_height": 600,
            "video_mobile_opacity": 0.7,
            "video_mobile_blur": 0,
            "caption_position_mobile": "carousel-caption-mobile-center",
            "video_desktop_height": 680,
            "video_desktop_opacity": 0.7,
            "video_desktop_blur": 0,
            "caption_position_desktop": "carousel-caption-desktop-center",
            "caption_max_width": "800",
            "caption_color": "#ffffff",
            "brand_image_size": "60",
            "subtitle": "Nouvelle fonctionnalité",
            "subtitle_size": "fs-3",
            "title": "Augmenter les conversions grâce à des diapositives vidéo attrayantes",
            "heading_tag": "h1",
            "title_size": "h1",
            "description": "<p>Les vidéos sont un support très attrayant qui peut capter et retenir l'attention des clients potentiels, ce qui les incite à rester sur le site web et à effectuer un achat.<\/p>",
            "description_size": "fs-4",
            "btn_text": "Acheter le Theme",
            "btn_url": "https:\/\/www.shopiweb.fr",
            "btn_color": "btn-primary",
            "btn_size": "btn-md",
            "btn_secondary_text": "",
            "btn_secondary_url": "",
            "btn_secondary_color": "btn-primary",
            "btn_secondary_size": "btn-md",
            "slide_link": ""
          }
        }
      },
      "block_order": [
        "7c7200c0-9e25-4d6f-8e80-68098f92561e",
        "248cd0c1-af37-44c5-b139-355211beb24b"
      ],
      "settings": {
        "svg_border_bottom": "",
        "reverse": true,
        "mobheight_diapo-svg": 50,
        "deskheight_diapo-svg": 100,
        "color_diapo-svg": "#ff4d45",
        "controls": true,
        "controls_style": "carousel-controls-arrows",
        "indicators": true,
        "indicators_style": "carousel-indicators-circles",
        "autoplay": true,
        "animation": "slide",
        "ken_burns": true,
        "lazyload": false,
        "mt": 0,
        "mb": 0
      }
    },
    "523632a1-0aef-453d-ae32-61d5a5db7e74": {
      "type": "animated-stories",
      "blocks": {
        "eeef43c4-e91f-437d-996f-ce2bd6f12691": {
          "type": "image",
          "settings": {
            "image": "shopify:\/\/shop_images\/Brother_logo_b6a2a928-ba04-44af-94db-df1b51a202cb.png",
            "title": "BROTHER",
            "heading_tag": "h6",
            "url": "shopify:\/\/products\/etui-airpods-pro-navy",
            "autoplay": true
          }
        },
        "5284a2d0-9cad-4f80-9475-e43a5a069661": {
          "type": "image",
          "settings": {
            "image": "shopify:\/\/shop_images\/Canon_logo_98c58f0d-33b2-456c-b2e5-621c2f97d45d.png",
            "title": "CANON",
            "heading_tag": "h6",
            "url": "shopify:\/\/products\/etui-airpods-pro-capuccino",
            "autoplay": true
          }
        },
        "d2a61327-7e48-47c8-b95c-8068ffa134f0": {
          "type": "image",
          "settings": {
            "image": "shopify:\/\/shop_images\/Epson_logo_logotype_-_Copie_40aa67c6-8852-4361-bdac-6467de2bec54.png",
            "title": "EPSON",
            "heading_tag": "h6",
            "url": "",
            "autoplay": true
          }
        },
        "5b0c1db7-23ad-4050-a44e-f3e244808db3": {
          "type": "image",
          "settings": {
            "image": "shopify:\/\/shop_images\/HP-logo.png",
            "title": "HP",
            "heading_tag": "h6",
            "url": "",
            "autoplay": true
          }
        },
        "fd147408-a9e5-4a8c-85e1-fd5e418df12c": {
          "type": "image",
          "settings": {
            "image": "shopify:\/\/shop_images\/Samsung_logo_47a1bf7d-7bab-4d2f-aae4-4d5738c42324.png",
            "title": "SAMSUNG",
            "heading_tag": "h6",
            "url": "",
            "autoplay": true
          }
        },
        "9f66d5a8-6571-4a83-a230-f3316a443288": {
          "type": "image",
          "settings": {
            "image": "shopify:\/\/shop_images\/lexmark_logo_detail_7b77b398-01d6-49c2-8be2-a6dae7cec9cf.png",
            "title": "LEXMARK",
            "heading_tag": "h6",
            "url": "shopify:\/\/products\/etui-airpods-pro-capuccino",
            "autoplay": false
          }
        }
      },
      "block_order": [
        "eeef43c4-e91f-437d-996f-ce2bd6f12691",
        "5284a2d0-9cad-4f80-9475-e43a5a069661",
        "d2a61327-7e48-47c8-b95c-8068ffa134f0",
        "5b0c1db7-23ad-4050-a44e-f3e244808db3",
        "fd147408-a9e5-4a8c-85e1-fd5e418df12c",
        "9f66d5a8-6571-4a83-a230-f3316a443288"
      ],
      "settings": {
        "bg_color": "bg-dark text-white",
        "bg_gradient": true,
        "list_label": "Collections en vedette",
        "item_img_size": "90",
        "item_stroke_width": 2,
        "item_stroke_color_start": "#c99700",
        "item_stroke_color_end": "#86868b",
        "item_title_size": "fs-6",
        "visibility_xs": true,
        "visibility_md": true,
        "visibility_lg": true,
        "animation": "animate__fadeInRightBig",
        "animation_speed": "",
        "pt": 4,
        "pb": 4,
        "mt": 0,
        "mb": 0
      }
    },
    "676ac84e-acc4-4648-bffc-9d1523a9dd68": {
      "type": "marquee",
      "blocks": {
        "template--16715093541085__676ac84e-acc4-4648-bffc-9d1523a9dd68-1684599296cc89a67b-0": {
          "type": "item",
          "settings": {
            "text": "Un message promotionnel",
            "url": ""
          }
        },
        "350ce0b5-f0ec-445c-9a25-d1d7419be6cb": {
          "type": "image",
          "settings": {
            "img": "shopify:\/\/shop_images\/2.png",
            "img_width": "120",
            "url": ""
          }
        },
        "template--16715093541085__676ac84e-acc4-4648-bffc-9d1523a9dd68-1684599296cc89a67b-1": {
          "type": "item",
          "settings": {
            "text": "Encore un autre message promotionnel",
            "url": ""
          }
        },
        "cb16289c-741c-4c34-ad50-0df9685830a9": {
          "type": "image",
          "settings": {
            "img_width": "120",
            "url": ""
          }
        },
        "template--16715093541085__676ac84e-acc4-4648-bffc-9d1523a9dd68-1684599296cc89a67b-2": {
          "type": "item",
          "settings": {
            "text": "Essayez d'être bref",
            "url": ""
          }
        },
        "6f6d6d5a-c4fc-4a72-9ed7-086df1d079db": {
          "type": "image",
          "settings": {
            "img": "shopify:\/\/shop_images\/2.png",
            "img_width": "120",
            "url": ""
          }
        },
        "template--16715093541085__676ac84e-acc4-4648-bffc-9d1523a9dd68-1684599296cc89a67b-3": {
          "type": "item",
          "settings": {
            "text": "100% Shopiweb premium",
            "url": ""
          }
        },
        "f04298d9-71b6-4276-a443-7432d25ef4f5": {
          "type": "image",
          "settings": {
            "img_width": "120",
            "url": ""
          }
        },
        "template--16715093541085__676ac84e-acc4-4648-bffc-9d1523a9dd68-1684599296cc89a67b-4": {
          "type": "item",
          "settings": {
            "text": "Ajustez les paramètres de la section au besoin",
            "url": ""
          }
        },
        "b5630b5b-283c-4321-86a7-b443c20b9f8a": {
          "type": "image",
          "settings": {
            "img_width": "120",
            "url": ""
          }
        }
      },
      "block_order": [
        "template--16715093541085__676ac84e-acc4-4648-bffc-9d1523a9dd68-1684599296cc89a67b-0",
        "350ce0b5-f0ec-445c-9a25-d1d7419be6cb",
        "template--16715093541085__676ac84e-acc4-4648-bffc-9d1523a9dd68-1684599296cc89a67b-1",
        "cb16289c-741c-4c34-ad50-0df9685830a9",
        "template--16715093541085__676ac84e-acc4-4648-bffc-9d1523a9dd68-1684599296cc89a67b-2",
        "6f6d6d5a-c4fc-4a72-9ed7-086df1d079db",
        "template--16715093541085__676ac84e-acc4-4648-bffc-9d1523a9dd68-1684599296cc89a67b-3",
        "f04298d9-71b6-4276-a443-7432d25ef4f5",
        "template--16715093541085__676ac84e-acc4-4648-bffc-9d1523a9dd68-1684599296cc89a67b-4",
        "b5630b5b-283c-4321-86a7-b443c20b9f8a"
      ],
      "settings": {
        "bg_color": "bg-primary text-white",
        "bg_gradient": false,
        "font_size": "fs-5",
        "text_transform": "text-capitalize",
        "list_label": "Caractéristiques promotionnelles",
        "animation_duration": 40,
        "marquee_direction": "left",
        "separator": "",
        "gap": 6,
        "pt": 3,
        "pb": 3,
        "mt": 0,
        "mb": 0
      }
    },
    "165151877352b831f8": {
      "type": "featured-products",
      "settings": {
        "products": [],
        "collection": "collection-airpods-pro",
        "limit": 10,
        "bg_color": "",
        "container": "container",
        "text_align": "text-center",
        "brand_image_size": "60",
        "subtitle": "Proposition de valeur unique",
        "subtitle_size": "fs-5",
        "color_caption": "#6c757d",
        "title_overlay": "",
        "title_overlay_size": "3",
        "color_title_overlay": "#000000",
        "title": "Produits ou Collection en vedette",
        "heading_tag": "h2",
        "title_size": "h2",
        "description": "<p>Ajouter une description facultative à cette section<\/p>",
        "description_size": "fs-4",
        "product_card_style": "card",
        "product_img_mode": "gallery",
        "product_img_orientation": "square",
        "product_img_thumbnail": "img-thumbnail",
        "product_border_color": "border-primary",
        "product_shadow_sp": "shadow-2",
        "product_show_sale_badge": true,
        "product_sale_badge_color": "bg-success text-white",
        "product_title_size": "h5",
        "product_title_truncate": "text-truncate",
        "product_show_vendor": true,
        "product_show_color_swatches": true,
        "product_show_atc_form": true,
        "product_form_show_inventory": true,
        "product_show_wishlist_btn": true,
        "carousel_enable": true,
        "carousel_arrows": true,
        "carousel_pagination": true,
        "carousel_easing": "cubic-bezier(.42,.65,.27,.99)",
        "carousel_speed": 400,
        "carousel_autoplay": false,
        "carousel_interval": 5,
        "carousel_per_move": "0",
        "carousel_rewind": true,
        "breakpoint_xs_partial": true,
        "breakpoint_xs": 1,
        "breakpoint_sm": 1,
        "breakpoint_md": 2,
        "breakpoint_lg": 3,
        "breakpoint_xl": 4,
        "breakpoint_xxl": 4,
        "btn_text": "Voir plus de produits »",
        "btn_url": "shopify:\/\/collections\/all",
        "btn_color": "btn-outline-primary",
        "pt": 13,
        "pb": 13,
        "mt": 0,
        "mb": 0
      }
    },
    "96b16ded-e2be-4b28-a05e-21b9c990f110": {
      "type": "richtext",
      "settings": {
        "background_img_opacity": 0.5,
        "background_img_blur": 0,
        "bg_color": "bg-dark text-white",
        "bg_gradient": false,
        "max_width": "991",
        "text_align": "text-center",
        "number_impact": "100",
        "title_impact": "% PREMIUM",
        "impact_text_font_family": "",
        "impact_text_size_ratio": 0.5,
        "text_style": "",
        "text_color": "rgba(0,0,0,0)",
        "stroke_color": "rgba(0,0,0,0)",
        "text_gradient": "linear-gradient(181deg, rgba(201, 151, 0, 1) 13%, rgba(255, 255, 255, 1) 100%)",
        "brand_image_size": "60",
        "subtitle": "",
        "subtitle_size": "fs-5",
        "color_caption": "#ffffff",
        "title_overlay": "",
        "title_overlay_size": "3",
        "color_title_overlay": "#ffffff",
        "title": "Parlez de votre marque",
        "heading_tag": "h2",
        "title_size": "h1",
        "description": "<p>Partagez des informations sur votre marque avec vos clients. Décrivez un produit, faites des annonces ou accueillez les clients dans votre magasin. Partagez des informations sur votre marque avec vos clients. Décrivez un produit, faites des annonces ou accueillez les clients dans votre magasin. Partagez des informations sur votre marque avec vos clients. Décrivez un produit, faites des annonces ou accueillez les clients dans votre magasin. Partagez des informations sur votre marque avec vos clients. Décrivez un produit, faites des annonces ou accueillez les clients dans votre magasin.<\/p>",
        "description_size": "fs-4",
        "readmore": false,
        "formread": 200,
        "readmore_color": "#212529",
        "text_voirplus": "Voir plus ...",
        "text_voirmoins": "Voir moins ...",
        "btn_text": "Titre du bouton",
        "btn_url": "",
        "btn_color": "btn-primary",
        "btn_size": "btn-md",
        "btn_secondary_text": "Titre du bouton",
        "btn_secondary_url": "",
        "btn_secondary_color": "btn-primary",
        "btn_secondary_size": "btn-md",
        "pt": 13,
        "pb": 14,
        "mt": 0,
        "mb": 0
      }
    },
    "b6cc4d28-8983-435f-bb29-4e7c8890ced1": {
      "type": "custom-border",
      "settings": {
        "divider_option": "wave_animated",
        "full_width": false,
        "width_border": 5,
        "opacity": 0.5,
        "color_border": "#000000",
        "wave_custom": "bas12",
        "color_border_fond_svg": "#ffffff",
        "color_border_svg": "#000000",
        "wave_fixe_height_desktop": 12,
        "wave_fixe_height_mobile": 4,
        "wave_animated": "3",
        "waves_position": "sp-waves-top",
        "color_border_svg_animated": "#ffc107",
        "blend_wave": false,
        "color_border_fond_svg_animated": "#242426",
        "blend_opacity": 1,
        "animation_speed": 6,
        "wave_height_desktop": 3,
        "wave_height_mobile": 4,
        "svg_border_top": "",
        "svg_border_bottom": "",
        "mt": 0,
        "mb": 0
      }
    },
    "1651733459a1bea1c2": {
      "type": "featured-collections",
      "blocks": {
        "9e860958-3e5a-44e1-ace8-49e74c8ea9ef": {
          "type": "collection",
          "settings": {
            "collection": "collection-airpods-pro",
            "title": "",
            "heading_tag": "h3",
            "title_size": "h4"
          }
        },
        "ec7164c1-d2b0-4fd9-b81f-18204c938d9a": {
          "type": "collection",
          "settings": {
            "collection": "collection-airpods-pro",
            "title": "",
            "heading_tag": "h3",
            "title_size": "h4"
          }
        },
        "ec048dd5-f669-4b0e-811b-cd904f95bde5": {
          "type": "collection",
          "settings": {
            "collection": "collection-airpods-pro",
            "title": "",
            "heading_tag": "h3",
            "title_size": "h4"
          }
        },
        "8fc94115-7876-4623-88e5-ded9e05b5da6": {
          "type": "collection",
          "settings": {
            "collection": "collection-airpods-pro",
            "title": "Shopiweb",
            "heading_tag": "h3",
            "title_size": "h4"
          }
        },
        "e86d0893-60ca-4bbf-aa40-c1ea7de37bec": {
          "type": "collection",
          "settings": {
            "collection": "collection-airpods-pro",
            "title": "",
            "heading_tag": "h3",
            "title_size": "h4"
          }
        },
        "8c529e86-7b51-4d75-baa3-1d4681b8c75c": {
          "type": "collection",
          "settings": {
            "collection": "collection-airpods-pro",
            "title": "",
            "heading_tag": "h3",
            "title_size": "h4"
          }
        }
      },
      "block_order": [
        "9e860958-3e5a-44e1-ace8-49e74c8ea9ef",
        "ec7164c1-d2b0-4fd9-b81f-18204c938d9a",
        "ec048dd5-f669-4b0e-811b-cd904f95bde5",
        "8fc94115-7876-4623-88e5-ded9e05b5da6",
        "e86d0893-60ca-4bbf-aa40-c1ea7de37bec",
        "8c529e86-7b51-4d75-baa3-1d4681b8c75c"
      ],
      "settings": {
        "bg_color": "bg-white text-dark",
        "container": "container",
        "text_align": "text-center",
        "brand_image_size": "60",
        "subtitle": "Proposition de valeur unique",
        "subtitle_size": "fs-5",
        "color_caption": "#6c757d",
        "title_overlay": "",
        "title_overlay_size": "3",
        "color_title_overlay": "#000000",
        "title": "Collections en vedette",
        "heading_tag": "h2",
        "title_size": "h2",
        "description": "<p>Découvrez notre gamme de produits<\/p>",
        "description_size": "fs-4",
        "collection_img_orientation": "landscape",
        "collection_img_thumbnail": "img-thumbnail",
        "collection_border_color": "border-primary",
        "collection_border_width": 1,
        "collection_shadow_sp": "shadow-2",
        "collection_show_title": true,
        "btn_text": "Voir toutes les collections",
        "btn_color": "btn-outline-secondary",
        "animation": "animate__zoomIn",
        "animation_speed": "animate__fast",
        "breakpoint_xs_scroll": true,
        "breakpoint_xs": 1,
        "breakpoint_sm": 2,
        "breakpoint_md": 2,
        "breakpoint_lg": 3,
        "breakpoint_xl": 3,
        "breakpoint_xxl": 3,
        "pt": 13,
        "pb": 13,
        "mt": 0,
        "mb": 0
      }
    },
    "06c97ea7-90df-43e1-9d2c-c7459c37b080": {
      "type": "scrolling-text",
      "blocks": {
        "item_Dn3kQP": {
          "type": "item",
          "settings": {
            "text": "",
            "text_transform": "text-capitalize",
            "scrolling_text_font_family": "",
            "text_style": "",
            "text_color": "#F56900",
            "stroke_color": "",
            "text_gradient": ""
          }
        },
        "template--16852511752413__06c97ea7-90df-43e1-9d2c-c7459c37b080-item-1": {
          "type": "item",
          "settings": {
            "text": "Un message promotionnel",
            "text_transform": "text-capitalize",
            "scrolling_text_font_family": "headings-font-family",
            "text_style": "",
            "text_color": "rgba(0,0,0,0)",
            "stroke_color": "",
            "text_gradient": "linear-gradient(320deg, rgba(56, 78, 197, 1) 16%, rgba(203, 68, 194, 1) 52%, rgba(255, 201, 104, 1) 87%)"
          }
        },
        "template--16852511752413__06c97ea7-90df-43e1-9d2c-c7459c37b080-item-3": {
          "type": "item",
          "settings": {
            "text": "Essayez d'être bref",
            "text_transform": "text-uppercase",
            "scrolling_text_font_family": "headings-font-family",
            "text_style": "text-flaming",
            "text_color": "#c99700",
            "stroke_color": "",
            "text_gradient": ""
          }
        },
        "template--16852511752413__06c97ea7-90df-43e1-9d2c-c7459c37b080-item-2": {
          "type": "item",
          "settings": {
            "text": "Encore un autre message promotionnel",
            "text_transform": "text-capitalize",
            "scrolling_text_font_family": "headings-font-family",
            "text_style": "text-3d",
            "text_color": "#c99700",
            "stroke_color": "",
            "text_gradient": ""
          }
        },
        "a2f0f73b-eae6-45a2-a82e-048415da6686": {
          "type": "item",
          "settings": {
            "text": "Shopiweb premium",
            "text_transform": "text-uppercase",
            "scrolling_text_font_family": "",
            "text_style": "",
            "text_color": "rgba(0,0,0,0)",
            "stroke_color": "#ff4d45",
            "text_gradient": ""
          }
        }
      },
      "block_order": [
        "item_Dn3kQP",
        "template--16852511752413__06c97ea7-90df-43e1-9d2c-c7459c37b080-item-1",
        "template--16852511752413__06c97ea7-90df-43e1-9d2c-c7459c37b080-item-3",
        "template--16852511752413__06c97ea7-90df-43e1-9d2c-c7459c37b080-item-2",
        "a2f0f73b-eae6-45a2-a82e-048415da6686"
      ],
      "settings": {
        "bg_color": "bg-white text-dark",
        "bg_gradient": false,
        "font_size": "medium",
        "list_label": "Caractéristiques promotionnelles",
        "animation_duration": 60,
        "scrolling_direction": "left",
        "gap": 8,
        "pt": 7,
        "pb": 7,
        "mt": 0,
        "mb": 0
      }
    },
    "media_tabs_hNWQrG": {
      "type": "media-tabs",
      "blocks": {
        "image_GKfKNN": {
          "type": "image",
          "settings": {
            "autoplay": true,
            "loop": true,
            "muted": true,
            "controls": true,
            "icon": "<svg xmlns=\"http:\/\/www.w3.org\/2000\/svg\" width=\"16\" height=\"16\" fill=\"currentColor\" class=\"bi bi-magnet-fill\" viewbox=\"0 0 16 16\">\n  <path d=\"M15 12h-4v3h4zM5 12H1v3h4zM0 8a8 8 0 1 1 16 0v8h-6V8a2 2 0 1 0-4 0v8H0z\"><\/path>\n<\/svg>",
            "tab_title": "Magnétique",
            "tab_description": "<p>L'outil de sélection magnétique permet d'effectuer des sélections complexes sans effort.Tracez simplement les bords de n’importe quel objet et observez automatiquement une sélection précise autour de lui.<\/p>",
            "tab_description_size": "fs-5"
          }
        },
        "image_apPJcq": {
          "type": "image",
          "settings": {
            "autoplay": true,
            "loop": true,
            "muted": true,
            "controls": true,
            "icon": "<svg xmlns=\"http:\/\/www.w3.org\/2000\/svg\" width=\"16\" height=\"16\" fill=\"currentColor\" class=\"bi bi-speedometer\" viewbox=\"0 0 16 16\">\n  <path d=\"M8 2a.5.5 0 0 1 .5.5V4a.5.5 0 0 1-1 0V2.5A.5.5 0 0 1 8 2M3.732 3.732a.5.5 0 0 1 .707 0l.915.914a.5.5 0 1 1-.708.708l-.914-.915a.5.5 0 0 1 0-.707M2 8a.5.5 0 0 1 .5-.5h1.586a.5.5 0 0 1 0 1H2.5A.5.5 0 0 1 2 8m9.5 0a.5.5 0 0 1 .5-.5h1.5a.5.5 0 0 1 0 1H12a.5.5 0 0 1-.5-.5m.754-4.246a.39.39 0 0 0-.527-.02L7.547 7.31A.91.91 0 1 0 8.85 8.569l3.434-4.297a.39.39 0 0 0-.029-.518z\"><\/path>\n  <path fill-rule=\"evenodd\" d=\"M6.664 15.889A8 8 0 1 1 9.336.11a8 8 0 0 1-2.672 15.78zm-4.665-4.283A11.95 11.95 0 0 1 8 10c2.186 0 4.236.585 6.001 1.606a7 7 0 1 0-12.002 0\"><\/path>\n<\/svg>",
            "tab_title": "Shopiweb",
            "tab_description": "<p>Grâce à son algorithme avancé, l'outil Sélection rapide vous permet de sélectionner facilement même les objets et les zones les plus difficiles en quelques coups de pinceau.<\/p>",
            "tab_description_size": "fs-5"
          }
        },
        "image_Rw6miT": {
          "type": "image",
          "settings": {
            "autoplay": true,
            "loop": true,
            "muted": true,
            "controls": true,
            "icon": "<svg xmlns=\"http:\/\/www.w3.org\/2000\/svg\" width=\"16\" height=\"16\" fill=\"currentColor\" class=\"bi bi-database-fill-gear\" viewbox=\"0 0 16 16\">\n  <path d=\"M8 1c-1.573 0-3.022.289-4.096.777C2.875 2.245 2 2.993 2 4s.875 1.755 1.904 2.223C4.978 6.711 6.427 7 8 7s3.022-.289 4.096-.777C13.125 5.755 14 5.007 14 4s-.875-1.755-1.904-2.223C11.022 1.289 9.573 1 8 1\"><\/path>\n  <path d=\"M2 7v-.839c.457.432 1.004.751 1.49.972C4.722 7.693 6.318 8 8 8s3.278-.307 4.51-.867c.486-.22 1.033-.54 1.49-.972V7c0 .424-.155.802-.411 1.133a4.51 4.51 0 0 0-4.815 1.843A12 12 0 0 1 8 10c-1.573 0-3.022-.289-4.096-.777C2.875 8.755 2 8.007 2 7m6.257 3.998L8 11c-1.682 0-3.278-.307-4.51-.867-.486-.22-1.033-.54-1.49-.972V10c0 1.007.875 1.755 1.904 2.223C4.978 12.711 6.427 13 8 13h.027a4.55 4.55 0 0 1 .23-2.002m-.002 3L8 14c-1.682 0-3.278-.307-4.51-.867-.486-.22-1.033-.54-1.49-.972V13c0 1.007.875 1.755 1.904 2.223C4.978 15.711 6.427 16 8 16c.536 0 1.058-.034 1.555-.097a4.5 4.5 0 0 1-1.3-1.905m3.631-4.538c.18-.613 1.048-.613 1.229 0l.043.148a.64.64 0 0 0 .921.382l.136-.074c.561-.306 1.175.308.87.869l-.075.136a.64.64 0 0 0 .382.92l.149.045c.612.18.612 1.048 0 1.229l-.15.043a.64.64 0 0 0-.38.921l.074.136c.305.561-.309 1.175-.87.87l-.136-.075a.64.64 0 0 0-.92.382l-.045.149c-.18.612-1.048.612-1.229 0l-.043-.15a.64.64 0 0 0-.921-.38l-.136.074c-.561.305-1.175-.309-.87-.87l.075-.136a.64.64 0 0 0-.382-.92l-.148-.045c-.613-.18-.613-1.048 0-1.229l.148-.043a.64.64 0 0 0 .382-.921l-.074-.136c-.306-.561.308-1.175.869-.87l.136.075a.64.64 0 0 0 .92-.382zM14 12.5a1.5 1.5 0 1 0-3 0 1.5 1.5 0 0 0 3 0\"><\/path>\n<\/svg>",
            "tab_title": "Sélection",
            "tab_description": "<p>Effectuez des sélections rectangulaires ou arrondies, sélectionnez des lignes et des colonnes, dessinez des sélections à main levée, et bien plus encore.<\/p>",
            "tab_description_size": "fs-5"
          }
        },
        "image_pR3EFp": {
          "type": "image",
          "settings": {
            "autoplay": true,
            "loop": true,
            "muted": true,
            "controls": true,
            "icon": "<svg xmlns=\"http:\/\/www.w3.org\/2000\/svg\" width=\"16\" height=\"16\" fill=\"currentColor\" class=\"bi bi-palette2\" viewbox=\"0 0 16 16\">\n  <path d=\"M0 .5A.5.5 0 0 1 .5 0h5a.5.5 0 0 1 .5.5v5.277l4.147-4.131a.5.5 0 0 1 .707 0l3.535 3.536a.5.5 0 0 1 0 .708L10.261 10H15.5a.5.5 0 0 1 .5.5v5a.5.5 0 0 1-.5.5H3a3 3 0 0 1-2.121-.879A3 3 0 0 1 0 13.044m6-.21 7.328-7.3-2.829-2.828L6 7.188zM4.5 13a1.5 1.5 0 1 0-3 0 1.5 1.5 0 0 0 3 0M15 15v-4H9.258l-4.015 4zM0 .5v12.495zm0 12.495V13z\"><\/path>\n<\/svg>",
            "tab_title": "Couleurs",
            "tab_description": "<p>Utilisez l'outil de sélection de couleurs pour sélectionner rapidement et facilement des parties de votre image de couleur similaire.<\/p>",
            "tab_description_size": "fs-5"
          }
        }
      },
      "block_order": [
        "image_GKfKNN",
        "image_apPJcq",
        "image_Rw6miT",
        "image_pR3EFp"
      ],
      "settings": {
        "bg_color": "bg-light text-body",
        "bg_gradient": false,
        "container": "container",
        "max_width": "900",
        "text_align": "text-center",
        "brand_image_size": "60",
        "subtitle": "Proposition de valeur unique",
        "subtitle_size": "fs-5",
        "color_caption": "#6c757d",
        "title_overlay": "MEDIA-NAV",
        "title_overlay_size": "3",
        "color_title_overlay": "#000000",
        "title": "Combinez plusieurs photos en une seule.",
        "heading_tag": "h2",
        "title_size": "h1",
        "description": "<p>Grâce à une collection d'outils de sélection au pixel près, alimentés par une technologie de pointe, Pixelmator Pro vous permet de sélectionner et de modifier facilement des parties précises de vos images.Vous pouvez ainsi appliquer des ajustements de couleur et des effets à des zones spécifiques.Sélectionnez et copiez des objets d'une image à une autre.Ou concentrez toutes les modifications sur une zone précise sans affecter le reste de l’image.<\/p>",
        "description_size": "fs-5",
        "img_thumbnail": "img-thumbnail",
        "border_color": "border-primary",
        "border_width": 1,
        "shadow_sp": "shadow-3",
        "border_nav": "border",
        "border_color_nav": "",
        "border_width_nav": 1,
        "shadow_sp_tab": "shadow-1",
        "btn_pill_color": "#c99700",
        "text_pill_color": "#ffffff",
        "pt": 13,
        "pb": 13,
        "mt": 0,
        "mb": 0
      }
    },
    "6b41ca34-021b-4dc8-998a-411576e757ea": {
      "type": "testimonials",
      "blocks": {
        "304cf387-da91-4238-8215-ff5b98773765": {
          "type": "item",
          "settings": {
            "title_align": "justify-content-start",
            "text_align": "text-start",
            "border_color": "border-primary",
            "border_width": 1,
            "shadow_sp": "shadow-3",
            "img_orientation": "landscape",
            "autoplay": true,
            "loop": true,
            "muted": true,
            "controls": true,
            "img_rounded_width": "70",
            "img_rounded_height": "70",
            "title": "Bonne Qualité",
            "title_size": "h5",
            "text_author": "John Doe",
            "show_verified": "show_achat_verified",
            "show_stars": true,
            "stars_rating": 2.5,
            "description": "<p>Écrivez un retour à propos de vos produits. Ajustez le nombre de colonnes en fonction de la taille moyenne des messages.<\/p>",
            "description_size": "fs-6",
            "btn_text": "Voir le produit",
            "btn_url": "",
            "btn_color": "btn-outline-primary",
            "btn_size": "btn-md"
          }
        },
        "3810e6b4-8832-474b-8d39-1d8fc548ae4a": {
          "type": "item",
          "settings": {
            "title_align": "justify-content-center",
            "text_align": "text-center",
            "border_color": "border-primary",
            "border_width": 1,
            "shadow_sp": "shadow-3",
            "img_orientation": "landscape",
            "autoplay": true,
            "loop": true,
            "muted": true,
            "controls": true,
            "img_rounded_width": "70",
            "img_rounded_height": "70",
            "title": "Bonne Qualité",
            "title_size": "h5",
            "text_author": "John Doe",
            "show_verified": "show_avis_verified",
            "show_stars": true,
            "stars_rating": 3.5,
            "description": "<p>Écrivez un retour à propos de vos produits. Ajustez le nombre de colonnes en fonction de la taille moyenne des messages.<\/p>",
            "description_size": "fs-6",
            "btn_text": "Voir le produit",
            "btn_url": "",
            "btn_color": "btn-outline-primary",
            "btn_size": "btn-md"
          }
        },
        "d3278c94-01a8-4025-85d2-36cfadb5c8df": {
          "type": "item",
          "settings": {
            "title_align": "justify-content-start",
            "text_align": "text-start",
            "border_color": "border-primary",
            "border_width": 1,
            "shadow_sp": "shadow-3",
            "img_orientation": "landscape",
            "autoplay": true,
            "loop": true,
            "muted": true,
            "controls": true,
            "img_rounded_width": "70",
            "img_rounded_height": "70",
            "title": "Bonne Qualité",
            "title_size": "h5",
            "text_author": "John Doe",
            "show_verified": "show_achat_verified",
            "show_stars": true,
            "stars_rating": 5,
            "description": "<p>Écrivez un retour à propos de vos produits. Ajustez le nombre de colonnes en fonction de la taille moyenne des messages.<\/p>",
            "description_size": "fs-6",
            "btn_text": "Voir le produit",
            "btn_url": "",
            "btn_color": "btn-outline-primary",
            "btn_size": "btn-md"
          }
        },
        "787b49af-a3cf-4ee2-b52b-aac6607be3b3": {
          "type": "item",
          "settings": {
            "title_align": "justify-content-start",
            "text_align": "text-start",
            "border_color": "border-primary",
            "border_width": 1,
            "shadow_sp": "shadow-3",
            "img_orientation": "landscape",
            "autoplay": true,
            "loop": true,
            "muted": true,
            "controls": true,
            "img_rounded_width": "70",
            "img_rounded_height": "70",
            "title": "Bonne Qualité",
            "title_size": "h5",
            "text_author": "John Doe",
            "show_verified": "show_avis_verified",
            "show_stars": true,
            "stars_rating": 0,
            "description": "<p>Écrivez un retour à propos de vos produits. Ajustez le nombre de colonnes en fonction de la taille moyenne des messages.<\/p>",
            "description_size": "fs-6",
            "btn_text": "Voir le produit",
            "btn_url": "",
            "btn_color": "btn-outline-primary",
            "btn_size": "btn-md"
          }
        },
        "e2dfa200-0154-43b6-a3bb-91aec8e4bdfd": {
          "type": "item",
          "settings": {
            "title_align": "justify-content-start",
            "text_align": "text-start",
            "border_color": "border-primary",
            "border_width": 1,
            "shadow_sp": "shadow-3",
            "img_orientation": "landscape",
            "autoplay": true,
            "loop": true,
            "muted": true,
            "controls": true,
            "img_rounded_width": "80",
            "img_rounded_height": "80",
            "title": "Bonne Qualité",
            "title_size": "h5",
            "text_author": "John Doe",
            "show_verified": "show_avis_verified",
            "show_stars": true,
            "stars_rating": 5,
            "description": "<p>Écrivez un retour à propos de vos produits. Ajustez le nombre de colonnes en fonction de la taille moyenne des messages.<\/p>",
            "description_size": "fs-6",
            "btn_text": "Voir le produit",
            "btn_url": "",
            "btn_color": "btn-outline-primary",
            "btn_size": "btn-md"
          }
        },
        "d0fac389-93ef-47f7-8ece-4e42ec1ad610": {
          "type": "item",
          "settings": {
            "title_align": "justify-content-start",
            "text_align": "text-start",
            "border_color": "border-primary",
            "border_width": 1,
            "shadow_sp": "shadow-3",
            "img_orientation": "landscape",
            "autoplay": true,
            "loop": true,
            "muted": true,
            "controls": true,
            "img_rounded_width": "70",
            "img_rounded_height": "70",
            "title": "Bonne Qualité",
            "title_size": "h5",
            "text_author": "John Doe",
            "show_verified": "show_avis_verified",
            "show_stars": true,
            "stars_rating": 5,
            "description": "<p>Écrivez un retour à propos de vos produits. Ajustez le nombre de colonnes en fonction de la taille moyenne des messages.<\/p>",
            "description_size": "fs-6",
            "btn_text": "Voir le produit",
            "btn_url": "",
            "btn_color": "btn-link",
            "btn_size": "btn-md"
          }
        },
        "4ea1fc03-e3c6-4d13-a155-435f82c0ede3": {
          "type": "item",
          "settings": {
            "title_align": "justify-content-start",
            "text_align": "text-start",
            "border_color": "border-primary",
            "border_width": 1,
            "shadow_sp": "shadow-3",
            "img_orientation": "landscape",
            "autoplay": true,
            "loop": true,
            "muted": true,
            "controls": true,
            "img_rounded_width": "70",
            "img_rounded_height": "70",
            "title": "Bonne Qualité",
            "title_size": "h5",
            "text_author": "John Doe",
            "show_verified": "show_avis_verified",
            "show_stars": true,
            "stars_rating": 5,
            "description": "<p>Écrivez un retour à propos de vos produits. Ajustez le nombre de colonnes en fonction de la taille moyenne des messages.<\/p>",
            "description_size": "fs-6",
            "btn_text": "Voir le produit",
            "btn_url": "",
            "btn_color": "btn-primary",
            "btn_size": "btn-md"
          }
        }
      },
      "block_order": [
        "304cf387-da91-4238-8215-ff5b98773765",
        "3810e6b4-8832-474b-8d39-1d8fc548ae4a",
        "d3278c94-01a8-4025-85d2-36cfadb5c8df",
        "787b49af-a3cf-4ee2-b52b-aac6607be3b3",
        "e2dfa200-0154-43b6-a3bb-91aec8e4bdfd",
        "d0fac389-93ef-47f7-8ece-4e42ec1ad610",
        "4ea1fc03-e3c6-4d13-a155-435f82c0ede3"
      ],
      "settings": {
        "bg_color": "",
        "bg_gradient": false,
        "container": "container",
        "text_align": "text-center",
        "brand_image_size": "60",
        "subtitle": "",
        "subtitle_size": "fs-5",
        "color_caption": "#6c757d",
        "title_overlay": "CLIENTS",
        "title_overlay_size": "4",
        "color_title_overlay": "#000000",
        "title": "Témoignages",
        "heading_tag": "h2",
        "title_size": "h1",
        "description": "<p>Ajouter une description facultative à cette section<\/p>",
        "description_size": "fs-5",
        "card_image_type": "card-img-top",
        "star_style": "shopitrust",
        "star_color": "#ffb81c",
        "star_off": "#e5e4e2",
        "carousel_arrows": true,
        "carousel_pagination": true,
        "carousel_easing": "cubic-bezier(.42,.65,.27,.99)",
        "carousel_speed": 400,
        "carousel_autoplay": false,
        "carousel_interval": 5,
        "carousel_per_move": "1",
        "carousel_rewind": true,
        "carousel_loop": true,
        "animation": "animate__zoomIn",
        "animation_speed": "animate__fast",
        "breakpoint_xs": 1,
        "breakpoint_sm": 2,
        "breakpoint_md": 2,
        "breakpoint_lg": 3,
        "breakpoint_xl": 4,
        "breakpoint_xxl": 4,
        "btn_show": true,
        "btn_text": "Voir tous les avis",
        "btn_url": "",
        "btn_color": "btn-primary",
        "pt": 13,
        "pb": 13,
        "mt": 0,
        "mb": 0
      }
    },
    "custom_border_hFdYdC": {
      "type": "custom-border",
      "settings": {
        "divider_option": "wave_animated",
        "full_width": false,
        "width_border": 5,
        "opacity": 0.5,
        "color_border": "#000000",
        "wave_custom": "bas4",
        "color_border_fond_svg": "#ffffff",
        "color_border_svg": "#000000",
        "wave_fixe_height_desktop": 8,
        "wave_fixe_height_mobile": 4,
        "wave_animated": "5",
        "waves_position": "sp-waves-bottom",
        "color_border_svg_animated": "#c99700",
        "blend_wave": true,
        "color_border_fond_svg_animated": "#ffffff",
        "blend_opacity": 1,
        "animation_speed": 12,
        "wave_height_desktop": 12,
        "wave_height_mobile": 8,
        "svg_border_top": "",
        "svg_border_bottom": "",
        "mt": 0,
        "mb": 0
      }
    },
    "43facfe0-2c1b-4294-a0e2-fb808acae866": {
      "type": "parallax-image",
      "settings": {
        "img_mobile_opacity": 0.6,
        "img_mobile_blur": 0,
        "img_mobile_orientation": "down",
        "img_mobile_scale": 150,
        "img_desktop_opacity": 0.7,
        "img_desktop_blur": 0,
        "img_desktop_orientation": "down",
        "img_desktop_scale": 150,
        "max_width": "840",
        "brand_image_size": "60",
        "subtitle": "Proposition de valeur unique",
        "subtitle_size": "fs-4",
        "color_caption": "#ffffff",
        "title": "Booster les conversions avec Parallax Scrolling",
        "heading_tag": "h2",
        "title_size": "h2",
        "color_svg_h2": "#ffffff",
        "description": "<p>Cela crée une expérience visuellement attrayante et dynamique pour l'utilisateur, ce qui peut l'aider à rester engagé et intéressé par le contenu du site web.<\/p>",
        "description_size": "fs-4",
        "btn_text": "Acheter Shopiweb Premium",
        "btn_url": "https:\/\/www.shopiweb.fr",
        "btn_color": "btn-outline-light",
        "btn_size": "",
        "pt": 16,
        "pb": 16,
        "mt": 0,
        "mb": 0
      }
    },
    "custom_border_3TBh7k": {
      "type": "custom-border",
      "settings": {
        "divider_option": "wave_animated",
        "full_width": false,
        "width_border": 5,
        "opacity": 0.5,
        "color_border": "#000000",
        "wave_custom": "bas4",
        "color_border_fond_svg": "#ffffff",
        "color_border_svg": "#000000",
        "wave_fixe_height_desktop": 8,
        "wave_fixe_height_mobile": 4,
        "wave_animated": "5",
        "waves_position": "sp-waves-top",
        "color_border_svg_animated": "#c99700",
        "blend_wave": true,
        "color_border_fond_svg_animated": "#efefef",
        "blend_opacity": 1,
        "animation_speed": 12,
        "wave_height_desktop": 12,
        "wave_height_mobile": 8,
        "svg_border_top": "",
        "svg_border_bottom": "",
        "mt": 0,
        "mb": 0
      }
    },
    "5ca3c6ec-93a1-4d3f-b6d4-776f99352e14": {
      "type": "dynamic-text",
      "disabled": true,
      "settings": {
        "bg_color": "bg-dark text-white",
        "bg_gradient": true,
        "title": "Avec Shopiweb PREMIUM vous pouvez :<br>",
        "text_style": "",
        "heading_tag": "h2",
        "title_size": "h2",
        "typewriter_text": "\"Booster les conversions.\",\"Stimuler vos ventes.\", \"Proposer une valeur unique.\"",
        "color_typewriter_text": "#c99700",
        "pt": 6,
        "pb": 5,
        "mt": 0,
        "mb": 0
      }
    },
    "16527743361f98366e": {
      "type": "cards-with-image",
      "blocks": {
        "8e95535f-a8b1-440c-8dc1-47263a1da13e": {
          "type": "item",
          "settings": {
            "bg_color": "bg-light text-body",
            "bg_gradient": false,
            "text_align": "text-center",
            "shadow_sp": "shadow-1",
            "border_color": "border-primary",
            "border_width": 1,
            "img_orientation": "landscape",
            "img_crop": "center",
            "title": "Commodité",
            "heading_tag": "h3",
            "title_size": "h4",
            "description": "<p>Faire vos achats depuis le confort de votre domicile et se faire livrer directement chez vous.<\/p>",
            "description_size": "fs-6",
            "btn_text": "En savoir plus",
            "btn_url": "",
            "btn_color": "btn-primary",
            "btn_size": "btn-sm"
          }
        },
        "a31f2a51-209c-40f5-8782-38280ee0b30d": {
          "type": "item",
          "settings": {
            "bg_color": "bg-light text-body",
            "bg_gradient": false,
            "text_align": "text-center",
            "shadow_sp": "shadow-2",
            "border_color": "border-primary",
            "border_width": 1,
            "img_orientation": "landscape",
            "img_crop": "center",
            "title": "Large choix",
            "heading_tag": "h3",
            "title_size": "h4",
            "description": "<p>Trouver exactement ce qu'ils recherchent et disposer d'un large éventail d'options.<\/p>",
            "description_size": "fs-6",
            "btn_text": "En savoir plus",
            "btn_url": "",
            "btn_color": "btn-link",
            "btn_size": "btn-sm"
          }
        },
        "9450772e-4e92-4251-97cd-69e844e7fe9f": {
          "type": "item",
          "settings": {
            "bg_color": "bg-light text-body",
            "bg_gradient": false,
            "text_align": "text-center",
            "shadow_sp": "shadow-3",
            "border_color": "border-primary",
            "border_width": 1,
            "img_orientation": "landscape",
            "img_crop": "center",
            "title": "Facile à utiliser",
            "heading_tag": "h3",
            "title_size": "h4",
            "description": "<p>Conçu et simple pour vous permettre de trouver et d'acheter nos produits exceptionnels.<\/p>",
            "description_size": "fs-6",
            "btn_text": "En savoir plus",
            "btn_url": "",
            "btn_color": "btn-outline-primary",
            "btn_size": "btn-sm"
          }
        },
        "5f2ca4c4-dfa9-477b-95dc-1887e7efbb45": {
          "type": "item",
          "settings": {
            "bg_color": "bg-light text-body",
            "bg_gradient": false,
            "text_align": "text-center",
            "shadow_sp": "shadow-4",
            "border_color": "border-primary",
            "border_width": 1,
            "img_orientation": "landscape",
            "img_crop": "center",
            "title": "Prix compétitifs",
            "heading_tag": "h3",
            "title_size": "h4",
            "description": "<p>Trouvez de bonnes affaires sur les produits que vous recherchez grâce à nos offres plus compétitives.<\/p>",
            "description_size": "fs-6",
            "btn_text": "En savoir plus",
            "btn_url": "",
            "btn_color": "btn-outline-primary",
            "btn_size": "btn-sm"
          }
        }
      },
      "block_order": [
        "8e95535f-a8b1-440c-8dc1-47263a1da13e",
        "a31f2a51-209c-40f5-8782-38280ee0b30d",
        "9450772e-4e92-4251-97cd-69e844e7fe9f",
        "5f2ca4c4-dfa9-477b-95dc-1887e7efbb45"
      ],
      "settings": {
        "bg_color": "bg-light text-body",
        "bg_gradient": false,
        "container": "container",
        "max_width": "991",
        "text_align": "text-center",
        "brand_image_size": "60",
        "subtitle": "Proposition de valeur unique",
        "subtitle_size": "fs-5",
        "color_caption": "#6c757d",
        "title_overlay": "",
        "title_overlay_size": "3",
        "color_title_overlay": "#000000",
        "title": "Augmenter les conversions grâce aux cartes avec image",
        "heading_tag": "h2",
        "title_size": "h2",
        "description": "<p>Les cartes avec images peuvent être très efficaces car elles donnent aux utilisateurs un aperçu clair et concis du produit ou du service proposé.<\/p>",
        "description_size": "fs-4",
        "animation": "animate__zoomIn",
        "animation_speed": "animate__fast",
        "breakpoint_xs_scroll": true,
        "breakpoint_xs": 1,
        "breakpoint_sm": 1,
        "breakpoint_md": 2,
        "breakpoint_lg": 2,
        "breakpoint_xl": 4,
        "breakpoint_xxl": 4,
        "pt": 13,
        "pb": 13,
        "mt": 0,
        "mb": 0
      }
    },
    "1300a7c6-a3e7-4bf6-ab22-df8fc9a453ec": {
      "type": "tiktok-slider",
      "blocks": {
        "9bb3f5e1-901b-499b-ab03-59e8094d6491": {
          "type": "slide",
          "settings": {
            "title": "Se blottir et se détendre avec notre pull confortable 😁",
            "product": "",
            "product_title_truncate": ""
          }
        },
        "e81b338e-7864-4ec6-9d13-60226cb1f98b": {
          "type": "slide",
          "settings": {
            "title": "Faites le plein d'énergie avec le café ❤️",
            "product": "etui-airpods-pro-navy",
            "product_title_truncate": ""
          }
        },
        "fa9b3139-8071-4ffb-b8ca-f362039c5309": {
          "type": "slide",
          "settings": {
            "title": "Un confort de haut niveau  ❤️",
            "product": "",
            "product_title_truncate": ""
          }
        },
        "0fb2a56e-10a8-4ebc-a749-aac1d8834bed": {
          "type": "slide",
          "settings": {
            "title": "Les chiens doivent être aimés 🥹❤️",
            "product": "etuis-airpods-pro",
            "product_title_truncate": ""
          }
        },
        "36e9c36b-24b5-4cbc-b93b-b3a9a64e9c24": {
          "type": "slide",
          "settings": {
            "title": "Nos t-shirts rehaussent votre style de tous les jours. ❤️",
            "product": "",
            "product_title_truncate": ""
          }
        },
        "07b5c9c2-f793-4f2a-9096-c043d6dc1d25": {
          "type": "slide",
          "settings": {
            "title": "Augmenter l'activité avec des boissons",
            "product": "",
            "product_title_truncate": ""
          }
        },
        "d477a6ff-8cef-47ed-8792-c4da3e6f0974": {
          "type": "slide",
          "settings": {
            "title": "Transportez vos objets essentiels avec style et de manière durable",
            "product": "",
            "product_title_truncate": ""
          }
        },
        "da763ae6-973a-4415-9f25-c3e7bd786970": {
          "type": "slide",
          "settings": {
            "title": "Respirer Inspirer Expirer Connaissances",
            "product": "",
            "product_title_truncate": ""
          }
        }
      },
      "block_order": [
        "9bb3f5e1-901b-499b-ab03-59e8094d6491",
        "e81b338e-7864-4ec6-9d13-60226cb1f98b",
        "fa9b3139-8071-4ffb-b8ca-f362039c5309",
        "0fb2a56e-10a8-4ebc-a749-aac1d8834bed",
        "36e9c36b-24b5-4cbc-b93b-b3a9a64e9c24",
        "07b5c9c2-f793-4f2a-9096-c043d6dc1d25",
        "d477a6ff-8cef-47ed-8792-c4da3e6f0974",
        "da763ae6-973a-4415-9f25-c3e7bd786970"
      ],
      "settings": {
        "bg_color": "",
        "bg_gradient": false,
        "container": "container",
        "text_align": "text-center",
        "brand_image_size": "60",
        "subtitle": "",
        "subtitle_size": "fs-5",
        "color_caption": "#6c757d",
        "title_overlay": "",
        "title_overlay_size": "3",
        "color_title_overlay": "#000000",
        "title": "Stimulez vos ventes avec le Slider TikTok",
        "heading_tag": "h2",
        "title_size": "h2",
        "description": "<p>Cette fonction peut contribuer à augmenter le contenu généré par les utilisateurs en les encourageant à partager leurs expériences avec les produits et les services sur les médias sociaux.<\/p>",
        "description_size": "fs-4",
        "btn_show": true,
        "btn_icon_show": true,
        "btn_text": "Suivre @shopiweb",
        "btn_url": "https:\/\/www.tiktok.com\/@shopiweb\/",
        "btn_color": "btn-primary",
        "ratio": "ratio-9x16",
        "border_color": "border-primary",
        "border_width": 1,
        "shadow_sp": "shadow-3",
        "carousel_arrows": true,
        "carousel_easing": "cubic-bezier(.42,.65,.27,.99)",
        "carousel_speed": 400,
        "carousel_autoplay": false,
        "carousel_interval": 5,
        "carousel_per_move": "0",
        "carousel_rewind": true,
        "carousel_gap": 10,
        "breakpoint_xs": 1,
        "breakpoint_sm": 2,
        "breakpoint_md": 3,
        "breakpoint_lg": 4,
        "breakpoint_xl": 5,
        "breakpoint_xxl": 5,
        "pt": 10,
        "pb": 10,
        "mt": 0,
        "mb": 0
      }
    },
    "1651754599ab801902": {
      "type": "image-with-text",
      "settings": {
        "background_img_opacity": 0,
        "background_img_blur": 0,
        "bg_color": "bg-light text-body",
        "bg_gradient": false,
        "container": "container",
        "max_width": "991",
        "desktop_image_width": "medium",
        "text_align": "text-start",
        "img_orientation": "square",
        "img_crop": "center",
        "img_thumbnail": "img-thumbnail",
        "border_color": "border-primary",
        "border_width": 1,
        "shadow_sp": "shadow-3",
        "img_align_desktop": "flex-lg-row",
        "brand_image_size": "60",
        "subtitle": "Proposition de valeur unique",
        "subtitle_size": "fs-5",
        "color_caption": "#c99700",
        "title": "Image avec texte",
        "heading_tag": "h2",
        "title_size": "h2",
        "description": "<p>Les superpositions d'images et de textes sont un élément de conception puissant qui associe une image visuelle forte à un message clair et concis. Cette technique de conception est particulièrement efficace pour attirer et engager les utilisateurs, car elle capte leur attention et communique des informations importantes d'une manière visuellement attrayante.<\/p><p>Associez du texte à une image pour mettre l'accent sur le produit, la collection ou l'article de blog de votre choix. Ajoutez des détails sur la disponibilité, le style, ou donnez même un avis.<\/p>",
        "description_size": "fs-5",
        "readmore": true,
        "formread": 200,
        "readmore_color": "#efefef",
        "text_voirplus": "Voir plus...",
        "text_voirmoins": "Voir moins...",
        "btn_text": "Titre du bouton",
        "btn_url": "shopify:\/\/collections\/all",
        "btn_color": "btn-tertiary",
        "btn_size": "btn-md",
        "pt": 13,
        "pb": 13,
        "mt": 0,
        "mb": 0
      }
    },
    "3bddab79-26a3-4f58-87af-96393dbf95f4": {
      "type": "video-with-text",
      "settings": {
        "background_img_opacity": 0.7,
        "background_img_blur": 0,
        "bg_color": "bg-light text-body",
        "bg_gradient": false,
        "container": "container",
        "max_width": "991",
        "desktop_image_width": "medium",
        "text_align": "text-center",
        "ratio": "ratio-3x4",
        "video_bg_color": "bg-black",
        "img_thumbnail": "img-thumbnail",
        "border_color": "border-primary",
        "border_width": 1,
        "shadow_sp": "shadow-3",
        "autoplay": true,
        "loop": true,
        "muted": true,
        "controls": false,
        "img_align_desktop": "flex-lg-row-reverse",
        "brand_image_size": "60",
        "subtitle": "Proposition de valeur unique",
        "subtitle_size": "fs-5",
        "color_caption": "#c99700",
        "title": "Vidéo avec texte",
        "heading_tag": "h2",
        "title_size": "h2",
        "description": "<p>Associez du texte à une vidéo pour mettre l'accent sur le produit, la collection ou l'article de blog de votre choix. Ajoutez des détails sur la disponibilité, le style, ou donnez même un avis.<\/p>",
        "description_size": "fs-5",
        "readmore": false,
        "formread": 200,
        "readmore_color": "#ffffff",
        "text_voirplus": "Voir plus ...",
        "text_voirmoins": "Voir moins ...",
        "btn_text": "Titre du bouton",
        "btn_url": "",
        "btn_color": "btn-outline-primary",
        "btn_size": "btn-md",
        "pt": 10,
        "pb": 10,
        "mt": 0,
        "mb": 0
      }
    },
    "48ba04bd-fe58-429a-b1ed-5ced487563a3": {
      "type": "image-compare",
      "settings": {
        "background_img_opacity": 0.5,
        "background_img_blur": 3,
        "bg_color": "bg-light text-body",
        "bg_gradient": false,
        "container": "container",
        "max_width": "991",
        "desktop_image_width": "medium",
        "text_align": "text-center",
        "img_orientation": "square",
        "img_crop": "center",
        "img_thumbnail": "img-thumbnail",
        "border_color": "border-primary",
        "border_width": 1,
        "shadow_sp": "shadow-3",
        "img_align_desktop": "flex-lg-row",
        "controlColor": "#c99700",
        "addCircle": true,
        "show_labels": true,
        "label_before": "Avant",
        "label_after": "Après",
        "label_on_hover": true,
        "smoothing": false,
        "smoothing_amount": 200,
        "hover_start": false,
        "vertical_mode": false,
        "starting_point": 50,
        "brand_image_size": "60",
        "subtitle": "Proposition de valeur unique",
        "subtitle_size": "fs-5",
        "color_caption": "#c99700",
        "title": "Comparaison d'images",
        "heading_tag": "h2",
        "title_size": "h2",
        "description": "<p>Associez du texte à une image pour mettre l'accent sur le produit, la collection ou l'article de blog de votre choix. Ajoutez des détails sur la disponibilité, le style, ou donnez même un avis.<\/p><p>Associez du texte à une image pour mettre l'accent sur le produit, la collection ou l'article de blog de votre choix. Ajoutez des détails sur la disponibilité, le style, ou donnez même un avis.<\/p>",
        "description_size": "fs-5",
        "readmore": true,
        "formread": 200,
        "readmore_color": "#efefef",
        "text_voirplus": "Voir plus...",
        "text_voirmoins": "Voir moins...",
        "btn_text": "Titre du bouton",
        "btn_url": "",
        "btn_color": "btn-primary",
        "btn_size": "btn-md",
        "pt": 13,
        "pb": 13,
        "mt": 0,
        "mb": 0
      }
    },
    "dc3993a6-95e6-43db-a221-c2e6cf5c8d76": {
      "type": "counter-elite",
      "blocks": {
        "template--16715093541085__dc3993a6-95e6-43db-a221-c2e6cf5c8d76-16865148507ecf4565-0": {
          "type": "text",
          "settings": {
            "text_align": "text-start",
            "brand_image_size": "60",
            "subtitle": "Proposition de valeur unique",
            "subtitle_size": "fs-5",
            "color_caption": "#c99700",
            "title": "Texte du compteur",
            "heading_tag": "h2",
            "title_size": "h3",
            "color_svg_h2": "#c99700",
            "description": "<p>Dépêchez-vous ! Bénéficiez de 30% de réduction sur une sélection d'articles. Les soldes d'été se terminent bientôt.<\/p>",
            "description_size": "fs-5"
          }
        },
        "template--16715093541085__dc3993a6-95e6-43db-a221-c2e6cf5c8d76-16865148507ecf4565-1": {
          "type": "timer",
          "settings": {
            "year": "2024",
            "month": "01",
            "day": "01",
            "hour": "00",
            "minute": "00",
            "hide_timer_on_completed": false,
            "timer_completed_text": "<p>Le compte à rebours est terminé !<\/p>",
            "color": "#c99700"
          }
        }
      },
      "block_order": [
        "template--16715093541085__dc3993a6-95e6-43db-a221-c2e6cf5c8d76-16865148507ecf4565-0",
        "template--16715093541085__dc3993a6-95e6-43db-a221-c2e6cf5c8d76-16865148507ecf4565-1"
      ],
      "settings": {
        "bg_color": "bg-dark text-white",
        "bg_gradient": true,
        "max_width": "991",
        "pt": 8,
        "pb": 8,
        "mt": 0,
        "mb": 0
      }
    },
    "10ecdc8c-6d82-4dfa-a6ae-525033bb5550": {
      "type": "single-product",
      "blocks": {
        "986889fb-4644-400a-8c63-30cd2dbaf220": {
          "type": "scrolling_text",
          "settings": {
            "bg_color": "bg-dark text-white",
            "bg_gradient": true,
            "list_label": "Caractéristiques promotionnelles",
            "title": "Thème Shopify Premium, LOREM IPSUM DOLOR SIT AMET, Lorem ipsum dolor sit amet.",
            "title_size": "h5",
            "animation_duration": 20,
            "scrolling_direction": "left",
            "separator": "separator-dot",
            "gap": 6,
            "mt": 3,
            "mb": 3
          }
        },
        "779bf0e5-0541-49f4-b23d-5e90606590e5": {
          "type": "vendor",
          "settings": {
            "image_text_align": "justify-content-left",
            "show_brand_image": true,
            "metafield": "shopiweb.brand_image",
            "brand_image_size": "120",
            "show_vendor": true,
            "is_badge": false,
            "badge_color": "text-bg-secondary",
            "font_size": "fs-5",
            "text_transform": "text-uppercase",
            "text_font_weight": "normal",
            "mt": 3,
            "mb": 3
          }
        },
        "19d9a756-7c67-4f97-b2cd-628ca49cd3ac": {
          "type": "title",
          "settings": {
            "title_next": "",
            "heading_tag": "h2",
            "title_size": "h2",
            "show_custom_svg_h2": true,
            "text_align": "text-start",
            "mt": 3,
            "mb": 3
          }
        },
        "a8ce93cd-0ac7-4751-a2bf-defb61be7ee4": {
          "type": "sku",
          "settings": {
            "mt": 3,
            "mb": 3
          }
        },
        "85784885-66c4-49e7-a418-a908273df558": {
          "type": "subtitle",
          "settings": {
            "mt": 3,
            "mb": 3
          }
        },
        "8750df5c-6544-46a2-a14b-aad9f1efaba8": {
          "type": "rating_natif",
          "settings": {
            "stars_num": 5,
            "avis_text": "(24 avis)",
            "avis_url": "",
            "star_align": "justify-content-start",
            "starscolor": "#ffc107",
            "starsoff": "#dedede",
            "mt": 3,
            "mb": 3
          }
        },
        "6ae6ca78-f190-4fbb-b178-3f9c260b07bd": {
          "type": "price",
          "settings": {
            "taxes_included": true,
            "mt": 3,
            "mb": 3
          }
        },
        "8b757ea0-a61b-4f47-b062-c445f46de46d": {
          "type": "personalization",
          "settings": {
            "type": "text",
            "label": "Votre nom",
            "placeholder": "John Doe",
            "values": "Bleu, Blanc, Rouge",
            "required": true,
            "helper_text": "<p>*Champ obligatoire<\/p>",
            "mt": 3,
            "mb": 6
          }
        },
        "1842e1f1-4ba8-41b3-ace1-0731e2ff098f": {
          "type": "variant_selector",
          "settings": {
            "mt": 3,
            "mb": 3
          }
        },
        "e2b65294-4a2a-4b0d-b092-7382cd00248d": {
          "type": "size_chart",
          "settings": {
            "btn_color": "btn-outline-primary",
            "icon": "<svg viewbox=\"0 0 64 64\" width=\"24\" height=\"24\" fill=\"currentColor\">\n                                        <rect class=\"st0\" height=\"8\" width=\"2\" x=\"7\" y=\"23\"><\/rect><rect class=\"st0\" height=\"4\" width=\"2\" x=\"11\" y=\"23\"><\/rect><rect class=\"st0\" height=\"4\" width=\"2\" x=\"15\" y=\"23\"><\/rect><rect class=\"st0\" height=\"8\" width=\"2\" x=\"19\" y=\"23\"><\/rect><rect class=\"st0\" height=\"4\" width=\"2\" x=\"23\" y=\"23\"><\/rect><rect class=\"st0\" height=\"4\" width=\"2\" x=\"27\" y=\"23\"><\/rect><rect class=\"st0\" height=\"8\" width=\"2\" x=\"31\" y=\"23\"><\/rect><rect class=\"st0\" height=\"4\" width=\"2\" x=\"35\" y=\"23\"><\/rect><rect class=\"st0\" height=\"4\" width=\"2\" x=\"39\" y=\"23\"><\/rect><rect class=\"st0\" height=\"4\" width=\"2\" x=\"47\" y=\"23\"><\/rect><rect class=\"st0\" height=\"4\" width=\"2\" x=\"51\" y=\"23\"><\/rect><rect class=\"st0\" height=\"8\" width=\"2\" x=\"55\" y=\"23\"><\/rect><rect class=\"st0\" height=\"8\" width=\"2\" x=\"43\" y=\"23\"><\/rect><path class=\"st0\" d=\"M60,42H4c-1.1,0-2-0.9-2-2V24c0-1.1,0.9-2,2-2h56c1.1,0,2,0.9,2,2v16C62,41.1,61.1,42,60,42z M4,40h56V24H4V40z\"><\/path>\n                                    <\/svg>",
            "title": "Guide des tailles",
            "description": "<p>Il s'agit d'une description facultative que vous pouvez afficher au-dessus du tableau des tailles. Vous avez encore des questions concernant votre taille ? N'hésitez pas à nous <a href=\"https:\/\/theme-shopiweb.myshopify.com\/pages\/contact\" target=\"_blank\" title=\"Contact\">contacter<\/a><\/p>",
            "page": "tableau-des-tailles"
          }
        },
        "4ad030fe-a66c-40c1-adfd-e97bf48fc91f": {
          "type": "gift_card",
          "settings": {
            "btn_color": "btn-outline-primary",
            "mt": 3,
            "mb": 3
          }
        },
        "44501d94-5073-4af0-b794-ca24e6cbe2af": {
          "type": "buy_buttons",
          "settings": {
            "btn_color": "btn-primary",
            "show_qty_field": true,
            "show_buy_btn": true,
            "show_dynamic_buttons": false,
            "mt": 3,
            "mb": 3
          }
        },
        "bf0b6d96-f10d-4ad2-9b33-9b6c9c8a51a6": {
          "type": "payment_icons",
          "settings": {
            "payment_title": "PAIEMENT SÉCURISÉ",
            "color": "#212529",
            "show_lines": true,
            "payment_text": "Paiements 100% sécurisés et protégés",
            "icon_size": 50,
            "icon_size_mobile": 50,
            "show_filter": false,
            "stripe": true,
            "amex": true,
            "apple_pay": true,
            "mastercard": false,
            "visa": true,
            "paypal": true,
            "google_pay": false,
            "discover": false,
            "amazon_pay": false,
            "bitcoin": false,
            "shop_pay": false,
            "klarna": false,
            "bancontact": false,
            "icon": "<svg width=\"226\" height=\"167\" viewbox=\"0 0 226 167\" fill=\"none\" xmlns=\"http:\/\/www.w3.org\/2000\/svg\"><g filter=\"url(#filter0_d_353_4479)\"><rect x=\"21.3229\" y=\"21.3229\" width=\"182.562\" height=\"124.354\" rx=\"14.5521\" fill=\"white\" stroke=\"#D9D9D9\" stroke-width=\"2.64583\"><\/rect><path fill-rule=\"evenodd\" clip-rule=\"evenodd\" d=\"M113.927 110.789C107.622 116.23 99.4425 119.515 90.5049 119.515C70.5624 119.515 54.3958 103.161 54.3958 82.9865C54.3958 62.8125 70.5624 46.4583 90.5049 46.4583C99.4425 46.4583 107.622 49.7431 113.927 55.1844C120.232 49.7431 128.412 46.4583 137.349 46.4583C157.292 46.4583 173.458 62.8126 173.458 82.9866C173.458 103.161 157.292 119.515 137.349 119.515C128.412 119.515 120.232 116.23 113.927 110.789Z\" fill=\"#ED0006\"><\/path><path fill-rule=\"evenodd\" clip-rule=\"evenodd\" d=\"M113.927 110.789C121.691 104.089 126.614 94.1193 126.614 82.9865C126.614 71.8538 121.691 61.8843 113.927 55.1843C120.232 49.743 128.412 46.4583 137.349 46.4583C157.292 46.4583 173.458 62.8125 173.458 82.9865C173.458 103.161 157.292 119.515 137.349 119.515C128.412 119.515 120.232 116.23 113.927 110.789Z\" fill=\"#F9A000\"><\/path><path fill-rule=\"evenodd\" clip-rule=\"evenodd\" d=\"M113.927 110.789C121.691 104.089 126.614 94.1193 126.614 82.9866C126.614 71.854 121.691 61.8845 113.927 55.1846C106.163 61.8845 101.24 71.854 101.24 82.9866C101.24 94.1193 106.163 104.089 113.927 110.789Z\" fill=\"#FF5E00\"><\/path><\/g><defs><filter id=\"filter0_d_353_4479\" x=\"0\" y=\"0\" width=\"225.208\" height=\"167\" filterunits=\"userSpaceOnUse\" color-interpolation-filters=\"sRGB\"><feflood flood-opacity=\"0\" result=\"BackgroundImageFix\"><\/feflood><fecolormatrix in=\"SourceAlpha\" type=\"matrix\" values=\"0 0 0 0 0 0 0 0 0 0 0 0 0 0 0 0 0 0 127 0\" result=\"hardAlpha\"><\/fecolormatrix><feoffset><\/feoffset><fegaussianblur stddeviation=\"10\"><\/fegaussianblur><fecomposite in2=\"hardAlpha\" operator=\"out\"><\/fecomposite><fecolormatrix type=\"matrix\" values=\"0 0 0 0 0 0 0 0 0 0 0 0 0 0 0 0 0 0 0.07 0\"><\/fecolormatrix><feblend mode=\"normal\" in2=\"BackgroundImageFix\" result=\"effect1_dropShadow_353_4479\"><\/feblend><feblend mode=\"normal\" in=\"SourceGraphic\" in2=\"effect1_dropShadow_353_4479\" result=\"shape\"><\/feblend><\/filter><\/defs><\/svg>",
            "mt": 3,
            "mb": 3
          }
        },
        "e964cbae-307d-4355-9877-9735bbc6ff66": {
          "type": "liquid_code",
          "disabled": true,
          "settings": {
            "liquid": "<p class=\"bg-white rounded border p-4\">Date du jour : <b>{{ 'now' | date: \"%d %b, %Y\" }}<\/b><\/p>",
            "mt": 3,
            "mb": 3
          }
        },
        "9a33f539-3b92-45c4-a4d8-ed439e4116d0": {
          "type": "trust_badges",
          "settings": {
            "label": "Liste des badges de confiance",
            "max_width": "560",
            "col_size": "col-4",
            "color_trust": "#c99700",
            "icon_1": "<svg xmlns=\"http:\/\/www.w3.org\/2000\/svg\" width=\"24\" height=\"24\" fill=\"currentColor\" class=\"bi bi-trophy\" viewbox=\"0 0 16 16\">\n  <path d=\"M2.5.5A.5.5 0 0 1 3 0h10a.5.5 0 0 1 .5.5c0 .538-.012 1.05-.034 1.536a3 3 0 1 1-1.133 5.89c-.79 1.865-1.878 2.777-2.833 3.011v2.173l1.425.356c.194.048.377.135.537.255L13.3 15.1a.5.5 0 0 1-.3.9H3a.5.5 0 0 1-.3-.9l1.838-1.379c.16-.12.343-.207.537-.255L6.5 13.11v-2.173c-.955-.234-2.043-1.146-2.833-3.012a3 3 0 1 1-1.132-5.89A33.076 33.076 0 0 1 2.5.5zm.099 2.54a2 2 0 0 0 .72 3.935c-.333-1.05-.588-2.346-.72-3.935zm10.083 3.935a2 2 0 0 0 .72-3.935c-.133 1.59-.388 2.885-.72 3.935zM3.504 1c.007.517.026 1.006.056 1.469.13 2.028.457 3.546.87 4.667C5.294 9.48 6.484 10 7 10a.5.5 0 0 1 .5.5v2.61a1 1 0 0 1-.757.97l-1.426.356a.5.5 0 0 0-.179.085L4.5 15h7l-.638-.479a.501.501 0 0 0-.18-.085l-1.425-.356a1 1 0 0 1-.757-.97V10.5A.5.5 0 0 1 9 10c.516 0 1.706-.52 2.57-2.864.413-1.12.74-2.64.87-4.667.03-.463.049-.952.056-1.469H3.504z\"><\/path>\n<\/svg>",
            "text_1": "Aucun Compromis en Qualité",
            "icon_2": "<svg xmlns=\"http:\/\/www.w3.org\/2000\/svg\" width=\"24\" height=\"24\" fill=\"currentColor\" class=\"bi bi-arrow-through-heart\" viewbox=\"0 0 16 16\">\n  <path fill-rule=\"evenodd\" d=\"M2.854 15.854A.5.5 0 0 1 2 15.5V14H.5a.5.5 0 0 1-.354-.854l1.5-1.5A.5.5 0 0 1 2 11.5h1.793l.53-.53c-.771-.802-1.328-1.58-1.704-2.32-.798-1.575-.775-2.996-.213-4.092C3.426 2.565 6.18 1.809 8 3.233c1.25-.98 2.944-.928 4.212-.152L13.292 2 12.147.854A.5.5 0 0 1 12.5 0h3a.5.5 0 0 1 .5.5v3a.5.5 0 0 1-.854.354L14 2.707l-1.006 1.006c.236.248.44.531.6.845.562 1.096.585 2.517-.213 4.092-.793 1.563-2.395 3.288-5.105 5.08L8 13.912l-.276-.182a21.86 21.86 0 0 1-2.685-2.062l-.539.54V14a.5.5 0 0 1-.146.354l-1.5 1.5Zm2.893-4.894A20.419 20.419 0 0 0 8 12.71c2.456-1.666 3.827-3.207 4.489-4.512.679-1.34.607-2.42.215-3.185-.817-1.595-3.087-2.054-4.346-.761L8 4.62l-.358-.368c-1.259-1.293-3.53-.834-4.346.761-.392.766-.464 1.845.215 3.185.323.636.815 1.33 1.519 2.065l1.866-1.867a.5.5 0 1 1 .708.708L5.747 10.96Z\"><\/path>\n<\/svg>",
            "text_2": "100% Satisfait Garantie",
            "icon_3": "<svg xmlns=\"http:\/\/www.w3.org\/2000\/svg\" width=\"24\" height=\"24\" fill=\"currentColor\" class=\"bi bi-truck\" viewbox=\"0 0 16 16\">\n  <path d=\"M0 3.5A1.5 1.5 0 0 1 1.5 2h9A1.5 1.5 0 0 1 12 3.5V5h1.02a1.5 1.5 0 0 1 1.17.563l1.481 1.85a1.5 1.5 0 0 1 .329.938V10.5a1.5 1.5 0 0 1-1.5 1.5H14a2 2 0 1 1-4 0H5a2 2 0 1 1-3.998-.085A1.5 1.5 0 0 1 0 10.5v-7zm1.294 7.456A1.999 1.999 0 0 1 4.732 11h5.536a2.01 2.01 0 0 1 .732-.732V3.5a.5.5 0 0 0-.5-.5h-9a.5.5 0 0 0-.5.5v7a.5.5 0 0 0 .294.456zM12 10a2 2 0 0 1 1.732 1h.768a.5.5 0 0 0 .5-.5V8.35a.5.5 0 0 0-.11-.312l-1.48-1.85A.5.5 0 0 0 13.02 6H12v4zm-9 1a1 1 0 1 0 0 2 1 1 0 0 0 0-2zm9 0a1 1 0 1 0 0 2 1 1 0 0 0 0-2z\"><\/path>\n<\/svg>",
            "text_3": "Livraison Gratuite Dès 100€",
            "icon_4": "",
            "text_4": "",
            "mt": 3,
            "mb": 3
          }
        },
        "upsell_modal_y7NnkV": {
          "type": "upsell_modal",
          "settings": {
            "modal_title": "Dépêchez-vous avant qu'il ne soit trop tard...",
            "metafield": "shopiweb.upsell",
            "limit": 2,
            "modal_footer_btn": "Poursuivre l'achat",
            "countdown_timer_pretext": "L'offre expire dans :",
            "countdown_timer": "2024-03-17 11h10am"
          }
        }
      },
      "block_order": [
        "986889fb-4644-400a-8c63-30cd2dbaf220",
        "779bf0e5-0541-49f4-b23d-5e90606590e5",
        "19d9a756-7c67-4f97-b2cd-628ca49cd3ac",
        "a8ce93cd-0ac7-4751-a2bf-defb61be7ee4",
        "85784885-66c4-49e7-a418-a908273df558",
        "8750df5c-6544-46a2-a14b-aad9f1efaba8",
        "6ae6ca78-f190-4fbb-b178-3f9c260b07bd",
        "8b757ea0-a61b-4f47-b062-c445f46de46d",
        "1842e1f1-4ba8-41b3-ace1-0731e2ff098f",
        "e2b65294-4a2a-4b0d-b092-7382cd00248d",
        "4ad030fe-a66c-40c1-adfd-e97bf48fc91f",
        "44501d94-5073-4af0-b794-ca24e6cbe2af",
        "bf0b6d96-f10d-4ad2-9b33-9b6c9c8a51a6",
        "e964cbae-307d-4355-9877-9735bbc6ff66",
        "9a33f539-3b92-45c4-a4d8-ed439e4116d0",
        "upsell_modal_y7NnkV"
      ],
      "settings": {
        "bg_color": "bg-white text-dark",
        "container": "container",
        "max_width": "",
        "product_content_show_bg_gradient": true,
        "product_content_bg_gradient": "linear-gradient(180deg, rgba(239, 239, 239, 1) 11%, rgba(255, 255, 255, 1) 50%, rgba(239, 239, 239, 1) 87%)",
        "product": "etuis-airpods-pro",
        "description": "<p>L'Etui AirPods Pro Navy est un étui de protection élégant conçu pour protéger vos AirPods Pro contre les égratignures et la poussière. Utilisez-le pour garder vos AirPods Pro à la mode et en bon état, tout en bénéficiant d'un design durable à 100 %...<\/p>",
        "description_size": "fs-5",
        "first_to_variant": true,
        "gallery_img_orientation": "square",
        "gallery_img_thumbnail": "img-thumbnail",
        "gallery_mobile_full_width": false,
        "gallery_show_thumbnails_mobile": true,
        "btn_text": "En savoir plus",
        "btn_color": "btn-outline-primary",
        "btn_size": "btn-md",
        "pt": 10,
        "pb": 10,
        "mt": 0,
        "mb": 0
      }
    },
    "165175524396f2667c": {
      "type": "faq",
      "blocks": {
        "1651755243f618171d-1": {
          "type": "text",
          "settings": {
            "icon": "<svg xmlns=\"http:\/\/www.w3.org\/2000\/svg\" width=\"20\" height=\"20\" fill=\"currentColor\" class=\"bi bi-question-square\" viewbox=\"0 0 16 16\">\n  <path d=\"M14 1a1 1 0 0 1 1 1v12a1 1 0 0 1-1 1H2a1 1 0 0 1-1-1V2a1 1 0 0 1 1-1h12zM2 0a2 2 0 0 0-2 2v12a2 2 0 0 0 2 2h12a2 2 0 0 0 2-2V2a2 2 0 0 0-2-2H2z\"><\/path>\n  <path d=\"M5.255 5.786a.237.237 0 0 0 .241.247h.825c.138 0 .248-.113.266-.25.09-.656.54-1.134 1.342-1.134.686 0 1.314.343 1.314 1.168 0 .635-.374.927-.965 1.371-.673.489-1.206 1.06-1.168 1.987l.003.217a.25.25 0 0 0 .25.246h.811a.25.25 0 0 0 .25-.25v-.105c0-.718.273-.927 1.01-1.486.609-.463 1.244-.977 1.244-2.056 0-1.511-1.276-2.241-2.673-2.241-1.267 0-2.655.59-2.75 2.286zm1.557 5.763c0 .533.425.927 1.01.927.609 0 1.028-.394 1.028-.927 0-.552-.42-.94-1.029-.94-.584 0-1.009.388-1.009.94z\"><\/path>\n<\/svg>",
            "title": "Combien de temps faut-il pour recevoir ma commande ?",
            "heading_tag": "h3",
            "description": "<p>Partagez des informations sur votre marque avec vos clients. Décrivez un produit, faites des annonces ou accueillez les clients dans votre magasin.<\/p>",
            "img_orientation": "landscape",
            "img_crop": "center",
            "img_thumbnail": "img-thumbnail",
            "border_color": "",
            "border_width": 1,
            "shadow_sp": "shadow-1",
            "img_align_desktop": "flex-lg-row"
          }
        },
        "1651755243f618171d-2": {
          "type": "text",
          "settings": {
            "icon": "<svg xmlns=\"http:\/\/www.w3.org\/2000\/svg\" width=\"20\" height=\"20\" fill=\"currentColor\" class=\"bi bi-question-square\" viewbox=\"0 0 16 16\">\n  <path d=\"M14 1a1 1 0 0 1 1 1v12a1 1 0 0 1-1 1H2a1 1 0 0 1-1-1V2a1 1 0 0 1 1-1h12zM2 0a2 2 0 0 0-2 2v12a2 2 0 0 0 2 2h12a2 2 0 0 0 2-2V2a2 2 0 0 0-2-2H2z\"><\/path>\n  <path d=\"M5.255 5.786a.237.237 0 0 0 .241.247h.825c.138 0 .248-.113.266-.25.09-.656.54-1.134 1.342-1.134.686 0 1.314.343 1.314 1.168 0 .635-.374.927-.965 1.371-.673.489-1.206 1.06-1.168 1.987l.003.217a.25.25 0 0 0 .25.246h.811a.25.25 0 0 0 .25-.25v-.105c0-.718.273-.927 1.01-1.486.609-.463 1.244-.977 1.244-2.056 0-1.511-1.276-2.241-2.673-2.241-1.267 0-2.655.59-2.75 2.286zm1.557 5.763c0 .533.425.927 1.01.927.609 0 1.028-.394 1.028-.927 0-.552-.42-.94-1.029-.94-.584 0-1.009.388-1.009.94z\"><\/path>\n<\/svg>",
            "title": "Quels sont les modes de paiement acceptés ?",
            "heading_tag": "h3",
            "description": "<p>Partagez des informations sur votre marque avec vos clients. Décrivez un produit, faites des annonces ou accueillez les clients dans votre magasin.<\/p>",
            "img_orientation": "landscape",
            "img_crop": "center",
            "img_thumbnail": "img-thumbnail",
            "border_color": "border-primary",
            "border_width": 1,
            "shadow_sp": "shadow-2",
            "img_align_desktop": "flex-lg-row"
          }
        },
        "1651755243f618171d-3": {
          "type": "text",
          "settings": {
            "icon": "<svg xmlns=\"http:\/\/www.w3.org\/2000\/svg\" width=\"20\" height=\"20\" fill=\"currentColor\" class=\"bi bi-question-square\" viewbox=\"0 0 16 16\">\n  <path d=\"M14 1a1 1 0 0 1 1 1v12a1 1 0 0 1-1 1H2a1 1 0 0 1-1-1V2a1 1 0 0 1 1-1h12zM2 0a2 2 0 0 0-2 2v12a2 2 0 0 0 2 2h12a2 2 0 0 0 2-2V2a2 2 0 0 0-2-2H2z\"><\/path>\n  <path d=\"M5.255 5.786a.237.237 0 0 0 .241.247h.825c.138 0 .248-.113.266-.25.09-.656.54-1.134 1.342-1.134.686 0 1.314.343 1.314 1.168 0 .635-.374.927-.965 1.371-.673.489-1.206 1.06-1.168 1.987l.003.217a.25.25 0 0 0 .25.246h.811a.25.25 0 0 0 .25-.25v-.105c0-.718.273-.927 1.01-1.486.609-.463 1.244-.977 1.244-2.056 0-1.511-1.276-2.241-2.673-2.241-1.267 0-2.655.59-2.75 2.286zm1.557 5.763c0 .533.425.927 1.01.927.609 0 1.028-.394 1.028-.927 0-.552-.42-.94-1.029-.94-.584 0-1.009.388-1.009.94z\"><\/path>\n<\/svg>",
            "title": "Comment suivre ma commande ?",
            "heading_tag": "h3",
            "description": "<p>Partagez des informations sur votre marque avec vos clients. Décrivez un produit, faites des annonces ou accueillez les clients dans votre magasin.<\/p>",
            "img_orientation": "landscape",
            "img_crop": "center",
            "img_thumbnail": "img-thumbnail",
            "border_color": "",
            "border_width": 1,
            "shadow_sp": "shadow-1",
            "img_align_desktop": "flex-lg-row"
          }
        },
        "1651755243f618171d-0": {
          "type": "text",
          "settings": {
            "icon": "<svg xmlns=\"http:\/\/www.w3.org\/2000\/svg\" width=\"20\" height=\"20\" fill=\"currentColor\" class=\"bi bi-question-square\" viewbox=\"0 0 16 16\">\n  <path d=\"M14 1a1 1 0 0 1 1 1v12a1 1 0 0 1-1 1H2a1 1 0 0 1-1-1V2a1 1 0 0 1 1-1h12zM2 0a2 2 0 0 0-2 2v12a2 2 0 0 0 2 2h12a2 2 0 0 0 2-2V2a2 2 0 0 0-2-2H2z\"><\/path>\n  <path d=\"M5.255 5.786a.237.237 0 0 0 .241.247h.825c.138 0 .248-.113.266-.25.09-.656.54-1.134 1.342-1.134.686 0 1.314.343 1.314 1.168 0 .635-.374.927-.965 1.371-.673.489-1.206 1.06-1.168 1.987l.003.217a.25.25 0 0 0 .25.246h.811a.25.25 0 0 0 .25-.25v-.105c0-.718.273-.927 1.01-1.486.609-.463 1.244-.977 1.244-2.056 0-1.511-1.276-2.241-2.673-2.241-1.267 0-2.655.59-2.75 2.286zm1.557 5.763c0 .533.425.927 1.01.927.609 0 1.028-.394 1.028-.927 0-.552-.42-.94-1.029-.94-.584 0-1.009.388-1.009.94z\"><\/path>\n<\/svg>",
            "title": "Où expédiez-vous vos produits ?",
            "heading_tag": "h3",
            "description": "<p>Partagez des informations sur votre marque avec vos clients. Décrivez un produit, faites des annonces ou accueillez les clients dans votre magasin.<\/p>",
            "img_orientation": "square",
            "img_crop": "center",
            "img_thumbnail": "",
            "border_color": "",
            "border_width": 1,
            "shadow_sp": "shadow-none",
            "img_align_desktop": "flex-lg-row-reverse"
          }
        },
        "1651755243f618171d-4": {
          "type": "text",
          "settings": {
            "icon": "<svg xmlns=\"http:\/\/www.w3.org\/2000\/svg\" width=\"20\" height=\"20\" fill=\"currentColor\" class=\"bi bi-question-square\" viewbox=\"0 0 16 16\">\n  <path d=\"M14 1a1 1 0 0 1 1 1v12a1 1 0 0 1-1 1H2a1 1 0 0 1-1-1V2a1 1 0 0 1 1-1h12zM2 0a2 2 0 0 0-2 2v12a2 2 0 0 0 2 2h12a2 2 0 0 0 2-2V2a2 2 0 0 0-2-2H2z\"><\/path>\n  <path d=\"M5.255 5.786a.237.237 0 0 0 .241.247h.825c.138 0 .248-.113.266-.25.09-.656.54-1.134 1.342-1.134.686 0 1.314.343 1.314 1.168 0 .635-.374.927-.965 1.371-.673.489-1.206 1.06-1.168 1.987l.003.217a.25.25 0 0 0 .25.246h.811a.25.25 0 0 0 .25-.25v-.105c0-.718.273-.927 1.01-1.486.609-.463 1.244-.977 1.244-2.056 0-1.511-1.276-2.241-2.673-2.241-1.267 0-2.655.59-2.75 2.286zm1.557 5.763c0 .533.425.927 1.01.927.609 0 1.028-.394 1.028-.927 0-.552-.42-.94-1.029-.94-.584 0-1.009.388-1.009.94z\"><\/path>\n<\/svg>",
            "title": "Puis-je faire un cadeau à quelqu'un d'autre ?",
            "heading_tag": "h3",
            "description": "<p>Partagez des informations sur votre marque avec vos clients. Décrivez un produit, faites des annonces ou accueillez les clients dans votre magasin.<\/p>",
            "img_orientation": "landscape",
            "img_crop": "center",
            "img_thumbnail": "img-thumbnail",
            "border_color": "",
            "border_width": 1,
            "shadow_sp": "shadow-1",
            "img_align_desktop": "flex-lg-row"
          }
        },
        "1651755243f618171d-5": {
          "type": "text",
          "settings": {
            "icon": "<svg xmlns=\"http:\/\/www.w3.org\/2000\/svg\" width=\"20\" height=\"20\" fill=\"currentColor\" class=\"bi bi-question-square\" viewbox=\"0 0 16 16\">\n  <path d=\"M14 1a1 1 0 0 1 1 1v12a1 1 0 0 1-1 1H2a1 1 0 0 1-1-1V2a1 1 0 0 1 1-1h12zM2 0a2 2 0 0 0-2 2v12a2 2 0 0 0 2 2h12a2 2 0 0 0 2-2V2a2 2 0 0 0-2-2H2z\"><\/path>\n  <path d=\"M5.255 5.786a.237.237 0 0 0 .241.247h.825c.138 0 .248-.113.266-.25.09-.656.54-1.134 1.342-1.134.686 0 1.314.343 1.314 1.168 0 .635-.374.927-.965 1.371-.673.489-1.206 1.06-1.168 1.987l.003.217a.25.25 0 0 0 .25.246h.811a.25.25 0 0 0 .25-.25v-.105c0-.718.273-.927 1.01-1.486.609-.463 1.244-.977 1.244-2.056 0-1.511-1.276-2.241-2.673-2.241-1.267 0-2.655.59-2.75 2.286zm1.557 5.763c0 .533.425.927 1.01.927.609 0 1.028-.394 1.028-.927 0-.552-.42-.94-1.029-.94-.584 0-1.009.388-1.009.94z\"><\/path>\n<\/svg>",
            "title": "Comment puis-je obtenir le remboursement de ma commande ?",
            "heading_tag": "h3",
            "description": "<p>Partagez des informations sur votre marque avec vos clients. Décrivez un produit, faites des annonces ou accueillez les clients dans votre magasin.<\/p>",
            "img_orientation": "landscape",
            "img_crop": "center",
            "img_thumbnail": "img-thumbnail",
            "border_color": "",
            "border_width": 1,
            "shadow_sp": "shadow-1",
            "img_align_desktop": "flex-lg-row"
          }
        }
      },
      "block_order": [
        "1651755243f618171d-1",
        "1651755243f618171d-2",
        "1651755243f618171d-3",
        "1651755243f618171d-0",
        "1651755243f618171d-4",
        "1651755243f618171d-5"
      ],
      "settings": {
        "background_img_opacity": 0.5,
        "background_img_blur": 0,
        "bg_color": "bg-light text-body",
        "bg_gradient": false,
        "max_width": "991",
        "accordion_style": "accordion-default",
        "show_expanded": true,
        "accordion_custom_bg": "#ffffff",
        "accordion_custom_title_color": "#212529",
        "accordion_custom_bg_plus": "#f56900",
        "accordion_custom_plus_color": "#ffffff",
        "accordion_custom_bg_actif": "#f56900",
        "accordion_custom_title_color_actif": "#ffffff",
        "accordion_custom_bg_plus_actif": "#ffffff",
        "accordion_custom_plus_color_actif": "#f56900",
        "img_thumbnail_faq": "img-thumbnail",
        "border_color_faq": "border-primary",
        "border_width_faq": 1,
        "shadow_sp_faq": "shadow-3",
        "text_align": "text-center",
        "brand_image_size": "60",
        "subtitle": "",
        "subtitle_size": "fs-5",
        "color_caption": "#6c757d",
        "title_overlay": "",
        "title_overlay_size": "3",
        "color_title_overlay": "#000000",
        "title": "Questions \/ Réponses",
        "heading_tag": "h2",
        "title_size": "h3",
        "description": "<p>En apportant des réponses aux questions courantes que les clients potentiels peuvent se poser, les entreprises peuvent dissiper les doutes ou les inquiétudes qui pourraient les empêcher de passer à l'action.<\/p>",
        "description_size": "fs-5",
        "img_orientation": "potrait-x2",
        "img_crop": "center",
        "img_thumbnail": "img-thumbnail",
        "border_color": "border-primary",
        "border_width": 1,
        "shadow_sp": "shadow-4",
        "img_align_desktop": "flex-lg-row",
        "pt": 13,
        "pb": 13,
        "mt": 0,
        "mb": 0
      }
    },
    "1f537229-0551-4565-8189-e06a27ee55c2": {
      "type": "instagram-gallery",
      "blocks": {
        "73fca3a3-5844-4743-ab17-37ef4570216e": {
          "type": "post",
          "settings": {
            "url": "https:\/\/www.instagram.com\/shopiweb75",
            "likes": "65",
            "comments": "43"
          }
        },
        "1c0adf68-1a17-4645-8b54-173b708107c1": {
          "type": "post",
          "settings": {
            "url": "https:\/\/www.instagram.com\/shopiweb75",
            "likes": "35",
            "comments": "32"
          }
        },
        "f1fec2ce-1382-4edd-9713-34368769a158": {
          "type": "post",
          "settings": {
            "url": "https:\/\/www.instagram.com\/shopiweb75",
            "likes": "24",
            "comments": "12"
          }
        },
        "c8ba0325-a8ab-4be2-b997-50fce3908ecb": {
          "type": "post",
          "settings": {
            "url": "https:\/\/www.instagram.com\/shopiweb75",
            "likes": "533",
            "comments": "12"
          }
        },
        "34a40ac2-b1d3-455e-a971-b5ae776b6176": {
          "type": "post",
          "settings": {
            "url": "https:\/\/www.instagram.com\/shopiweb75",
            "likes": "24",
            "comments": "12"
          }
        },
        "176239bd-8953-49e8-8639-a3b29d71d6fa": {
          "type": "post",
          "settings": {
            "url": "https:\/\/www.instagram.com\/shopiweb75",
            "likes": "24",
            "comments": "12"
          }
        },
        "29569f00-456a-44e0-bd4d-21558e320446": {
          "type": "post",
          "settings": {
            "url": "https:\/\/www.instagram.com\/shopiweb75",
            "likes": "18",
            "comments": "6"
          }
        }
      },
      "block_order": [
        "73fca3a3-5844-4743-ab17-37ef4570216e",
        "1c0adf68-1a17-4645-8b54-173b708107c1",
        "f1fec2ce-1382-4edd-9713-34368769a158",
        "c8ba0325-a8ab-4be2-b997-50fce3908ecb",
        "34a40ac2-b1d3-455e-a971-b5ae776b6176",
        "176239bd-8953-49e8-8639-a3b29d71d6fa",
        "29569f00-456a-44e0-bd4d-21558e320446"
      ],
      "settings": {
        "bg_color": "bg-white text-dark",
        "bg_gradient": false,
        "text_align": "text-center",
        "brand_image_size": "60",
        "subtitle": "Proposition de valeur unique",
        "subtitle_size": "fs-5",
        "color_caption": "#6c757d",
        "title_overlay": "",
        "title_overlay_size": "3",
        "color_title_overlay": "#000000",
        "title": "Stimuler les conversions avec Instagram",
        "heading_tag": "h2",
        "title_size": "h2",
        "title_branded": true,
        "description": "<p>Instagram est une plateforme visuelle qui permet aux entreprises de présenter leurs produits ou services d'une manière visuellement attrayante, ce qui peut être particulièrement efficace pour attirer de nouveaux clients.<\/p>",
        "description_size": "fs-5",
        "btn_show": true,
        "btn_text": "Suivre @shopiweb",
        "btn_url": "https:\/\/www.instagram.com\/shopiweb75",
        "btn_color": "btn-primary",
        "btn_icon_show": true,
        "img_orientation": "square",
        "img_thumbnail": "img-thumbnail",
        "border_color": "border-primary",
        "border_width": 1,
        "shadow_sp": "shadow-3",
        "carousel_arrows": true,
        "carousel_easing": "cubic-bezier(.42,.65,.27,.99)",
        "carousel_speed": 1,
        "carousel_direction": "left",
        "carousel_gap": 10,
        "breakpoint_xs": 2,
        "breakpoint_sm": 2,
        "breakpoint_md": 3,
        "breakpoint_lg": 4,
        "breakpoint_xl": 5,
        "breakpoint_xxl": 7,
        "pt": 10,
        "pb": 0,
        "mt": 0,
        "mb": 0
      }
    },
    "973e4169-1f7f-4849-9926-37e0151fe7d8": {
      "type": "latest-articles",
      "settings": {
        "blog": "infos",
        "limit": 3,
        "bg_color": "bg-light text-body",
        "bg_gradient": false,
        "container": "container",
        "max_width": "991",
        "text_align": "text-center",
        "brand_image_size": "60",
        "subtitle": "Proposition de valeur unique",
        "subtitle_size": "fs-5",
        "color_caption": "#6c757d",
        "title_overlay": "",
        "title_overlay_size": "3",
        "color_title_overlay": "#000000",
        "title": "Les articles de blog",
        "heading_tag": "h2",
        "title_size": "h2",
        "description": "<p>Maintenez l'intérêt de votre public et le tenir au courant de vos dernières offres, de vos promotions et de vos connaissances du secteur.<\/p>",
        "description_size": "fs-5",
        "article_img_orientation": "landscape-2",
        "article_title_size": "h5",
        "article_meta_author": true,
        "article_meta_date": true,
        "article_excerpt": true,
        "border_color": "border-primary",
        "border_width": 1,
        "shadow_sp": "shadow-3",
        "animation": "animate__zoomIn",
        "animation_speed": "animate__fast",
        "breakpoint_xs_scroll": true,
        "breakpoint_xs": 1,
        "breakpoint_sm": 2,
        "breakpoint_md": 2,
        "breakpoint_lg": 3,
        "breakpoint_xl": 3,
        "breakpoint_xxl": 3,
        "pt": 13,
        "pb": 13,
        "mt": 0,
        "mb": 0
      }
    },
    "0fc5e6e0-1663-407b-b74f-4b2cc773ab49": {
      "type": "look-book",
      "blocks": {
        "07a86a94-40f8-4ef1-84a6-c5ab88ed1c07": {
          "type": "point",
          "settings": {
            "title": "Titre du point",
            "description": "<p>Mettez un produit en avant avec un texte. Incluez des détails sur sa disponibilité ou son style.<\/p>",
            "product": "etui-airpods-pro-nuage",
            "show_image": true,
            "show_price": true,
            "btn_text": "Voir le produit",
            "btn_color": "btn-primary",
            "mobile_pos_left": 0,
            "mobile_pos_top": 0,
            "desktop_pos_left": 38,
            "desktop_pos_top": 53
          }
        },
        "2e003925-462c-4e3c-aa65-d31e9299b963": {
          "type": "point",
          "settings": {
            "title": "Titre du point",
            "description": "<p>Mettez un produit en avant avec un texte. Incluez des détails sur sa disponibilité ou son style.<\/p>",
            "product": "etui-airpods-pro-navy",
            "show_image": true,
            "show_price": true,
            "btn_text": "Voir le produit",
            "btn_color": "btn-primary",
            "mobile_pos_left": 0,
            "mobile_pos_top": 0,
            "desktop_pos_left": 50,
            "desktop_pos_top": 65
          }
        },
        "fd60b2d6-9ea4-48c2-bb9a-52c682d6e1e2": {
          "type": "point",
          "settings": {
            "title": "Titre du point",
            "description": "<p>Mettez un produit en avant avec un texte. Incluez des détails sur sa disponibilité ou son style.<\/p>",
            "product": "etui-airpods-pro-capuccino",
            "show_image": true,
            "show_price": true,
            "btn_text": "Voir le produit",
            "btn_color": "btn-primary",
            "mobile_pos_left": 0,
            "mobile_pos_top": 0,
            "desktop_pos_left": 72,
            "desktop_pos_top": 40
          }
        },
        "34818688-5ff8-4f49-a2c2-016b88aa6b99": {
          "type": "point",
          "settings": {
            "title": "Titre du point",
            "description": "<p>Mettez un produit en avant avec un texte. Incluez des détails sur sa disponibilité ou son style.<\/p>",
            "product": "",
            "show_image": true,
            "show_price": true,
            "btn_text": "Voir le produit",
            "btn_color": "btn-primary",
            "mobile_pos_left": 0,
            "mobile_pos_top": 0,
            "desktop_pos_left": 15,
            "desktop_pos_top": 70
          }
        },
        "13ce3ce7-d981-4c50-9021-ca55017bae57": {
          "type": "point",
          "settings": {
            "title": "Titre du point",
            "description": "<p>Mettez un produit en avant avec un texte. Incluez des détails sur sa disponibilité ou son style.<\/p>",
            "product": "",
            "show_image": true,
            "show_price": true,
            "btn_text": "Voir le produit",
            "btn_color": "btn-primary",
            "mobile_pos_left": 0,
            "mobile_pos_top": 0,
            "desktop_pos_left": 79,
            "desktop_pos_top": 75
          }
        }
      },
      "block_order": [
        "07a86a94-40f8-4ef1-84a6-c5ab88ed1c07",
        "2e003925-462c-4e3c-aa65-d31e9299b963",
        "fd60b2d6-9ea4-48c2-bb9a-52c682d6e1e2",
        "34818688-5ff8-4f49-a2c2-016b88aa6b99",
        "13ce3ce7-d981-4c50-9021-ca55017bae57"
      ],
      "settings": {
        "bg_color": "",
        "bg_gradient": false,
        "container": "container",
        "max_width": "",
        "text_align": "text-center",
        "brand_image_size": "60",
        "subtitle": "Proposition de valeur unique",
        "subtitle_size": "fs-5",
        "color_caption": "#6c757d",
        "title_overlay": "",
        "title_overlay_size": "3",
        "color_title_overlay": "#000000",
        "title": "Galerie de Styles",
        "heading_tag": "h2",
        "title_size": "h2",
        "description": "<p>Ajouter une description facultative à cette section<\/p>",
        "description_size": "fs-5",
        "img_thumbnail": "img-thumbnail",
        "border_color": "border-primary",
        "border_width": 1,
        "shadow_sp": "shadow-3",
        "point_color": "--bs-info",
        "point_diameter": 1,
        "pt": 13,
        "pb": 13,
        "mt": 0,
        "mb": 0
      }
    }
  },
  "order": [
    "carousel",
    "523632a1-0aef-453d-ae32-61d5a5db7e74",
    "676ac84e-acc4-4648-bffc-9d1523a9dd68",
    "165151877352b831f8",
    "96b16ded-e2be-4b28-a05e-21b9c990f110",
    "b6cc4d28-8983-435f-bb29-4e7c8890ced1",
    "1651733459a1bea1c2",
    "06c97ea7-90df-43e1-9d2c-c7459c37b080",
    "media_tabs_hNWQrG",
    "6b41ca34-021b-4dc8-998a-411576e757ea",
    "custom_border_hFdYdC",
    "43facfe0-2c1b-4294-a0e2-fb808acae866",
    "custom_border_3TBh7k",
    "5ca3c6ec-93a1-4d3f-b6d4-776f99352e14",
    "16527743361f98366e",
    "1300a7c6-a3e7-4bf6-ab22-df8fc9a453ec",
    "1651754599ab801902",
    "3bddab79-26a3-4f58-87af-96393dbf95f4",
    "48ba04bd-fe58-429a-b1ed-5ced487563a3",
    "dc3993a6-95e6-43db-a221-c2e6cf5c8d76",
    "10ecdc8c-6d82-4dfa-a6ae-525033bb5550",
    "165175524396f2667c",
    "1f537229-0551-4565-8189-e06a27ee55c2",
    "973e4169-1f7f-4849-9926-37e0151fe7d8",
    "0fc5e6e0-1663-407b-b74f-4b2cc773ab49"
  ]
}
