{
  "sections": {
    "f66f8bfb-17fa-4447-80a2-b66b805d47f1": {
      "type": "template-list-collections",
      "settings": {
        "show_breadcrumbs": true,
        "limit": 48,
        "bg_color": "",
        "text_align": "text-center",
        "subtitle": "",
        "subtitle_size": "fs-5",
        "color_caption": "#6c757d",
        "title": "Liste des collections",
        "heading_tag": "h1",
        "title_size": "h1",
        "description": "<p>Ajouter une description facultative à cette section<\/p>",
        "description_size": "fs-5",
        "collection_img_orientation": "square",
        "collection_img_thumbnail": "img-thumbnail",
        "collection_border_color": "border-primary",
        "collection_shadow_sp": "shadow-4",
        "collection_show_title": true,
        "animation": "animate__zoomIn",
        "animation_speed": "animate__fast",
        "breakpoint_xs": 1,
        "breakpoint_sm": 2,
        "breakpoint_md": 2,
        "breakpoint_lg": 3,
        "breakpoint_xl": 4,
        "breakpoint_xxl": 4,
        "pt": 10,
        "pb": 10,
        "mt": 0,
        "mb": 0
      }
    }
  },
  "order": [
    "f66f8bfb-17fa-4447-80a2-b66b805d47f1"
  ]
}