{"sections":{"richtext_UdKFRW":{"type":"richtext","name":"Texte Enrichi","settings":{"background_img_opacity":0.7,"background_img_blur":0,"bg_color":"bg-body text-body","bg_gradient":false,"max_width":"960","text_align":"text-center","number_impact":"","title_impact":"","impact_text_font_family":"","impact_text_size_ratio":1,"text_style":"","text_color":"#000","stroke_color":"","text_gradient":"","brand_image_size":"60","subtitle":"","subtitle_size":"fs-5","color_caption":"#6c757d","title_overlay":"","title_overlay_size":"3","color_title_overlay":"#000000","title":"CONTACTEZ-NOUS","heading_tag":"h2","title_size":"h3","description":"<p>Vous venez de consulter la FAQ et vous ne trouvez pas de réponse à votre question ? Il vous suffit de nous contacter par e-mail à l’adresse suivante : <strong>contact@cartouche-deal.com<\/strong><\/p>","description_size":"fs-5","readmore":false,"formread":200,"readmore_color":"#fff","text_voirplus":"Voir plus","text_voirmoins":"Voir moins","btn_text":"","btn_url":"","btn_color":"btn-primary","btn_size":"btn-md","btn_secondary_text":"","btn_secondary_url":"","btn_secondary_color":"btn-primary","btn_secondary_size":"btn-md","pt":0,"pb":0,"mt":0,"mb":0}},"html_iJcebk":{"type":"html","name":"🏆 HTML\/Liquid","settings":{"html":"<a href=\"https:\/\/wa.me\/+33786636667\" \n   target=\"_blank\" \n   style=\"display: inline-block; padding: 12px 20px; background-color: #25D366; color: white; text-decoration: none; font-weight: bold; border-radius: 5px;\">\n  📞 Contactez Nous\n<\/a>","bg_color":"bg-body text-body","bg_gradient":false,"container":"container","text_align":"text-center","brand_image_size":"60","subtitle":"","subtitle_size":"fs-5","color_caption":"#6c757d","title_overlay":"","title_overlay_size":"3","color_title_overlay":"#000000","title":"","heading_tag":"h2","title_size":"h2","description":"<p>Via Whatsapp, cliquez sur le bouton ci-dessous :<\/p>","description_size":"fs-5","btn_text":"","btn_url":"","btn_color":"btn-primary","btn_size":"btn-md","pt":0,"pb":5,"mt":0,"mb":0}},"23e845c6-1e65-48b9-b6fb-62265282463d":{"type":"contact-form","blocks":{"614649d5-0657-49ac-bb8d-381c46c3b023":{"type":"input_field","settings":{"type":"text","label":"Nom","required":true}},"af8809a3-e618-403d-b98b-a3981ba2faed":{"type":"input_field","settings":{"type":"email","label":"Adresse e-mail","required":true}},"0570be8b-e79a-468f-bf54-e0426442aaaf":{"type":"input_field","settings":{"type":"text","label":"Téléphone","required":true}},"d048bd33-42b3-4942-a789-245c2a1af318":{"type":"separator","settings":{"separator_color":"#c99700","opacity":0.2,"mt":6,"mb":6}},"927de99a-0a7b-42ba-a2e6-0eea6d3f8207":{"type":"text","settings":{"title":"Précisions","heading_tag":"h3","title_size":"h5","description":"<p>Nous vous demandons quelques précisions afin de faire correspondre votre requête avec notre SAV.<\/p>","description_size":"fs-6"}},"e2221772-ca41-4031-86bf-36d4f16d71af":{"type":"input_field","settings":{"type":"date","label":"Date d'achat","required":false}},"46aa8555-e7d1-4842-866a-fbc7666f354c":{"type":"input_field","settings":{"type":"url","label":"adresse d'expédition","required":false}},"71fb0df1-ca1e-424f-9275-23b7460736b0":{"type":"separator","settings":{"separator_color":"#c99700","opacity":0.2,"mt":6,"mb":6}},"7af1a33a-236b-47ee-918b-2bce77a91505":{"type":"checkbox_radio","settings":{"type":"radio","label":"Comment voulez-vous que nous vous contactions ?","options":"Email, Téléphone, SMS"}},"b27aad39-ecdf-4dec-9534-bccf4b71279f":{"type":"separator","settings":{"separator_color":"#c99700","opacity":0.2,"mt":6,"mb":6}},"4b9b065a-ecc1-48e3-b491-72d54e0131b7":{"type":"textarea","settings":{"rows":6,"label":"Comment pourrions-nous améliorer la qualité de nos services ?","required":false}},"eb973e33-3c9e-4dfa-b806-e775d06b4ed9":{"type":"range","settings":{"label":"Note Cartouche-Deal","required":true,"min_value":"0","max_value":"10","step":"1"}},"b0f8f658-ac15-4d5a-be09-7bf54ab9609a":{"type":"submit_btn","settings":{"btn_text":"Envoyer","btn_color":"btn-primary"}}},"block_order":["614649d5-0657-49ac-bb8d-381c46c3b023","af8809a3-e618-403d-b98b-a3981ba2faed","0570be8b-e79a-468f-bf54-e0426442aaaf","d048bd33-42b3-4942-a789-245c2a1af318","927de99a-0a7b-42ba-a2e6-0eea6d3f8207","e2221772-ca41-4031-86bf-36d4f16d71af","46aa8555-e7d1-4842-866a-fbc7666f354c","71fb0df1-ca1e-424f-9275-23b7460736b0","7af1a33a-236b-47ee-918b-2bce77a91505","b27aad39-ecdf-4dec-9534-bccf4b71279f","4b9b065a-ecc1-48e3-b491-72d54e0131b7","eb973e33-3c9e-4dfa-b806-e775d06b4ed9","b0f8f658-ac15-4d5a-be09-7bf54ab9609a"],"settings":{"bg_color":"bg-light text-body","bg_gradient":false,"max_width":"640","brand_image_size":"60","subtitle":"","subtitle_size":"fs-5","color_caption":"#6c757d","title_overlay":"","title_overlay_size":"3","color_title_overlay":"#000000","title":"","heading_tag":"h2","title_size":"h3","description":"<p>Vous pouvez nous contacter au sujet d'une demande spécifique au sujet de votre commande via ce formulaire ci-dessous. Un membre de notre équipe vous répondra sous 24 à 48 heures.<\/p>","description_size":"fs-5","form_fields_size":"md","form_success_msg":"<p>Merci de nous avoir contactés. Nous vous répondrons dans les plus brefs délais.<\/p>","pt":13,"pb":13,"mt":0,"mb":0}}},"order":["richtext_UdKFRW","html_iJcebk","23e845c6-1e65-48b9-b6fb-62265282463d"]}