{"sections":{"6a194339-2ac1-456d-a637-4033ab2fd031":{"type":"faq","blocks":{"template--16715093704925__6a194339-2ac1-456d-a637-4033ab2fd031-16875110704571fef7-0":{"type":"text","settings":{"icon":"","title":"Puis-je retourner ma commande si je ne suis pas satisfait ?","heading_tag":"h3","description":"<p>Oui, vous pouvez retourner votre commande sous 30 jours, sans frais, si elle ne répond pas à vos attentes. Votre satisfaction est notre priorité.<\/p>","img_orientation":"landscape","img_crop":"center","img_thumbnail":"img-thumbnail","border_color":"","border_width":1,"shadow_sp":"shadow-1","img_align_desktop":"flex-lg-row"}},"template--16715093704925__6a194339-2ac1-456d-a637-4033ab2fd031-16875110704571fef7-1":{"type":"text","settings":{"icon":"","title":"Le paiement sur votre site est-il sécurisé ?","heading_tag":"h3","description":"<p>Absolument. Nous utilisons les meilleurs standards de sécurité pour assurer la protection de vos données et un paiement 100% sécurisé.<\/p>","img_orientation":"landscape","img_crop":"center","img_thumbnail":"img-thumbnail","border_color":"","border_width":1,"shadow_sp":"shadow-1","img_align_desktop":"flex-lg-row"}},"template--16715093704925__6a194339-2ac1-456d-a637-4033ab2fd031-16875110704571fef7-2":{"type":"text","settings":{"icon":"","title":"Quels sont les modes de paiement acceptés ?","heading_tag":"h3","description":"<p>Nos cartouches sont garanties fraîches et authentiques. <\/p><p>Nous vous assurons des impressions nettes à chaque utilisation, ou nous vous remboursons.<\/p>","img_orientation":"landscape","img_crop":"center","img_thumbnail":"img-thumbnail","border_color":"","border_width":1,"shadow_sp":"shadow-1","img_align_desktop":"flex-lg-row"}},"template--16715093704925__6a194339-2ac1-456d-a637-4033ab2fd031-16875110704571fef7-3":{"type":"text","settings":{"icon":"","title":"Vos cartouches sont-elles certifiées ?","heading_tag":"h3","description":"<p>Toutes nos cartouches sont certifiées ISO 9001, ce qui garantit leur qualité et leur sécurité. Vous pouvez imprimer en toute sérénité.<\/p>","img_orientation":"landscape","img_crop":"center","img_thumbnail":"img-thumbnail","border_color":"","border_width":1,"shadow_sp":"shadow-1","img_align_desktop":"flex-lg-row"}},"template--16715093704925__6a194339-2ac1-456d-a637-4033ab2fd031-16875110704571fef7-4":{"type":"text","settings":{"icon":"","title":"Quels sont vos délais et modes de livraison ?","heading_tag":"h3","description":"<p>Nous expédions votre commande en 24 heures. <\/p><p>Les délais de livraison sont de 3 à 5 jours ouvrés en France métropolitaine. <\/p><p>Vous pouvez suivre votre commande à chaque étape, de notre entrepôt jusqu'à votre porte.<\/p>","img_orientation":"landscape","img_crop":"center","img_thumbnail":"img-thumbnail","border_color":"","border_width":1,"shadow_sp":"shadow-1","img_align_desktop":"flex-lg-row"}}},"block_order":["template--16715093704925__6a194339-2ac1-456d-a637-4033ab2fd031-16875110704571fef7-0","template--16715093704925__6a194339-2ac1-456d-a637-4033ab2fd031-16875110704571fef7-1","template--16715093704925__6a194339-2ac1-456d-a637-4033ab2fd031-16875110704571fef7-2","template--16715093704925__6a194339-2ac1-456d-a637-4033ab2fd031-16875110704571fef7-3","template--16715093704925__6a194339-2ac1-456d-a637-4033ab2fd031-16875110704571fef7-4"],"settings":{"background_img_opacity":0.7,"background_img_blur":0,"bg_color":"bg-body text-body","bg_gradient":false,"max_width":"991","accordion_style":"accordion-default","show_expanded":true,"accordion_custom_bg":"#ffffff","accordion_custom_title_color":"#212529","accordion_custom_bg_plus":"#f56900","accordion_custom_plus_color":"#ffffff","accordion_custom_bg_actif":"#f56900","accordion_custom_title_color_actif":"#ffffff","accordion_custom_bg_plus_actif":"#ffffff","accordion_custom_plus_color_actif":"#f56900","img_thumbnail_faq":"img-thumbnail","border_color_faq":"border-0","border_width_faq":1,"shadow_sp_faq":"shadow-2","text_align":"text-center","brand_image_size":"60","subtitle":"","subtitle_size":"fs-5","color_caption":"#6c757d","title_overlay":"FAQ","title_overlay_size":"3","color_title_overlay":"#000000","title":"FAQ","heading_tag":"h2","title_size":"h2","description":"","description_size":"fs-5","img_orientation":"landscape","img_crop":"center","img_thumbnail":"img-thumbnail","border_color":"","border_width":1,"shadow_sp":"shadow-1","img_align_desktop":"flex-lg-row","pt":10,"pb":10,"mt":0,"mb":10}}},"order":["6a194339-2ac1-456d-a637-4033ab2fd031"]}