{"sections":{"16709164393c099f56-1741599488016":{"type":"apps","blocks":{"11161dbd-4319-4295-8710-e7b7012a9712-1741599488016":{"type":"shopify:\/\/apps\/track123\/blocks\/search\/60c49c11-a7c0-49a0-861e-2f84d2f294e6","settings":{"search_form_background_color":"#ffffff","preview_state":"detail","search_by":"by_order_number_or_by_tracking_number","time_format":"hh:mm a","map_coordinates":"current_package_location","show_estimated_delivery_time":false,"show_carrier_info":true,"only_show_last_mile_carrier":false,"show_tracking_number":true,"link_to_carrier_website":true,"show_package_info":true,"show_reorder_button":true,"custom_css":""}}},"block_order":["11161dbd-4319-4295-8710-e7b7012a9712-1741599488016"],"settings":{}}},"order":["16709164393c099f56-1741599488016"]}