{
  "sections": {
    "template-product": {
      "type": "template-product",
      "blocks": {
        "542888d9-1583-49f9-bba6-768c6a3ed528": {
          "type": "vendor",
          "settings": {
            "image_text_align": "justify-content-left",
            "show_brand_image": true,
            "metafield": "shopiweb.brand_image",
            "brand_image_size": "120",
            "show_vendor": true,
            "is_badge": true,
            "badge_color": "text-bg-secondary",
            "font_size": "fs-6",
            "text_transform": "text-uppercase",
            "text_font_weight": "normal",
            "mt": 0,
            "mb": 3
          }
        },
        "766ca2e7-634d-4df1-b65f-3533a9107f92": {
          "type": "title",
          "settings": {
            "title_next": "",
            "heading_tag": "h2",
            "title_size": "h2",
            "show_custom_svg_h2": true,
            "text_align": "text-start",
            "mt": 3,
            "mb": 3
          }
        },
        "266da8f3-3508-4c02-be9a-deafde2a041b": {
          "type": "sku",
          "settings": {
            "mt": 3,
            "mb": 3
          }
        },
        "73d2164a-bdba-440f-87ec-cc1934cf7796": {
          "type": "rating_natif",
          "settings": {
            "stars_num": 4.5,
            "avis_text": "24 avis",
            "avis_url": "",
            "star_align": "justify-content-start",
            "starscolor": "#ffc107",
            "starsoff": "#dedede",
            "mt": 3,
            "mb": 3
          }
        },
        "rating_shopitrust_gVDWBR": {
          "type": "rating_shopitrust",
          "settings": {
            "star_align": "justify-content-start",
            "shopitrust_url": "",
            "mt": 3,
            "mb": 3
          }
        },
        "d25e8f09-c2bc-4fca-b63e-0d78d4ea22b2": {
          "type": "subtitle",
          "settings": {
            "mt": 3,
            "mb": 3
          }
        },
        "05bf51e1-14d3-4f74-a0f8-622bd68c45f9": {
          "type": "price",
          "settings": {
            "taxes_included": true,
            "mt": 3,
            "mb": 3
          }
        },
        "16557592-be28-4e6e-a6b5-40ad8a6c44df": {
          "type": "limited_offer",
          "settings": {
            "icon": "<svg xmlns=\"http:\/\/www.w3.org\/2000\/svg\" width=\"22\" height=\"22\" fill=\"currentColor\" class=\"bi bi-stopwatch\" viewbox=\"0 0 16 16\">\n                        <path d=\"M8.5 5.6a.5.5 0 1 0-1 0v2.9h-3a.5.5 0 0 0 0 1H8a.5.5 0 0 0 .5-.5V5.6z\"><\/path>\n                        <path d=\"M6.5 1A.5.5 0 0 1 7 .5h2a.5.5 0 0 1 0 1v.57c1.36.196 2.594.78 3.584 1.64a.715.715 0 0 1 .012-.013l.354-.354-.354-.353a.5.5 0 0 1 .707-.708l1.414 1.415a.5.5 0 1 1-.707.707l-.353-.354-.354.354a.512.512 0 0 1-.013.012A7 7 0 1 1 7 2.071V1.5a.5.5 0 0 1-.5-.5zM8 3a6 6 0 1 0 .001 12A6 6 0 0 0 8 3z\"><\/path>\n                    <\/svg>",
            "text": "Dépêchez-vous ! Cette offre expire dans :",
            "countdown_timer": "2024-03-17 11h10am",
            "color": "#c99700",
            "mt": 3,
            "mb": 3
          }
        },
        "a916386f-7655-44af-b826-9ed305cd0130": {
          "type": "live_visitors",
          "settings": {
            "icon": "<svg xmlns=\"http:\/\/www.w3.org\/2000\/svg\" width=\"22\" height=\"22\" fill=\"currentColor\" class=\"bi bi-eye\" viewbox=\"0 0 16 16\">\n  <path d=\"M16 8s-3-5.5-8-5.5S0 8 0 8s3 5.5 8 5.5S16 8 16 8zM1.173 8a13.133 13.133 0 0 1 1.66-2.043C4.12 4.668 5.88 3.5 8 3.5c2.12 0 3.879 1.168 5.168 2.457A13.133 13.133 0 0 1 14.828 8c-.058.087-.122.183-.195.288-.335.48-.83 1.12-1.465 1.755C11.879 11.332 10.119 12.5 8 12.5c-2.12 0-3.879-1.168-5.168-2.457A13.134 13.134 0 0 1 1.172 8z\"><\/path>\n  <path d=\"M8 5.5a2.5 2.5 0 1 0 0 5 2.5 2.5 0 0 0 0-5zM4.5 8a3.5 3.5 0 1 1 7 0 3.5 3.5 0 0 1-7 0z\"><\/path>\n<\/svg>",
            "debutlive": "LIVE:",
            "finlive": "<span style=\"color:#C99700; font-weight: 700;\">personnes<\/span> regardent aussi ce produit.",
            "min": 10,
            "max": 25,
            "color_live": "#c99700",
            "mt": 3,
            "mb": 3
          }
        },
        "f32314ca-490c-4313-a829-60b0fe6206e6": {
          "type": "estimated_delivery",
          "settings": {
            "icon": "<svg xmlns=\"http:\/\/www.w3.org\/2000\/svg\" width=\"22\" height=\"22\" fill=\"currentColor\" class=\"bi bi-speedometer2\" viewbox=\"0 0 16 16\">\n  <path d=\"M8 4a.5.5 0 0 1 .5.5V6a.5.5 0 0 1-1 0V4.5A.5.5 0 0 1 8 4zM3.732 5.732a.5.5 0 0 1 .707 0l.915.914a.5.5 0 1 1-.708.708l-.914-.915a.5.5 0 0 1 0-.707zM2 10a.5.5 0 0 1 .5-.5h1.586a.5.5 0 0 1 0 1H2.5A.5.5 0 0 1 2 10zm9.5 0a.5.5 0 0 1 .5-.5h1.5a.5.5 0 0 1 0 1H12a.5.5 0 0 1-.5-.5zm.754-4.246a.389.389 0 0 0-.527-.02L7.547 9.31a.91.91 0 1 0 1.302 1.258l3.434-4.297a.389.389 0 0 0-.029-.518z\"><\/path>\n  <path fill-rule=\"evenodd\" d=\"M0 10a8 8 0 1 1 15.547 2.661c-.442 1.253-1.845 1.602-2.932 1.25C11.309 13.488 9.475 13 8 13c-1.474 0-3.31.488-4.615.911-1.087.352-2.49.003-2.932-1.25A7.988 7.988 0 0 1 0 10zm8-7a7 7 0 0 0-6.603 9.329c.203.575.923.876 1.68.63C4.397 12.533 6.358 12 8 12s3.604.532 4.923.96c.757.245 1.477-.056 1.68-.631A7 7 0 0 0 8 3z\"><\/path>\n<\/svg>",
            "delivery_message": "Commandez maintenant pour recevoir votre colis entre le",
            "language": "fr",
            "delivery_start_days": 3,
            "delivery_end_days": 5,
            "color_estimation": "#c99700",
            "mt": 3,
            "mb": 3
          }
        },
        "0b6f7b8f-f303-4fd6-872d-d25d3d66563b": {
          "type": "separator",
          "settings": {
            "bbstyle": "solid",
            "bbwidth": 1,
            "bblength": 100,
            "color_border": "#ff4d45",
            "opacity": 0.3,
            "mt": 5,
            "mb": 5
          }
        },
        "e9fb3059-be5f-40b8-8210-1236c3665d52": {
          "type": "scrolling_text",
          "settings": {
            "bg_color": "bg-dark text-white",
            "bg_gradient": true,
            "list_label": "Caractéristiques promotionnelles",
            "title": "Thème Shopify Premium, LOREM IPSUM DOLOR SIT AMET, Lorem ipsum dolor sit amet.",
            "title_size": "h5",
            "animation_duration": 20,
            "scrolling_direction": "left",
            "separator": "separator-dot",
            "gap": 6,
            "mt": 3,
            "mb": 3
          }
        },
        "f09d11ef-1a1b-4600-a8e3-ee7a9f72cb73": {
          "type": "text",
          "disabled": true,
          "settings": {
            "title": "Texte enrichi",
            "title_size": "h5",
            "description": "<p>Annoncez tout ce que vous voulez.<\/p>",
            "text_align": "text-start",
            "mt": 3,
            "mb": 3
          }
        },
        "3863b3d7-e5e5-4a99-bf67-4efaad751b31": {
          "type": "liquid_code",
          "disabled": true,
          "settings": {
            "liquid": "<div class=\"mt-3 mb-3\">\n<p>Lorem ipsum dolor sit amet. Ut odit impedit aut quas eligendi et fuga quidem ea quidem voluptas.<\/p>\n<p>Lorem ipsum dolor sit amet. Ut odit impedit aut quas eligendi et fuga quidem ea quidem voluptas.<\/p>\n<ul class=\"checkperso\"> <li>Lorem ipsum dolor sit amet.<\/li> <li>Lorem ipsum dolor sit amet.<\/li> <li>Lorem ipsum dolor sit amet.<\/li> <\/ul><\/div>",
            "mt": 3,
            "mb": 3
          }
        },
        "979d6791-ab75-42ce-bc2d-e85820e42980": {
          "type": "personalization",
          "disabled": true,
          "settings": {
            "type": "text",
            "label": "Exemple de champ de texte",
            "placeholder": "Entrez votre nom",
            "values": "Bleu, Blanc, Rouge",
            "required": false,
            "helper_text": "<p>*Champ obligatoire<\/p>",
            "mt": 5,
            "mb": 5
          }
        },
        "d4e85f20-6cf9-44bb-a7b4-1708388ddc21": {
          "type": "personalization",
          "disabled": true,
          "settings": {
            "type": "file",
            "label": "Télécharger un fichier",
            "placeholder": "",
            "values": "",
            "required": true,
            "helper_text": "",
            "mt": 5,
            "mb": 5
          }
        },
        "2417a53b-93e3-4a2d-99d3-89559c52dc0c": {
          "type": "variant_selector",
          "settings": {
            "mt": 3,
            "mb": 3
          }
        },
        "purchase_options_djQE4X": {
          "type": "purchase_options",
          "settings": {
            "sub_selected_first": true,
            "title": "Options d'achat",
            "sub_benefits": "<ul><li>Économiser 10 %<\/li><li>Échange ou annulation !<\/li><li>Réductions spéciales<\/li><li>Livraison gratuite<\/li><\/ul>",
            "mt": 3,
            "mb": 3
          }
        },
        "96e03782-002d-4873-8ae6-3a2d5199bfa6": {
          "type": "size_chart",
          "settings": {
            "btn_color": "btn-outline-primary",
            "icon": "<svg viewbox=\"0 0 64 64\" width=\"24\" height=\"24\" fill=\"currentColor\">\n                                        <rect class=\"st0\" height=\"8\" width=\"2\" x=\"7\" y=\"23\"><\/rect><rect class=\"st0\" height=\"4\" width=\"2\" x=\"11\" y=\"23\"><\/rect><rect class=\"st0\" height=\"4\" width=\"2\" x=\"15\" y=\"23\"><\/rect><rect class=\"st0\" height=\"8\" width=\"2\" x=\"19\" y=\"23\"><\/rect><rect class=\"st0\" height=\"4\" width=\"2\" x=\"23\" y=\"23\"><\/rect><rect class=\"st0\" height=\"4\" width=\"2\" x=\"27\" y=\"23\"><\/rect><rect class=\"st0\" height=\"8\" width=\"2\" x=\"31\" y=\"23\"><\/rect><rect class=\"st0\" height=\"4\" width=\"2\" x=\"35\" y=\"23\"><\/rect><rect class=\"st0\" height=\"4\" width=\"2\" x=\"39\" y=\"23\"><\/rect><rect class=\"st0\" height=\"4\" width=\"2\" x=\"47\" y=\"23\"><\/rect><rect class=\"st0\" height=\"4\" width=\"2\" x=\"51\" y=\"23\"><\/rect><rect class=\"st0\" height=\"8\" width=\"2\" x=\"55\" y=\"23\"><\/rect><rect class=\"st0\" height=\"8\" width=\"2\" x=\"43\" y=\"23\"><\/rect><path class=\"st0\" d=\"M60,42H4c-1.1,0-2-0.9-2-2V24c0-1.1,0.9-2,2-2h56c1.1,0,2,0.9,2,2v16C62,41.1,61.1,42,60,42z M4,40h56V24H4V40z\"><\/path>\n                                    <\/svg>",
            "title": "Guide des tailles",
            "img": "shopify:\/\/shop_images\/Taille.webp",
            "description": "<p>Il s'agit d'une description facultative que vous pouvez afficher au-dessus du tableau des tailles. Vous avez encore des questions concernant votre taille ? N'hésitez pas à nous <a href=\"\/pages\/contact\" target=\"_blank\" title=\"Contact\">contacter<\/a><\/p>",
            "page": "tableau-des-tailles"
          }
        },
        "63acad5a-9780-4912-bd50-b63a4a10d2c8": {
          "type": "inventory_bar",
          "settings": {
            "inventory_bar_verylow_threshold": 10,
            "inventory_bar_color_verylow": "danger",
            "inventory_bar_low_threshold": 17,
            "inventory_bar_color_low": "warning",
            "inventory_bar_max_threshold": 100,
            "inventory_bar_color_normal": "success",
            "mt": 4,
            "mb": 4
          }
        },
        "35caf382-aeb8-4602-a288-c29ec58e824f": {
          "type": "gift_card",
          "settings": {
            "btn_color": "btn-outline-primary",
            "mt": 3,
            "mb": 3
          }
        },
        "f114fdf9-80f5-4e4b-a791-80864a7ddd3c": {
          "type": "buy_buttons",
          "settings": {
            "btn_color": "btn-success",
            "show_qty_field": true,
            "show_buy_btn": true,
            "show_dynamic_buttons": false,
            "mt": 5,
            "mb": 5
          }
        },
        "2ff3baf8-a6d9-4ff3-9d5b-f2bfd77dd640": {
          "type": "payment_icons",
          "settings": {
            "payment_title": "PAIEMENT SÉCURISÉ",
            "color": "#212529",
            "show_lines": true,
            "payment_text": "Paiements 100% sécurisés et protégés",
            "icon_size": 50,
            "icon_size_mobile": 50,
            "show_filter": false,
            "stripe": true,
            "amex": true,
            "apple_pay": true,
            "mastercard": false,
            "visa": true,
            "paypal": true,
            "google_pay": true,
            "discover": true,
            "amazon_pay": true,
            "bitcoin": true,
            "shop_pay": true,
            "klarna": true,
            "bancontact": false,
            "icon": "<svg width=\"226\" height=\"167\" viewbox=\"0 0 226 167\" fill=\"none\" xmlns=\"http:\/\/www.w3.org\/2000\/svg\"><g filter=\"url(#filter0_d_353_4479)\"><rect x=\"21.3229\" y=\"21.3229\" width=\"182.562\" height=\"124.354\" rx=\"14.5521\" fill=\"white\" stroke=\"#D9D9D9\" stroke-width=\"2.64583\"><\/rect><path fill-rule=\"evenodd\" clip-rule=\"evenodd\" d=\"M113.927 110.789C107.622 116.23 99.4425 119.515 90.5049 119.515C70.5624 119.515 54.3958 103.161 54.3958 82.9865C54.3958 62.8125 70.5624 46.4583 90.5049 46.4583C99.4425 46.4583 107.622 49.7431 113.927 55.1844C120.232 49.7431 128.412 46.4583 137.349 46.4583C157.292 46.4583 173.458 62.8126 173.458 82.9866C173.458 103.161 157.292 119.515 137.349 119.515C128.412 119.515 120.232 116.23 113.927 110.789Z\" fill=\"#ED0006\"><\/path><path fill-rule=\"evenodd\" clip-rule=\"evenodd\" d=\"M113.927 110.789C121.691 104.089 126.614 94.1193 126.614 82.9865C126.614 71.8538 121.691 61.8843 113.927 55.1843C120.232 49.743 128.412 46.4583 137.349 46.4583C157.292 46.4583 173.458 62.8125 173.458 82.9865C173.458 103.161 157.292 119.515 137.349 119.515C128.412 119.515 120.232 116.23 113.927 110.789Z\" fill=\"#F9A000\"><\/path><path fill-rule=\"evenodd\" clip-rule=\"evenodd\" d=\"M113.927 110.789C121.691 104.089 126.614 94.1193 126.614 82.9866C126.614 71.854 121.691 61.8845 113.927 55.1846C106.163 61.8845 101.24 71.854 101.24 82.9866C101.24 94.1193 106.163 104.089 113.927 110.789Z\" fill=\"#FF5E00\"><\/path><\/g><defs><filter id=\"filter0_d_353_4479\" x=\"0\" y=\"0\" width=\"225.208\" height=\"167\" filterunits=\"userSpaceOnUse\" color-interpolation-filters=\"sRGB\"><feflood flood-opacity=\"0\" result=\"BackgroundImageFix\"><\/feflood><fecolormatrix in=\"SourceAlpha\" type=\"matrix\" values=\"0 0 0 0 0 0 0 0 0 0 0 0 0 0 0 0 0 0 127 0\" result=\"hardAlpha\"><\/fecolormatrix><feoffset><\/feoffset><fegaussianblur stddeviation=\"10\"><\/fegaussianblur><fecomposite in2=\"hardAlpha\" operator=\"out\"><\/fecomposite><fecolormatrix type=\"matrix\" values=\"0 0 0 0 0 0 0 0 0 0 0 0 0 0 0 0 0 0 0.07 0\"><\/fecolormatrix><feblend mode=\"normal\" in2=\"BackgroundImageFix\" result=\"effect1_dropShadow_353_4479\"><\/feblend><feblend mode=\"normal\" in=\"SourceGraphic\" in2=\"effect1_dropShadow_353_4479\" result=\"shape\"><\/feblend><\/filter><\/defs><\/svg>",
            "mt": 0,
            "mb": 5
          }
        },
        "1012e638-6dbc-4f7d-8d1f-74689a11b8f3": {
          "type": "qty_breaks",
          "settings": {
            "style_packs": "",
            "title": "Achetez plus, Économisez plus !",
            "title_size": "h5",
            "metafield": "shopiweb.qty_breaks",
            "bg_color": "bg-primary text-white",
            "text_offer_all_blocks": "OFFRE bloc 1, OFFRE bloc 2, OFFRE bloc 3, OFFRE LAST !",
            "offer_color_all_blocks": "#ff4d45",
            "offer_color_last": "#198754",
            "enable_animation_last_block": true,
            "img_orientation": "square",
            "img_thumbnail": "img-thumbnail",
            "shadow_sp": "shadow-2",
            "mt": 4,
            "mb": 5
          }
        },
        "16019ab6-f8d7-43bf-b3d8-b80dd76021c3": {
          "type": "delivery_info",
          "disabled": true,
          "settings": {
            "icon": "<svg xmlns=\"http:\/\/www.w3.org\/2000\/svg\" width=\"24\" height=\"24\" fill=\"currentColor\" class=\"bi bi-truck\" viewbox=\"0 0 16 16\"><path d=\"M0 3.5A1.5 1.5 0 0 1 1.5 2h9A1.5 1.5 0 0 1 12 3.5V5h1.02a1.5 1.5 0 0 1 1.17.563l1.481 1.85a1.5 1.5 0 0 1 .329.938V10.5a1.5 1.5 0 0 1-1.5 1.5H14a2 2 0 1 1-4 0H5a2 2 0 1 1-3.998-.085A1.5 1.5 0 0 1 0 10.5v-7zm1.294 7.456A1.999 1.999 0 0 1 4.732 11h5.536a2.01 2.01 0 0 1 .732-.732V3.5a.5.5 0 0 0-.5-.5h-9a.5.5 0 0 0-.5.5v7a.5.5 0 0 0 .294.456zM12 10a2 2 0 0 1 1.732 1h.768a.5.5 0 0 0 .5-.5V8.35a.5.5 0 0 0-.11-.312l-1.48-1.85A.5.5 0 0 0 13.02 6H12v4zm-9 1a1 1 0 1 0 0 2 1 1 0 0 0 0-2zm9 0a1 1 0 1 0 0 2 1 1 0 0 0 0-2z\"><\/path><\/svg>",
            "title": "Informations sur la livraison",
            "title_size": "h5",
            "description": "<p><strong>France :<\/strong> 2 à 3 jours; <strong>International :<\/strong> 7 à 10 jours<\/p>",
            "enable_info_bubble": true,
            "info_bubble_text": "Votre texte d'info-bulle ici",
            "mt": 4,
            "mb": 4
          }
        },
        "5f3df5ea-5dc1-4f72-adb1-1201d79072d6": {
          "type": "accordion",
          "settings": {
            "accordion_style": "accordion-custom",
            "open_first_item": false,
            "accordion_custom_bg": "#ffffff",
            "accordion_custom_title_color": "#212529",
            "accordion_custom_bg_plus": "#c99700",
            "accordion_custom_plus_color": "#ffffff",
            "accordion_custom_bg_actif": "#c99700",
            "accordion_custom_title_color_actif": "#ffffff",
            "accordion_custom_bg_plus_actif": "#ffffff",
            "accordion_custom_plus_color_actif": "#c99700",
            "title_1": "Rangée réductible 1",
            "description_1": "<p>Ajouter une description ou injecter un méta-champ<\/p>",
            "description_1_is_desc": true,
            "icon_1": "<svg xmlns=\"http:\/\/www.w3.org\/2000\/svg\" width=\"20\" height=\"20\" fill=\"currentColor\" class=\"bi bi-card-text\" viewbox=\"0 0 16 16\">\n                                  <path d=\"M14.5 3a.5.5 0 0 1 .5.5v9a.5.5 0 0 1-.5.5h-13a.5.5 0 0 1-.5-.5v-9a.5.5 0 0 1 .5-.5h13zm-13-1A1.5 1.5 0 0 0 0 3.5v9A1.5 1.5 0 0 0 1.5 14h13a1.5 1.5 0 0 0 1.5-1.5v-9A1.5 1.5 0 0 0 14.5 2h-13z\"><\/path>\n                                  <path d=\"M3 5.5a.5.5 0 0 1 .5-.5h9a.5.5 0 0 1 0 1h-9a.5.5 0 0 1-.5-.5zM3 8a.5.5 0 0 1 .5-.5h9a.5.5 0 0 1 0 1h-9A.5.5 0 0 1 3 8zm0 2.5a.5.5 0 0 1 .5-.5h6a.5.5 0 0 1 0 1h-6a.5.5 0 0 1-.5-.5z\"><\/path>\n                                <\/svg>",
            "title_2": "Rangée réductible 2",
            "description_2": "<p>Ajouter une description ou injecter un méta-champ<\/p>",
            "icon_2": "<svg xmlns=\"http:\/\/www.w3.org\/2000\/svg\" width=\"20\" height=\"20\" fill=\"currentColor\" class=\"bi bi-rocket-takeoff\" viewbox=\"0 0 16 16\">\n  <path d=\"M9.752 6.193c.599.6 1.73.437 2.528-.362.798-.799.96-1.932.362-2.531-.599-.6-1.73-.438-2.528.361-.798.8-.96 1.933-.362 2.532Z\"><\/path>\n  <path d=\"M15.811 3.312c-.363 1.534-1.334 3.626-3.64 6.218l-.24 2.408a2.56 2.56 0 0 1-.732 1.526L8.817 15.85a.51.51 0 0 1-.867-.434l.27-1.899c.04-.28-.013-.593-.131-.956a9.42 9.42 0 0 0-.249-.657l-.082-.202c-.815-.197-1.578-.662-2.191-1.277-.614-.615-1.079-1.379-1.275-2.195l-.203-.083a9.556 9.556 0 0 0-.655-.248c-.363-.119-.675-.172-.955-.132l-1.896.27A.51.51 0 0 1 .15 7.17l2.382-2.386c.41-.41.947-.67 1.524-.734h.006l2.4-.238C9.005 1.55 11.087.582 12.623.208c.89-.217 1.59-.232 2.08-.188.244.023.435.06.57.093.067.017.12.033.16.045.184.06.279.13.351.295l.029.073a3.475 3.475 0 0 1 .157.721c.055.485.051 1.178-.159 2.065Zm-4.828 7.475.04-.04-.107 1.081a1.536 1.536 0 0 1-.44.913l-1.298 1.3.054-.38c.072-.506-.034-.993-.172-1.418a8.548 8.548 0 0 0-.164-.45c.738-.065 1.462-.38 2.087-1.006ZM5.205 5c-.625.626-.94 1.351-1.004 2.09a8.497 8.497 0 0 0-.45-.164c-.424-.138-.91-.244-1.416-.172l-.38.054 1.3-1.3c.245-.246.566-.401.91-.44l1.08-.107-.04.039Zm9.406-3.961c-.38-.034-.967-.027-1.746.163-1.558.38-3.917 1.496-6.937 4.521-.62.62-.799 1.34-.687 2.051.107.676.483 1.362 1.048 1.928.564.565 1.25.941 1.924 1.049.71.112 1.429-.067 2.048-.688 3.079-3.083 4.192-5.444 4.556-6.987.183-.771.18-1.345.138-1.713a2.835 2.835 0 0 0-.045-.283 3.078 3.078 0 0 0-.3-.041Z\"><\/path>\n  <path d=\"M7.009 12.139a7.632 7.632 0 0 1-1.804-1.352A7.568 7.568 0 0 1 3.794 8.86c-1.102.992-1.965 5.054-1.839 5.18.125.126 3.936-.896 5.054-1.902Z\"><\/path>\n<\/svg>",
            "title_3": "Rangée réductible 3",
            "description_3": "<p>Ajouter une description ou injecter un méta-champ<\/p>",
            "icon_3": "",
            "title_4": "",
            "description_4": "",
            "icon_4": "",
            "title_5": "",
            "description_5": "",
            "icon_5": "",
            "title_6": "",
            "description_6": "",
            "icon_6": "",
            "mt": 4,
            "mb": 4
          }
        },
        "6013329c-a6f0-468d-b01b-b2faf3421650": {
          "type": "trust_badges",
          "settings": {
            "label": "Liste des badges de confiance",
            "max_width": "560",
            "col_size": "col-4",
            "color_trust": "#c99700",
            "icon_1": "<svg xmlns=\"http:\/\/www.w3.org\/2000\/svg\" width=\"24\" height=\"24\" fill=\"currentColor\" class=\"bi bi-trophy\" viewbox=\"0 0 16 16\">\n  <path d=\"M2.5.5A.5.5 0 0 1 3 0h10a.5.5 0 0 1 .5.5c0 .538-.012 1.05-.034 1.536a3 3 0 1 1-1.133 5.89c-.79 1.865-1.878 2.777-2.833 3.011v2.173l1.425.356c.194.048.377.135.537.255L13.3 15.1a.5.5 0 0 1-.3.9H3a.5.5 0 0 1-.3-.9l1.838-1.379c.16-.12.343-.207.537-.255L6.5 13.11v-2.173c-.955-.234-2.043-1.146-2.833-3.012a3 3 0 1 1-1.132-5.89A33.076 33.076 0 0 1 2.5.5zm.099 2.54a2 2 0 0 0 .72 3.935c-.333-1.05-.588-2.346-.72-3.935zm10.083 3.935a2 2 0 0 0 .72-3.935c-.133 1.59-.388 2.885-.72 3.935zM3.504 1c.007.517.026 1.006.056 1.469.13 2.028.457 3.546.87 4.667C5.294 9.48 6.484 10 7 10a.5.5 0 0 1 .5.5v2.61a1 1 0 0 1-.757.97l-1.426.356a.5.5 0 0 0-.179.085L4.5 15h7l-.638-.479a.501.501 0 0 0-.18-.085l-1.425-.356a1 1 0 0 1-.757-.97V10.5A.5.5 0 0 1 9 10c.516 0 1.706-.52 2.57-2.864.413-1.12.74-2.64.87-4.667.03-.463.049-.952.056-1.469H3.504z\"><\/path>\n<\/svg>",
            "text_1": "Aucun Compromis en Qualité",
            "icon_2": "<svg xmlns=\"http:\/\/www.w3.org\/2000\/svg\" width=\"24\" height=\"24\" fill=\"currentColor\" class=\"bi bi-arrow-through-heart\" viewbox=\"0 0 16 16\">\n  <path fill-rule=\"evenodd\" d=\"M2.854 15.854A.5.5 0 0 1 2 15.5V14H.5a.5.5 0 0 1-.354-.854l1.5-1.5A.5.5 0 0 1 2 11.5h1.793l.53-.53c-.771-.802-1.328-1.58-1.704-2.32-.798-1.575-.775-2.996-.213-4.092C3.426 2.565 6.18 1.809 8 3.233c1.25-.98 2.944-.928 4.212-.152L13.292 2 12.147.854A.5.5 0 0 1 12.5 0h3a.5.5 0 0 1 .5.5v3a.5.5 0 0 1-.854.354L14 2.707l-1.006 1.006c.236.248.44.531.6.845.562 1.096.585 2.517-.213 4.092-.793 1.563-2.395 3.288-5.105 5.08L8 13.912l-.276-.182a21.86 21.86 0 0 1-2.685-2.062l-.539.54V14a.5.5 0 0 1-.146.354l-1.5 1.5Zm2.893-4.894A20.419 20.419 0 0 0 8 12.71c2.456-1.666 3.827-3.207 4.489-4.512.679-1.34.607-2.42.215-3.185-.817-1.595-3.087-2.054-4.346-.761L8 4.62l-.358-.368c-1.259-1.293-3.53-.834-4.346.761-.392.766-.464 1.845.215 3.185.323.636.815 1.33 1.519 2.065l1.866-1.867a.5.5 0 1 1 .708.708L5.747 10.96Z\"><\/path>\n<\/svg>",
            "text_2": "100% Satisfait Garantie",
            "icon_3": "<svg xmlns=\"http:\/\/www.w3.org\/2000\/svg\" width=\"24\" height=\"24\" fill=\"currentColor\" class=\"bi bi-truck\" viewbox=\"0 0 16 16\">\n  <path d=\"M0 3.5A1.5 1.5 0 0 1 1.5 2h9A1.5 1.5 0 0 1 12 3.5V5h1.02a1.5 1.5 0 0 1 1.17.563l1.481 1.85a1.5 1.5 0 0 1 .329.938V10.5a1.5 1.5 0 0 1-1.5 1.5H14a2 2 0 1 1-4 0H5a2 2 0 1 1-3.998-.085A1.5 1.5 0 0 1 0 10.5v-7zm1.294 7.456A1.999 1.999 0 0 1 4.732 11h5.536a2.01 2.01 0 0 1 .732-.732V3.5a.5.5 0 0 0-.5-.5h-9a.5.5 0 0 0-.5.5v7a.5.5 0 0 0 .294.456zM12 10a2 2 0 0 1 1.732 1h.768a.5.5 0 0 0 .5-.5V8.35a.5.5 0 0 0-.11-.312l-1.48-1.85A.5.5 0 0 0 13.02 6H12v4zm-9 1a1 1 0 1 0 0 2 1 1 0 0 0 0-2zm9 0a1 1 0 1 0 0 2 1 1 0 0 0 0-2z\"><\/path>\n<\/svg>",
            "text_3": "Livraison Gratuite Dès 100€",
            "icon_4": "",
            "text_4": "",
            "mt": 3,
            "mb": 3
          }
        },
        "80c062a7-68a5-496f-863b-0e29edaca020": {
          "type": "liquid_code",
          "disabled": true,
          "settings": {
            "liquid": "<p class=\"bg-white rounded border p-4\">Date du jour : <b>{{ 'now' | date: \"%d %b, %Y\" }}<\/b><\/p>",
            "mt": 3,
            "mb": 3
          }
        },
        "43c57617-0577-4ae8-90c2-eb4226c836c5": {
          "type": "testimonials",
          "settings": {
            "bg_color": "bg-body text-body",
            "bg_gradient": true,
            "img_thumbnail": "img-thumbnail",
            "shadow_sp": "shadow-1",
            "show_stars": true,
            "star_style": "shopitrust",
            "testi_star_color": "#ffb81c",
            "testi_star_off": "#e5e4e2",
            "pagination_color": "#c99700",
            "img_author": "shopify:\/\/shop_images\/images.jpg",
            "text_author": "- John Doe",
            "show_verified": "show_avis_verified",
            "stars_rating": 3.5,
            "description": "<p>Partagez ici les avis qui reflètent l'expérience positive de vos clients pour inspirer confiance chez les visiteurs de votre boutique.<\/p>",
            "img_author_1": "shopify:\/\/shop_images\/acteur-est-homme-barbe-moustache_931576-37400.jpg",
            "text_author_1": "- John Doe",
            "show_verified_1": "show_avis_verified",
            "stars_rating_1": 2,
            "description_1": "<p>Partagez ici les avis qui reflètent l'expérience positive de vos clients pour inspirer confiance chez les visiteurs de votre boutique.<\/p>",
            "img_author_2": "shopify:\/\/shop_images\/1683094512111.jpg",
            "text_author_2": "- John Doe",
            "show_verified_2": "show_avis_verified",
            "stars_rating_2": 1.5,
            "description_2": "<p>Partagez ici les avis qui reflètent l'expérience positive de vos clients pour inspirer confiance chez les visiteurs de votre boutique.<\/p>",
            "mt": 3,
            "mb": 3
          }
        },
        "fbdb557a-90da-432b-984d-26c8ef0ef590": {
          "type": "upsell_modal",
          "settings": {
            "modal_title": "ATTENTION, avant qu'il ne soit trop tard...",
            "metafield": "shopiweb.upsell",
            "limit": 2,
            "modal_footer_btn": "Poursuivre l'achat",
            "countdown_timer_pretext": "L'offre expire dans :",
            "countdown_timer": "2024-03-17 11h10am"
          }
        },
        "a747e853-cb68-44ec-8f9f-aeaf10c8596e": {
          "type": "prev_next",
          "settings": {
            "img_orientation": "square",
            "img_thumbnail": "img-thumbnail",
            "border_color": "border-primary",
            "shadow_sp": "shadow-4"
          }
        },
        "f706cec8-65d0-451f-a7e2-aab03ef5b5e0": {
          "type": "bought_together",
          "settings": {
            "title": "Fréquemment achetés ensemble",
            "title_size": "h5",
            "metafield": "shopiweb.upsell",
            "limit": 4,
            "img_orientation": "square",
            "img_thumbnail": "img-thumbnail",
            "border_color": "border-primary",
            "shadow_sp": "shadow-2",
            "mt": 3,
            "mb": 3
          }
        }
      },
      "block_order": [
        "542888d9-1583-49f9-bba6-768c6a3ed528",
        "766ca2e7-634d-4df1-b65f-3533a9107f92",
        "266da8f3-3508-4c02-be9a-deafde2a041b",
        "73d2164a-bdba-440f-87ec-cc1934cf7796",
        "rating_shopitrust_gVDWBR",
        "d25e8f09-c2bc-4fca-b63e-0d78d4ea22b2",
        "05bf51e1-14d3-4f74-a0f8-622bd68c45f9",
        "16557592-be28-4e6e-a6b5-40ad8a6c44df",
        "a916386f-7655-44af-b826-9ed305cd0130",
        "f32314ca-490c-4313-a829-60b0fe6206e6",
        "0b6f7b8f-f303-4fd6-872d-d25d3d66563b",
        "e9fb3059-be5f-40b8-8210-1236c3665d52",
        "f09d11ef-1a1b-4600-a8e3-ee7a9f72cb73",
        "3863b3d7-e5e5-4a99-bf67-4efaad751b31",
        "979d6791-ab75-42ce-bc2d-e85820e42980",
        "d4e85f20-6cf9-44bb-a7b4-1708388ddc21",
        "2417a53b-93e3-4a2d-99d3-89559c52dc0c",
        "purchase_options_djQE4X",
        "96e03782-002d-4873-8ae6-3a2d5199bfa6",
        "63acad5a-9780-4912-bd50-b63a4a10d2c8",
        "35caf382-aeb8-4602-a288-c29ec58e824f",
        "f114fdf9-80f5-4e4b-a791-80864a7ddd3c",
        "2ff3baf8-a6d9-4ff3-9d5b-f2bfd77dd640",
        "1012e638-6dbc-4f7d-8d1f-74689a11b8f3",
        "16019ab6-f8d7-43bf-b3d8-b80dd76021c3",
        "5f3df5ea-5dc1-4f72-adb1-1201d79072d6",
        "6013329c-a6f0-468d-b01b-b2faf3421650",
        "80c062a7-68a5-496f-863b-0e29edaca020",
        "43c57617-0577-4ae8-90c2-eb4226c836c5",
        "fbdb557a-90da-432b-984d-26c8ef0ef590",
        "a747e853-cb68-44ec-8f9f-aeaf10c8596e",
        "f706cec8-65d0-451f-a7e2-aab03ef5b5e0"
      ],
      "settings": {
        "product_content_show_bg_gradient": true,
        "product_content_bg_gradient": "linear-gradient(180deg, rgba(239, 239, 239, 1) 11%, rgba(255, 255, 255, 1) 49%, rgba(239, 239, 239, 1) 87%)",
        "show_breadcrumbs": true,
        "breadcrumb_position": "top",
        "show_share_btn": true,
        "share_btn_position": "top",
        "first_to_variant": true,
        "gallery_img_orientation": "square",
        "gallery_img_thumbnail": "img-thumbnail",
        "gallery_mobile_full_width": false,
        "gallery_show_thumbnails_mobile": true,
        "gallery_enable_lightbox": true,
        "pt": 8,
        "pb": 10,
        "mt": 0,
        "mb": 0
      }
    },
    "811d6e94-e07a-463d-a074-9301ae0af566": {
      "type": "scrolling-text",
      "blocks": {
        "612ecde1-25c6-4f63-bb88-57977d7bb26c": {
          "type": "item",
          "settings": {
            "text": "Shopiweb",
            "text_transform": "text-capitalize",
            "scrolling_text_font_family": "headings-font-family",
            "text_style": "text-distant",
            "text_color": "#c99700",
            "stroke_color": "rgba(0,0,0,0)",
            "text_gradient": ""
          }
        },
        "cb53e754-cc2b-46e0-a173-60800030a9c5": {
          "type": "item",
          "settings": {
            "text": "Premium",
            "text_transform": "text-capitalize",
            "scrolling_text_font_family": "headings-font-family",
            "text_style": "text-distant",
            "text_color": "#c99700",
            "stroke_color": "rgba(0,0,0,0)",
            "text_gradient": ""
          }
        }
      },
      "block_order": [
        "612ecde1-25c6-4f63-bb88-57977d7bb26c",
        "cb53e754-cc2b-46e0-a173-60800030a9c5"
      ],
      "settings": {
        "bg_color": "bg-light text-body",
        "bg_gradient": false,
        "font_size": "large",
        "list_label": "Caractéristiques promotionnelles",
        "animation_duration": 60,
        "scrolling_direction": "left",
        "gap": 6,
        "pt": 5,
        "pb": 8,
        "mt": 0,
        "mb": 0
      }
    },
    "16724093711e2e0ee2": {
      "type": "apps",
      "settings": {}
    },
    "2c476676-0361-4eae-a5b1-292b9b2e0bdc": {
      "type": "icon-blocks",
      "blocks": {
        "63fa0837-e78b-4f9a-87fe-1eb7e75483ae": {
          "type": "item",
          "settings": {
            "bg_color": "bg-light text-body",
            "bg_gradient": false,
            "border_color": "",
            "border_width": 0,
            "shadow_sp": "shadow-1",
            "text_align": "text-center",
            "icon": "",
            "image_width_custom": 50,
            "icon_position": "left",
            "title": "Titre de la colonne",
            "heading_tag": "h3",
            "title_size": "h5",
            "description": "<p>Associez du texte à une image pour mettre l'accent sur le produit, la collection ou l'article de blog de votre choix.<\/p>",
            "description_size": "fs-5",
            "btn_text": "En savoir plus",
            "btn_url": "",
            "btn_color": "btn-primary",
            "btn_size": "btn-md"
          }
        },
        "77b53fc8-6730-48b9-8c22-2e71fa1a2c06": {
          "type": "item",
          "settings": {
            "bg_color": "bg-light text-body",
            "bg_gradient": false,
            "border_color": "",
            "border_width": 0,
            "shadow_sp": "shadow-1",
            "text_align": "text-center",
            "icon": "",
            "image_width_custom": 50,
            "icon_position": "left",
            "title": "Titre de la colonne",
            "heading_tag": "h3",
            "title_size": "h5",
            "description": "<p>Associez du texte à une image pour mettre l'accent sur le produit, la collection ou l'article de blog de votre choix.<\/p>",
            "description_size": "fs-5",
            "btn_text": "En savoir plus",
            "btn_url": "",
            "btn_color": "btn-primary",
            "btn_size": "btn-md"
          }
        },
        "05cc87e7-69f8-4cf3-b308-f36ae4b74a5f": {
          "type": "item",
          "settings": {
            "bg_color": "bg-light text-body",
            "bg_gradient": false,
            "border_color": "",
            "border_width": 0,
            "shadow_sp": "shadow-1",
            "text_align": "text-center",
            "icon": "",
            "image_width_custom": 50,
            "icon_position": "left",
            "title": "Titre de la colonne",
            "heading_tag": "h3",
            "title_size": "h5",
            "description": "<p>Associez du texte à une image pour mettre l'accent sur le produit, la collection ou l'article de blog de votre choix.<\/p>",
            "description_size": "fs-5",
            "btn_text": "En savoir plus",
            "btn_url": "",
            "btn_color": "btn-primary",
            "btn_size": "btn-md"
          }
        }
      },
      "block_order": [
        "63fa0837-e78b-4f9a-87fe-1eb7e75483ae",
        "77b53fc8-6730-48b9-8c22-2e71fa1a2c06",
        "05cc87e7-69f8-4cf3-b308-f36ae4b74a5f"
      ],
      "settings": {
        "bg_color": "",
        "bg_gradient": false,
        "container": "container",
        "max_width": "",
        "text_align": "text-center",
        "brand_image_size": "60",
        "subtitle": "",
        "subtitle_size": "fs-5",
        "color_caption": "#6c757d",
        "title_overlay": "",
        "title_overlay_size": "3",
        "color_title_overlay": "#000000",
        "title": "Multicolonne Icônes",
        "heading_tag": "h2",
        "title_size": "h2",
        "description": "<p>Ajouter une description facultative à cette section<\/p>",
        "description_size": "fs-5",
        "btn_text": "",
        "btn_url": "",
        "btn_color": "btn-primary",
        "btn_size": "btn-md",
        "animation": "animate__zoomIn",
        "animation_speed": "animate__fast",
        "breakpoint_xs_scroll": true,
        "breakpoint_xs": 1,
        "breakpoint_sm": 1,
        "breakpoint_md": 2,
        "breakpoint_lg": 2,
        "breakpoint_xl": 3,
        "breakpoint_xxl": 3,
        "pt": 13,
        "pb": 13,
        "mt": 0,
        "mb": 0
      }
    },
    "e7820100-2716-48b4-9b96-7a27d398d648": {
      "type": "custom-border",
      "settings": {
        "divider_option": "wave_custom",
        "full_width": false,
        "width_border": 5,
        "opacity": 0.5,
        "color_border": "#000000",
        "wave_custom": "8",
        "color_border_fond_svg": "#ffffff",
        "color_border_svg": "#efefef",
        "wave_fixe_height_desktop": 8,
        "wave_fixe_height_mobile": 4,
        "wave_animated": "1",
        "waves_position": "sp-waves-top",
        "color_border_svg_animated": "#000000",
        "blend_wave": false,
        "color_border_fond_svg_animated": "#ffffff",
        "blend_opacity": 1,
        "animation_speed": 12,
        "wave_height_desktop": 8,
        "wave_height_mobile": 4,
        "svg_border_top": "",
        "svg_border_bottom": "",
        "mt": 0,
        "mb": 0
      }
    },
    "multi_image_with_text_qYpyJ9": {
      "type": "multi-image-with-text",
      "blocks": {
        "item_fKkqGV": {
          "type": "item",
          "settings": {
            "img": "shopify:\/\/shop_images\/253993428_1236304270222603_5169468223220188757_n.jpg",
            "img_width": "600",
            "img_height": "800",
            "img_thumbnail": "img-thumbnail",
            "border_color": "",
            "border_width": 1,
            "shadow_sp": "shadow-1"
          }
        },
        "item_UDFAtM": {
          "type": "item",
          "settings": {
            "img": "shopify:\/\/shop_images\/Navy_Airpod_Pro_Case_6_1024x1024_605d45b5-4e47-4ec9-8218-08fe847fe1a0.jpg",
            "img_width": "600",
            "img_height": "600",
            "img_thumbnail": "img-thumbnail",
            "border_color": "",
            "border_width": 1,
            "shadow_sp": "shadow-1"
          }
        },
        "item_jAWtr8": {
          "type": "item",
          "settings": {
            "img": "shopify:\/\/shop_images\/Navy_Airpod_Pro_Case_4_1024x1024_4d5e9eb7-d4d3-4397-bde4-dd632cf00f01.jpg",
            "img_width": "600",
            "img_height": "600",
            "img_thumbnail": "img-thumbnail",
            "border_color": "",
            "border_width": 1,
            "shadow_sp": "shadow-1"
          }
        },
        "item_bGNgtM": {
          "type": "item",
          "settings": {
            "img": "shopify:\/\/shop_images\/Navy_Airpod_Pro_Case_2_1024x1024_e0949958-c4b5-4149-a5a6-432f67c9ac91.jpg",
            "img_width": "600",
            "img_height": "600",
            "img_thumbnail": "img-thumbnail",
            "border_color": "",
            "border_width": 1,
            "shadow_sp": "shadow-1"
          }
        },
        "item_iYq9GU": {
          "type": "item",
          "settings": {
            "img": "shopify:\/\/shop_images\/Navy_Airpod_Pro_Case_1024x1024_1024x1024_46a1e7dd-75b2-4047-b2a1-9beb7b571c69.jpg",
            "img_width": "600",
            "img_height": "600",
            "img_thumbnail": "img-thumbnail",
            "border_color": "",
            "border_width": 1,
            "shadow_sp": "shadow-1"
          }
        }
      },
      "block_order": [
        "item_fKkqGV",
        "item_UDFAtM",
        "item_jAWtr8",
        "item_bGNgtM",
        "item_iYq9GU"
      ],
      "settings": {
        "background_img_opacity": 0.7,
        "background_img_blur": 0,
        "bg_color": "bg-light text-body",
        "bg_gradient": false,
        "container": "container",
        "max_width": "",
        "desktop_image_width": "medium",
        "media_align": "flex-row",
        "text_align_mobile": "text-center",
        "text_align_desktop": "text-lg-start",
        "brand_image_size": "60",
        "subtitle": "Proposition de valeur unique",
        "subtitle_size": "fs-5",
        "color_caption": "#6c757d",
        "title": "Multi-Image avec texte",
        "heading_tag": "h2",
        "title_size": "h2",
        "description": "<p>Associez du texte à une image pour mettre l'accent sur le produit, la collection ou l'article de blog de votre choix. Ajoutez des détails sur la disponibilité, le style, ou donnez même un avis.<\/p>",
        "description_size": "fs-5",
        "readmore": false,
        "formread": 200,
        "readmore_color": "#ffffff",
        "text_voirplus": "Voir plus",
        "text_voirmoins": "Voir moins",
        "btn_text": "Titre du bouton",
        "btn_url": "#main",
        "btn_color": "btn-primary",
        "btn_size": "btn-md",
        "pt": 10,
        "pb": 10,
        "mt": 0,
        "mb": 0
      }
    },
    "91fe2db4-1fe4-4532-8d74-28805b21cd3b": {
      "type": "custom-border",
      "settings": {
        "divider_option": "wave_custom",
        "full_width": false,
        "width_border": 5,
        "opacity": 0.5,
        "color_border": "#000000",
        "wave_custom": "bas8",
        "color_border_fond_svg": "#ffffff",
        "color_border_svg": "#efefef",
        "wave_fixe_height_desktop": 8,
        "wave_fixe_height_mobile": 4,
        "wave_animated": "1",
        "waves_position": "sp-waves-top",
        "color_border_svg_animated": "#000000",
        "blend_wave": false,
        "color_border_fond_svg_animated": "#ffffff",
        "blend_opacity": 1,
        "animation_speed": 12,
        "wave_height_desktop": 8,
        "wave_height_mobile": 4,
        "svg_border_top": "",
        "svg_border_bottom": "",
        "mt": 0,
        "mb": 0
      }
    },
    "d167404f-6e0f-4b9a-9302-986b992f1537": {
      "type": "sticky-atc",
      "settings": {
        "bg_color": "bg-white text-body",
        "bg_gradient": false,
        "max_width": "600",
        "product_img_orientation": "square",
        "product_img_thumbnail": "img-thumbnail",
        "product_border_color": "border-primary",
        "product_shadow_sp": "shadow-1"
      }
    },
    "4e54ffff-99eb-4588-b0f2-f39b3895a40d": {
      "type": "faq",
      "blocks": {
        "template--16715093803229__4e54ffff-99eb-4588-b0f2-f39b3895a40d-16862384699599106a-0": {
          "type": "text",
          "settings": {
            "icon": "",
            "title": "Où expédiez-vous vos produits ?",
            "heading_tag": "h3",
            "description": "<p>Partagez des informations sur votre marque avec vos clients. Décrivez un produit, faites des annonces ou accueillez les clients dans votre magasin.<\/p>",
            "img_orientation": "landscape",
            "img_crop": "center",
            "img_thumbnail": "img-thumbnail",
            "border_color": "",
            "border_width": 1,
            "shadow_sp": "shadow-1",
            "img_align_desktop": "flex-lg-row"
          }
        },
        "template--16715093803229__4e54ffff-99eb-4588-b0f2-f39b3895a40d-16862384699599106a-1": {
          "type": "text",
          "settings": {
            "icon": "",
            "title": "Combien de temps faut-il pour recevoir ma commande ?",
            "heading_tag": "h3",
            "description": "<p>Partagez des informations sur votre marque avec vos clients. Décrivez un produit, faites des annonces ou accueillez les clients dans votre magasin.<\/p>",
            "img_orientation": "landscape",
            "img_crop": "center",
            "img_thumbnail": "img-thumbnail",
            "border_color": "",
            "border_width": 1,
            "shadow_sp": "shadow-1",
            "img_align_desktop": "flex-lg-row"
          }
        },
        "template--16715093803229__4e54ffff-99eb-4588-b0f2-f39b3895a40d-16862384699599106a-2": {
          "type": "text",
          "settings": {
            "icon": "",
            "title": "Quels sont les modes de paiement acceptés ?",
            "heading_tag": "h3",
            "description": "<p>Partagez des informations sur votre marque avec vos clients. Décrivez un produit, faites des annonces ou accueillez les clients dans votre magasin.<\/p>",
            "img_orientation": "landscape",
            "img_crop": "center",
            "img_thumbnail": "img-thumbnail",
            "border_color": "",
            "border_width": 1,
            "shadow_sp": "shadow-1",
            "img_align_desktop": "flex-lg-row"
          }
        },
        "template--16715093803229__4e54ffff-99eb-4588-b0f2-f39b3895a40d-16862384699599106a-3": {
          "type": "text",
          "settings": {
            "icon": "",
            "title": "Comment suivre ma commande ?",
            "heading_tag": "h3",
            "description": "<p>Partagez des informations sur votre marque avec vos clients. Décrivez un produit, faites des annonces ou accueillez les clients dans votre magasin.<\/p>",
            "img_orientation": "landscape",
            "img_crop": "center",
            "img_thumbnail": "img-thumbnail",
            "border_color": "",
            "border_width": 1,
            "shadow_sp": "shadow-1",
            "img_align_desktop": "flex-lg-row"
          }
        },
        "template--16715093803229__4e54ffff-99eb-4588-b0f2-f39b3895a40d-16862384699599106a-4": {
          "type": "text",
          "settings": {
            "icon": "",
            "title": "Puis-je faire un cadeau à quelqu'un d'autre ?",
            "heading_tag": "h3",
            "description": "<p>Partagez des informations sur votre marque avec vos clients. Décrivez un produit, faites des annonces ou accueillez les clients dans votre magasin.<\/p>",
            "img_orientation": "landscape",
            "img_crop": "center",
            "img_thumbnail": "img-thumbnail",
            "border_color": "",
            "border_width": 1,
            "shadow_sp": "shadow-1",
            "img_align_desktop": "flex-lg-row"
          }
        },
        "template--16715093803229__4e54ffff-99eb-4588-b0f2-f39b3895a40d-16862384699599106a-5": {
          "type": "text",
          "settings": {
            "icon": "",
            "title": "Comment puis-je obtenir le remboursement de ma commande ?",
            "heading_tag": "h3",
            "description": "<p>Partagez des informations sur votre marque avec vos clients. Décrivez un produit, faites des annonces ou accueillez les clients dans votre magasin.<\/p>",
            "img_orientation": "landscape",
            "img_crop": "center",
            "img_thumbnail": "img-thumbnail",
            "border_color": "",
            "border_width": 1,
            "shadow_sp": "shadow-1",
            "img_align_desktop": "flex-lg-row"
          }
        }
      },
      "block_order": [
        "template--16715093803229__4e54ffff-99eb-4588-b0f2-f39b3895a40d-16862384699599106a-0",
        "template--16715093803229__4e54ffff-99eb-4588-b0f2-f39b3895a40d-16862384699599106a-1",
        "template--16715093803229__4e54ffff-99eb-4588-b0f2-f39b3895a40d-16862384699599106a-2",
        "template--16715093803229__4e54ffff-99eb-4588-b0f2-f39b3895a40d-16862384699599106a-3",
        "template--16715093803229__4e54ffff-99eb-4588-b0f2-f39b3895a40d-16862384699599106a-4",
        "template--16715093803229__4e54ffff-99eb-4588-b0f2-f39b3895a40d-16862384699599106a-5"
      ],
      "settings": {
        "background_img_opacity": 0.7,
        "background_img_blur": 0,
        "bg_color": "",
        "bg_gradient": false,
        "max_width": "991",
        "accordion_style": "accordion-default",
        "show_expanded": true,
        "accordion_custom_bg": "#ffffff",
        "accordion_custom_title_color": "#212529",
        "accordion_custom_bg_plus": "#f56900",
        "accordion_custom_plus_color": "#ffffff",
        "accordion_custom_bg_actif": "#f56900",
        "accordion_custom_title_color_actif": "#ffffff",
        "accordion_custom_bg_plus_actif": "#ffffff",
        "accordion_custom_plus_color_actif": "#f56900",
        "img_thumbnail_faq": "img-thumbnail",
        "border_color_faq": "border-primary",
        "border_width_faq": 1,
        "shadow_sp_faq": "shadow-2",
        "text_align": "text-center",
        "brand_image_size": "60",
        "subtitle": "",
        "subtitle_size": "fs-5",
        "color_caption": "#6c757d",
        "title_overlay": "",
        "title_overlay_size": "3",
        "color_title_overlay": "#000000",
        "title": "F.A.Q",
        "heading_tag": "h2",
        "title_size": "h2",
        "description": "<p>Ajouter une description facultative à cette section<\/p>",
        "description_size": "fs-5",
        "img_orientation": "landscape",
        "img_crop": "center",
        "img_thumbnail": "img-thumbnail",
        "border_color": "border-primary",
        "border_width": 1,
        "shadow_sp": "shadow-2",
        "img_align_desktop": "flex-lg-row",
        "pt": 10,
        "pb": 13,
        "mt": 0,
        "mb": 0
      }
    },
    "5f5695e6-4e71-4a2b-9e1d-417a7e6513aa": {
      "type": "recommended-products",
      "settings": {
        "bg_color": "bg-light text-body",
        "container": "container",
        "text_align": "text-center",
        "brand_image_size": "60",
        "subtitle": "",
        "subtitle_size": "fs-5",
        "color_caption": "#6c757d",
        "title": "Ils pourraient aussi vous intéresser...",
        "heading_tag": "h2",
        "title_size": "h2",
        "description": "<p>Ajouter une description facultative à cette section<\/p>",
        "description_size": "fs-5",
        "intent": "related",
        "limit": 12,
        "product_card_style": "",
        "product_img_mode": "gallery",
        "product_img_orientation": "square",
        "product_img_thumbnail": "img-thumbnail",
        "product_border_color": "border-primary",
        "product_shadow_sp": "shadow-2",
        "product_show_sale_badge": true,
        "product_sale_badge_color": "bg-success text-white",
        "product_title_size": "h5",
        "product_title_truncate": "text-truncate",
        "product_show_vendor": true,
        "product_show_color_swatches": true,
        "product_show_atc_form": true,
        "product_form_show_inventory": true,
        "product_show_wishlist_btn": true,
        "carousel_arrows": true,
        "carousel_pagination": true,
        "carousel_easing": "cubic-bezier(.42,.65,.27,.99)",
        "carousel_speed": 400,
        "carousel_autoplay": false,
        "carousel_interval": 5,
        "carousel_per_move": "0",
        "carousel_rewind": true,
        "breakpoint_xs_partial": true,
        "breakpoint_xs": 1,
        "breakpoint_sm": 1,
        "breakpoint_md": 2,
        "breakpoint_lg": 3,
        "breakpoint_xl": 4,
        "breakpoint_xxl": 4,
        "pt": 13,
        "pb": 10,
        "mt": 0,
        "mb": 0
      }
    },
    "89221060-6c7f-4552-9374-cdc2ce7cf1ee": {
      "type": "recently-viewed",
      "settings": {
        "bg_color": "",
        "container": "container",
        "text_align": "text-center",
        "brand_image_size": "60",
        "subtitle": "",
        "subtitle_size": "fs-5",
        "color_caption": "#6c757d",
        "title": "Récemment Consultés",
        "heading_tag": "h2",
        "title_size": "h2",
        "description": "<p>Ajouter une description facultative à cette section<\/p>",
        "description_size": "fs-5",
        "limit": 12,
        "product_img_orientation": "square",
        "product_img_thumbnail": "img-thumbnail",
        "product_border_color": "border-primary",
        "product_shadow_sp": "shadow-1",
        "product_title_size": "h5",
        "product_title_truncate": "",
        "product_show_vendor": true,
        "product_show_atc_form": true,
        "product_show_wishlist_btn": true,
        "carousel_arrows": true,
        "carousel_pagination": true,
        "carousel_easing": "cubic-bezier(.42,.65,.27,.99)",
        "carousel_speed": 400,
        "carousel_autoplay": false,
        "carousel_interval": 5,
        "carousel_per_move": "0",
        "carousel_rewind": true,
        "breakpoint_xs": 1,
        "breakpoint_sm": 2,
        "breakpoint_md": 2,
        "breakpoint_lg": 3,
        "breakpoint_xl": 4,
        "breakpoint_xxl": 4,
        "pt": 13,
        "pb": 13,
        "mt": 0,
        "mb": 0
      }
    },
    "7221f54d-a0a5-4400-a3da-f54ad338bd93": {
      "type": "collage-dynamique",
      "blocks": {
        "9e060ef7-e904-4053-93f9-c8439d1d825c": {
          "type": "text",
          "settings": {
            "bg_color": "bg-white text-dark",
            "bg_gradient": false,
            "icon": "<svg xmlns=\"http:\/\/www.w3.org\/2000\/svg\" width=\"16\" height=\"16\" fill=\"currentColor\" class=\"bi bi-trophy-fill\" viewbox=\"0 0 16 16\">\n  <path d=\"M2.5.5A.5.5 0 0 1 3 0h10a.5.5 0 0 1 .5.5c0 .538-.012 1.05-.034 1.536a3 3 0 1 1-1.133 5.89c-.79 1.865-1.878 2.777-2.833 3.011v2.173l1.425.356c.194.048.377.135.537.255L13.3 15.1a.5.5 0 0 1-.3.9H3a.5.5 0 0 1-.3-.9l1.838-1.379c.16-.12.343-.207.537-.255L6.5 13.11v-2.173c-.955-.234-2.043-1.146-2.833-3.012a3 3 0 1 1-1.132-5.89A33.076 33.076 0 0 1 2.5.5m.099 2.54a2 2 0 0 0 .72 3.935c-.333-1.05-.588-2.346-.72-3.935zm10.083 3.935a2 2 0 0 0 .72-3.935c-.133 1.59-.388 2.885-.72 3.935\"><\/path>\n<\/svg>",
            "image_width_custom": 50,
            "icon_position": "top",
            "text_align": "text-center",
            "title": "Titre de la carte",
            "heading_tag": "h5",
            "title_size": "h3",
            "description": "<p>Associez du texte d'accompagnement pour mettre l'accent sur le produit, la collection ou l'article de blog de votre choix.<\/p>",
            "description_size": "fs-5",
            "btn_text": "Voir le produit",
            "btn_url": "",
            "btn_color": "btn-primary",
            "btn_size": "btn-md"
          }
        },
        "83878bce-979d-4163-b808-bcb99dfc54c7": {
          "type": "image",
          "settings": {
            "image": "shopify:\/\/shop_images\/acteur-est-homme-barbe-moustache_931576-37400.jpg",
            "image_link": ""
          }
        },
        "8941d846-79b4-428f-9294-33d5d3ce9522": {
          "type": "image_text",
          "settings": {
            "image": "shopify:\/\/shop_images\/253993428_1236304270222603_5169468223220188757_n.jpg",
            "title": "Titre de la carte",
            "heading_tag": "h5",
            "title_size": "h3",
            "description": "<p>Associez du texte d'accompagnement pour mettre l'accent sur le produit, la collection ou l'article de blog de votre choix.<\/p>",
            "description_size": "fs-5",
            "btn_text": "Voir le produit",
            "btn_url": "",
            "btn_color": "btn-primary",
            "btn_size": "btn-md"
          }
        },
        "3cf96249-4f26-4719-8e43-c37fad7939ca": {
          "type": "collection",
          "settings": {
            "collection": "constructeur-doffres-groupees-bundle",
            "title": "Shopiweb Premium",
            "heading_tag": "h5",
            "title_size": "h4"
          }
        },
        "fdf88359-9ecc-4738-9928-f09c655328c1": {
          "type": "product",
          "settings": {
            "product": "etuis-airpods-pro",
            "product_show_sale_badge": true,
            "product_sale_badge_color": "bg-success text-white",
            "heading_tag": "h3",
            "product_title_size": "h3",
            "product_title_truncate": "",
            "product_show_vendor": true,
            "btn_text": "Voir le produit",
            "btn_url": "",
            "btn_color": "btn-primary",
            "btn_size": "btn-md"
          }
        },
        "6b4e3848-d6c6-45e1-98e4-8308def2c0f1": {
          "type": "text",
          "settings": {
            "bg_color": "bg-dark text-white",
            "bg_gradient": true,
            "icon": "<svg xmlns=\"http:\/\/www.w3.org\/2000\/svg\" width=\"16\" height=\"16\" fill=\"currentColor\" class=\"bi bi-trophy-fill\" viewbox=\"0 0 16 16\">\n  <path d=\"M2.5.5A.5.5 0 0 1 3 0h10a.5.5 0 0 1 .5.5c0 .538-.012 1.05-.034 1.536a3 3 0 1 1-1.133 5.89c-.79 1.865-1.878 2.777-2.833 3.011v2.173l1.425.356c.194.048.377.135.537.255L13.3 15.1a.5.5 0 0 1-.3.9H3a.5.5 0 0 1-.3-.9l1.838-1.379c.16-.12.343-.207.537-.255L6.5 13.11v-2.173c-.955-.234-2.043-1.146-2.833-3.012a3 3 0 1 1-1.132-5.89A33.076 33.076 0 0 1 2.5.5m.099 2.54a2 2 0 0 0 .72 3.935c-.333-1.05-.588-2.346-.72-3.935zm10.083 3.935a2 2 0 0 0 .72-3.935c-.133 1.59-.388 2.885-.72 3.935\"><\/path>\n<\/svg>",
            "image_width_custom": 50,
            "icon_position": "left",
            "text_align": "text-start",
            "title": "Titre de la carte",
            "heading_tag": "h5",
            "title_size": "h3",
            "description": "<p>Associez du texte d'accompagnement pour mettre l'accent sur le produit, la collection ou l'article de blog de votre choix.<\/p>",
            "description_size": "fs-5",
            "btn_text": "Voir le produit",
            "btn_url": "",
            "btn_color": "btn-primary",
            "btn_size": "btn-md"
          }
        },
        "d1558384-a02a-498a-b5a9-5d82d0fd72f0": {
          "type": "accordion",
          "settings": {
            "open_first_item": true,
            "title_1": "Rangée réductible 1",
            "description_1": "<p>L'Etui AirPods Pro Navy est un étui de protection élégant conçu pour protéger vos AirPods Pro contre les égratignures et la poussière. Utilisez-le pour garder vos AirPods Pro à la mode et en bon état, tout en bénéficiant d'un design durable à 100 %.<\/p>",
            "icon_1": "<svg xmlns=\"http:\/\/www.w3.org\/2000\/svg\" width=\"16\" height=\"16\" fill=\"currentColor\" class=\"bi bi-1-square-fill\" viewbox=\"0 0 16 16\">\n  <path d=\"M2 0a2 2 0 0 0-2 2v12a2 2 0 0 0 2 2h12a2 2 0 0 0 2-2V2a2 2 0 0 0-2-2zm7.283 4.002V12H7.971V5.338h-.065L6.072 6.656V5.385l1.899-1.383z\"><\/path>\n<\/svg>",
            "title_2": "Rangée réductible 2",
            "description_2": "<p>L'Etui AirPods Pro Navy est un étui de protection élégant conçu pour protéger vos AirPods Pro contre les égratignures et la poussière. Utilisez-le pour garder vos AirPods Pro à la mode et en bon état, tout en bénéficiant d'un design durable à 100 %.<\/p>",
            "icon_2": "<svg xmlns=\"http:\/\/www.w3.org\/2000\/svg\" width=\"16\" height=\"16\" fill=\"currentColor\" class=\"bi bi-2-square-fill\" viewbox=\"0 0 16 16\">\n  <path d=\"M2 0a2 2 0 0 0-2 2v12a2 2 0 0 0 2 2h12a2 2 0 0 0 2-2V2a2 2 0 0 0-2-2zm4.646 6.24v.07H5.375v-.064c0-1.213.879-2.402 2.637-2.402 1.582 0 2.613.949 2.613 2.215 0 1.002-.6 1.667-1.287 2.43l-.096.107-1.974 2.22v.077h3.498V12H5.422v-.832l2.97-3.293c.434-.475.903-1.008.903-1.705 0-.744-.557-1.236-1.313-1.236-.843 0-1.336.615-1.336 1.306\"><\/path>\n<\/svg>",
            "title_3": "Rangée réductible 3",
            "description_3": "<p>Item 3 description<\/p>",
            "icon_3": "<svg xmlns=\"http:\/\/www.w3.org\/2000\/svg\" width=\"16\" height=\"16\" fill=\"currentColor\" class=\"bi bi-3-square-fill\" viewbox=\"0 0 16 16\">\n  <path d=\"M2 0a2 2 0 0 0-2 2v12a2 2 0 0 0 2 2h12a2 2 0 0 0 2-2V2a2 2 0 0 0-2-2zm5.918 8.414h-.879V7.342h.838c.78 0 1.348-.522 1.342-1.237 0-.709-.563-1.195-1.348-1.195-.79 0-1.312.498-1.348 1.055H5.275c.036-1.137.95-2.115 2.625-2.121 1.594-.012 2.608.885 2.637 2.062.023 1.137-.885 1.776-1.482 1.875v.07c.703.07 1.71.64 1.734 1.917.024 1.459-1.277 2.396-2.93 2.396-1.705 0-2.707-.967-2.754-2.144H6.33c.059.597.68 1.06 1.541 1.066.973.006 1.6-.563 1.588-1.354-.006-.779-.621-1.318-1.541-1.318\"><\/path>\n<\/svg>",
            "title_4": "Rangée réductible 4",
            "description_4": "<p>Item 4 description<\/p>",
            "icon_4": "<svg xmlns=\"http:\/\/www.w3.org\/2000\/svg\" width=\"16\" height=\"16\" fill=\"currentColor\" class=\"bi bi-4-square-fill\" viewbox=\"0 0 16 16\">\n  <path d=\"M6.225 9.281v.053H8.85V5.063h-.065c-.867 1.33-1.787 2.806-2.56 4.218\"><\/path>\n  <path d=\"M2 0a2 2 0 0 0-2 2v12a2 2 0 0 0 2 2h12a2 2 0 0 0 2-2V2a2 2 0 0 0-2-2zm5.519 5.057q.33-.527.657-1.055h1.933v5.332h1.008v1.107H10.11V12H8.85v-1.559H4.978V9.322c.77-1.427 1.656-2.847 2.542-4.265Z\"><\/path>\n<\/svg>",
            "title_5": "Rangée réductible 4",
            "description_5": "<p>Item 5 description<\/p>",
            "icon_5": "<svg xmlns=\"http:\/\/www.w3.org\/2000\/svg\" width=\"16\" height=\"16\" fill=\"currentColor\" class=\"bi bi-5-square-fill\" viewbox=\"0 0 16 16\">\n  <path d=\"M2 0a2 2 0 0 0-2 2v12a2 2 0 0 0 2 2h12a2 2 0 0 0 2-2V2a2 2 0 0 0-2-2zm5.994 12.158c-1.57 0-2.654-.902-2.719-2.115h1.237c.14.72.832 1.031 1.529 1.031.791 0 1.57-.597 1.57-1.681 0-.967-.732-1.57-1.582-1.57-.767 0-1.242.45-1.435.808H5.445L5.791 4h4.705v1.103H6.875l-.193 2.343h.064c.17-.258.715-.68 1.611-.68 1.383 0 2.561.944 2.561 2.585 0 1.687-1.184 2.806-2.924 2.806Z\"><\/path>\n<\/svg>"
          }
        },
        "422b0b8b-cd91-462f-8785-db2e2fdc70b2": {
          "type": "contact_form",
          "settings": {
            "title": "Contact",
            "heading_tag": "h2",
            "title_size": "h3",
            "description": "<p>Un membre de notre équipe vous répondra sous 24 à 48 heures.<\/p>",
            "description_size": "fs-5",
            "btn_color": "btn-primary",
            "btn_size": "btn-md"
          }
        },
        "e7edea49-7d14-42fc-8513-4148dc5d44ea": {
          "type": "image",
          "settings": {
            "image": "shopify:\/\/shop_images\/257827730_428491602266022_539589943220254520_n.jpg",
            "image_link": ""
          }
        },
        "a9e9d329-3e3a-4c2e-9997-eb4ee9635b21": {
          "type": "text",
          "settings": {
            "bg_color": "bg-tertiary text-white",
            "bg_gradient": true,
            "icon": "",
            "image_width_custom": 50,
            "icon_position": "left",
            "text_align": "text-center",
            "title": "Titre de la carte",
            "heading_tag": "h5",
            "title_size": "h3",
            "description": "<p>Associez du texte d'accompagnement pour mettre l'accent sur le produit, la collection ou l'article de blog de votre choix.<\/p>",
            "description_size": "fs-5",
            "btn_text": "Voir le produit",
            "btn_url": "",
            "btn_color": "btn-primary",
            "btn_size": "btn-md"
          }
        }
      },
      "block_order": [
        "9e060ef7-e904-4053-93f9-c8439d1d825c",
        "83878bce-979d-4163-b808-bcb99dfc54c7",
        "8941d846-79b4-428f-9294-33d5d3ce9522",
        "3cf96249-4f26-4719-8e43-c37fad7939ca",
        "fdf88359-9ecc-4738-9928-f09c655328c1",
        "6b4e3848-d6c6-45e1-98e4-8308def2c0f1",
        "d1558384-a02a-498a-b5a9-5d82d0fd72f0",
        "422b0b8b-cd91-462f-8785-db2e2fdc70b2",
        "e7edea49-7d14-42fc-8513-4148dc5d44ea",
        "a9e9d329-3e3a-4c2e-9997-eb4ee9635b21"
      ],
      "settings": {
        "background_img": "shopify:\/\/shop_images\/bg_painting.svg",
        "background_img_opacity": 0,
        "background_img_blur": 0,
        "bg_color": "bg-body text-body",
        "bg_gradient": false,
        "container": "container",
        "column_layout": "col-sm-6 col-lg-4",
        "max_width": "991",
        "text_align": "text-center",
        "subtitle_img": "shopify:\/\/shop_images\/scrolled-banner-allcat_d2d6fc30-0542-4794-b366-db5ef37ebde2.svg",
        "brand_image_size": "60",
        "subtitle": "Proposition de valeur unique",
        "subtitle_size": "fs-5",
        "color_caption": "#6c757d",
        "title_overlay": "",
        "title_overlay_size": "3",
        "color_title_overlay": "#000000",
        "title": "Collage Dynamique",
        "heading_tag": "h2",
        "title_size": "h2",
        "description": "<p>Ajouter une description facultative à cette section<\/p>",
        "description_size": "fs-5",
        "border_color": "border-primary",
        "border_width": 1,
        "shadow_sp": "shadow-2",
        "animation": "animate__zoomIn",
        "animation_speed": "animate__fast",
        "pt": 12,
        "pb": 12,
        "mt": 0,
        "mb": 0
      }
    },
    "9616e042-d7ad-4d91-b232-11c17ce6bccd": {
      "type": "comparaison-table",
      "blocks": {
        "88f5db0e-84b7-4072-bc4c-cdb8854dfb8b": {
          "type": "header",
          "settings": {
            "cell_1": "#",
            "cell_2": "Notre produit",
            "cell_2_img": "shopify:\/\/shop_images\/Sans_titre.png",
            "cell_3": "Concurrent 1",
            "cell_4": "Concurrent 2",
            "cell_5": "Concurrent 3",
            "cell_6": "Concurrent 4",
            "cell_7": "Concurrent 5"
          }
        },
        "4c479897-805a-477a-be52-6ea871f7d3a3": {
          "type": "item",
          "settings": {
            "title": "Nom de l'élément",
            "cell_2_display": "icon",
            "cell_2": true,
            "cell_2_text": "Texte 2",
            "cell_3_display": "icon",
            "cell_3": false,
            "cell_3_text": "Texte 3",
            "cell_4_display": "icon",
            "cell_4": false,
            "cell_4_text": "Texte 4",
            "cell_5_display": "icon",
            "cell_5": false,
            "cell_5_text": "Texte 5",
            "cell_6_display": "icon",
            "cell_6": false,
            "cell_6_text": "Texte 6",
            "cell_7_display": "icon",
            "cell_7": false,
            "cell_7_text": "Texte 7"
          }
        },
        "9ec74b75-63f4-43a9-aa81-375c8ce9e691": {
          "type": "item",
          "settings": {
            "title": "Nom de l'élément",
            "cell_2_display": "icon",
            "cell_2": true,
            "cell_2_text": "Texte 2",
            "cell_3_display": "icon",
            "cell_3": false,
            "cell_3_text": "Texte 3",
            "cell_4_display": "icon",
            "cell_4": false,
            "cell_4_text": "Texte 4",
            "cell_5_display": "icon",
            "cell_5": false,
            "cell_5_text": "Texte 5",
            "cell_6_display": "icon",
            "cell_6": false,
            "cell_6_text": "Texte 6",
            "cell_7_display": "icon",
            "cell_7": false,
            "cell_7_text": "Texte 7"
          }
        },
        "92900a43-3c86-4433-a20e-b5a63fa6e270": {
          "type": "item",
          "settings": {
            "title": "Nom de l'élément",
            "cell_2_display": "icon",
            "cell_2": true,
            "cell_2_text": "Texte 2",
            "cell_3_display": "icon",
            "cell_3": false,
            "cell_3_text": "Texte 3",
            "cell_4_display": "icon",
            "cell_4": false,
            "cell_4_text": "Texte 4",
            "cell_5_display": "icon",
            "cell_5": false,
            "cell_5_text": "Texte 5",
            "cell_6_display": "icon",
            "cell_6": false,
            "cell_6_text": "Texte 6",
            "cell_7_display": "icon",
            "cell_7": false,
            "cell_7_text": "Texte 7"
          }
        },
        "dbc25699-20d1-4bea-a166-2b00b0d728ff": {
          "type": "footer",
          "settings": {
            "fcell_1": "#",
            "fcell_2": "Notre résultat",
            "fcell_3": "Résultat 1",
            "fcell_4": "Résultat 2",
            "fcell_5": "Résultat 3",
            "fcell_6": "Résultat 4",
            "fcell_7": "Résultat 5"
          }
        }
      },
      "block_order": [
        "88f5db0e-84b7-4072-bc4c-cdb8854dfb8b",
        "4c479897-805a-477a-be52-6ea871f7d3a3",
        "9ec74b75-63f4-43a9-aa81-375c8ce9e691",
        "92900a43-3c86-4433-a20e-b5a63fa6e270",
        "dbc25699-20d1-4bea-a166-2b00b0d728ff"
      ],
      "settings": {
        "bg_color": "bg-tertiary text-white",
        "bg_gradient": true,
        "container": "container",
        "max_width": "1023",
        "text_align": "text-center",
        "subtitle_img": "shopify:\/\/shop_images\/scrolled-banner-allcat_d2d6fc30-0542-4794-b366-db5ef37ebde2.svg",
        "brand_image_size": "60",
        "subtitle": "Proposition de valeur unique",
        "subtitle_size": "fs-5",
        "color_caption": "#6c757d",
        "title_overlay": "",
        "title_overlay_size": "3",
        "color_title_overlay": "#000000",
        "title": "Tableau Comparatif",
        "heading_tag": "h2",
        "title_size": "h2",
        "description": "<p>Ajouter une description facultative à cette section<\/p>",
        "description_size": "fs-5",
        "img_thumbnail": "img-thumbnail",
        "border_color": "border-primary",
        "border_width": 1,
        "shadow_sp": "shadow-3",
        "table_bordered": false,
        "table_border_color": "",
        "table_thead_color": "table-dark",
        "table_tfoot_color": "table-light",
        "table_second_col_color": "text-primary",
        "table_second_bg_color": "bg-tertiary",
        "table_striped": false,
        "pt": 13,
        "pb": 13,
        "mt": 0,
        "mb": 0
      }
    }
  },
  "order": [
    "template-product",
    "811d6e94-e07a-463d-a074-9301ae0af566",
    "16724093711e2e0ee2",
    "2c476676-0361-4eae-a5b1-292b9b2e0bdc",
    "e7820100-2716-48b4-9b96-7a27d398d648",
    "multi_image_with_text_qYpyJ9",
    "91fe2db4-1fe4-4532-8d74-28805b21cd3b",
    "d167404f-6e0f-4b9a-9302-986b992f1537",
    "4e54ffff-99eb-4588-b0f2-f39b3895a40d",
    "5f5695e6-4e71-4a2b-9e1d-417a7e6513aa",
    "89221060-6c7f-4552-9374-cdc2ce7cf1ee",
    "7221f54d-a0a5-4400-a3da-f54ad338bd93",
    "9616e042-d7ad-4d91-b232-11c17ce6bccd"
  ]
}
