{"sections":{"template-product":{"type":"template-product","blocks":{"73d2164a-bdba-440f-87ec-cc1934cf7796":{"type":"rating_natif","settings":{"stars_num":4.5,"avis_text":"AVIS CLIENT (5)","avis_url":"","star_align":"justify-content-start","starscolor":"#ffc107","starsoff":"#dedede","mt":3,"mb":3}},"766ca2e7-634d-4df1-b65f-3533a9107f92":{"type":"title","settings":{"title_next":"","heading_tag":"h2","title_size":"h2","show_custom_svg_h2":false,"text_align":"text-start","mt":3,"mb":3}},"05bf51e1-14d3-4f74-a0f8-622bd68c45f9":{"type":"price","settings":{"taxes_included":false,"mt":3,"mb":3}},"separator_4YWb36":{"type":"separator","settings":{"bbstyle":"solid","bbwidth":1,"bblength":10,"color_border":"#d9d9d9","opacity":0.5,"mt":3,"mb":3}},"2417a53b-93e3-4a2d-99d3-89559c52dc0c":{"type":"variant_selector","settings":{"mt":3,"mb":3}},"f114fdf9-80f5-4e4b-a791-80864a7ddd3c":{"type":"buy_buttons","settings":{"btn_color":"btn-primary","show_qty_field":true,"show_buy_btn":true,"show_dynamic_buttons":false,"mt":5,"mb":5}},"2ff3baf8-a6d9-4ff3-9d5b-f2bfd77dd640":{"type":"payment_icons","settings":{"payment_title":"PAIEMENT SÉCURISÉ","color":"#212529","show_lines":true,"payment_text":"","icon_size":50,"icon_size_mobile":50,"show_filter":false,"stripe":false,"amex":true,"apple_pay":true,"mastercard":false,"visa":true,"paypal":true,"google_pay":true,"discover":false,"amazon_pay":false,"bitcoin":false,"shop_pay":false,"klarna":false,"bancontact":false,"icon":"<svg width=\"226\" height=\"167\" viewbox=\"0 0 226 167\" fill=\"none\" xmlns=\"http:\/\/www.w3.org\/2000\/svg\"><g filter=\"url(#filter0_d_353_4479)\"><rect x=\"21.3229\" y=\"21.3229\" width=\"182.562\" height=\"124.354\" rx=\"14.5521\" fill=\"white\" stroke=\"#D9D9D9\" stroke-width=\"2.64583\"><\/rect><path fill-rule=\"evenodd\" clip-rule=\"evenodd\" d=\"M113.927 110.789C107.622 116.23 99.4425 119.515 90.5049 119.515C70.5624 119.515 54.3958 103.161 54.3958 82.9865C54.3958 62.8125 70.5624 46.4583 90.5049 46.4583C99.4425 46.4583 107.622 49.7431 113.927 55.1844C120.232 49.7431 128.412 46.4583 137.349 46.4583C157.292 46.4583 173.458 62.8126 173.458 82.9866C173.458 103.161 157.292 119.515 137.349 119.515C128.412 119.515 120.232 116.23 113.927 110.789Z\" fill=\"#ED0006\"><\/path><path fill-rule=\"evenodd\" clip-rule=\"evenodd\" d=\"M113.927 110.789C121.691 104.089 126.614 94.1193 126.614 82.9865C126.614 71.8538 121.691 61.8843 113.927 55.1843C120.232 49.743 128.412 46.4583 137.349 46.4583C157.292 46.4583 173.458 62.8125 173.458 82.9865C173.458 103.161 157.292 119.515 137.349 119.515C128.412 119.515 120.232 116.23 113.927 110.789Z\" fill=\"#F9A000\"><\/path><path fill-rule=\"evenodd\" clip-rule=\"evenodd\" d=\"M113.927 110.789C121.691 104.089 126.614 94.1193 126.614 82.9866C126.614 71.854 121.691 61.8845 113.927 55.1846C106.163 61.8845 101.24 71.854 101.24 82.9866C101.24 94.1193 106.163 104.089 113.927 110.789Z\" fill=\"#FF5E00\"><\/path><\/g><defs><filter id=\"filter0_d_353_4479\" x=\"0\" y=\"0\" width=\"225.208\" height=\"167\" filterunits=\"userSpaceOnUse\" color-interpolation-filters=\"sRGB\"><feflood flood-opacity=\"0\" result=\"BackgroundImageFix\"><\/feflood><fecolormatrix in=\"SourceAlpha\" type=\"matrix\" values=\"0 0 0 0 0 0 0 0 0 0 0 0 0 0 0 0 0 0 127 0\" result=\"hardAlpha\"><\/fecolormatrix><feoffset><\/feoffset><fegaussianblur stddeviation=\"10\"><\/fegaussianblur><fecomposite in2=\"hardAlpha\" operator=\"out\"><\/fecomposite><fecolormatrix type=\"matrix\" values=\"0 0 0 0 0 0 0 0 0 0 0 0 0 0 0 0 0 0 0.07 0\"><\/fecolormatrix><feblend mode=\"normal\" in2=\"BackgroundImageFix\" result=\"effect1_dropShadow_353_4479\"><\/feblend><feblend mode=\"normal\" in=\"SourceGraphic\" in2=\"effect1_dropShadow_353_4479\" result=\"shape\"><\/feblend><\/filter><\/defs><\/svg>","mt":0,"mb":5}},"f32314ca-490c-4313-a829-60b0fe6206e6":{"type":"estimated_delivery","settings":{"icon":"<svg xmlns=\"http:\/\/www.w3.org\/2000\/svg\" width=\"22\" height=\"22\" fill=\"currentColor\" class=\"bi bi-speedometer2\" viewbox=\"0 0 16 16\">\n  <path d=\"M8 4a.5.5 0 0 1 .5.5V6a.5.5 0 0 1-1 0V4.5A.5.5 0 0 1 8 4zM3.732 5.732a.5.5 0 0 1 .707 0l.915.914a.5.5 0 1 1-.708.708l-.914-.915a.5.5 0 0 1 0-.707zM2 10a.5.5 0 0 1 .5-.5h1.586a.5.5 0 0 1 0 1H2.5A.5.5 0 0 1 2 10zm9.5 0a.5.5 0 0 1 .5-.5h1.5a.5.5 0 0 1 0 1H12a.5.5 0 0 1-.5-.5zm.754-4.246a.389.389 0 0 0-.527-.02L7.547 9.31a.91.91 0 1 0 1.302 1.258l3.434-4.297a.389.389 0 0 0-.029-.518z\"><\/path>\n  <path fill-rule=\"evenodd\" d=\"M0 10a8 8 0 1 1 15.547 2.661c-.442 1.253-1.845 1.602-2.932 1.25C11.309 13.488 9.475 13 8 13c-1.474 0-3.31.488-4.615.911-1.087.352-2.49.003-2.932-1.25A7.988 7.988 0 0 1 0 10zm8-7a7 7 0 0 0-6.603 9.329c.203.575.923.876 1.68.63C4.397 12.533 6.358 12 8 12s3.604.532 4.923.96c.757.245 1.477-.056 1.68-.631A7 7 0 0 0 8 3z\"><\/path>\n<\/svg>","delivery_message":"Commandez maintenant pour recevoir votre colis entre le","language":"fr","delivery_start_days":5,"delivery_end_days":7,"color_estimation":"#0378a9","mt":3,"mb":3}},"5f3df5ea-5dc1-4f72-adb1-1201d79072d6":{"type":"accordion","settings":{"accordion_style":"accordion-custom","open_first_item":false,"accordion_custom_bg":"#ffffff","accordion_custom_title_color":"#212529","accordion_custom_bg_plus":"#0378a9","accordion_custom_plus_color":"#ffffff","accordion_custom_bg_actif":"#095e54","accordion_custom_title_color_actif":"#ffffff","accordion_custom_bg_plus_actif":"#ffffff","accordion_custom_plus_color_actif":"#095e54","title_1":"Imprimantes compatibles","description_1":"","description_1_is_desc":true,"icon_1":"<svg xmlns=\"http:\/\/www.w3.org\/2000\/svg\" width=\"16\" height=\"16\" fill=\"currentColor\" class=\"bi bi-printer-fill\" viewbox=\"0 0 16 16\">\n  <path d=\"M5 1a2 2 0 0 0-2 2v1h10V3a2 2 0 0 0-2-2zm6 8H5a1 1 0 0 0-1 1v3a1 1 0 0 0 1 1h6a1 1 0 0 0 1-1v-3a1 1 0 0 0-1-1\"><\/path>\n  <path d=\"M0 7a2 2 0 0 1 2-2h12a2 2 0 0 1 2 2v3a2 2 0 0 1-2 2h-1v-2a2 2 0 0 0-2-2H5a2 2 0 0 0-2 2v2H2a2 2 0 0 1-2-2zm2.5 1a.5.5 0 1 0 0-1 .5.5 0 0 0 0 1\"><\/path>\n<\/svg>","title_2":"Retour facile","description_2":"<p>Retour possible dans les 30 jours. Plus d'infos sur notre <a href=\"\/pages\/contact\" title=\"Contact page\">FAQ<\/a>.<\/p>","icon_2":"<svg xmlns=\"http:\/\/www.w3.org\/2000\/svg\" width=\"16\" height=\"16\" fill=\"currentColor\" class=\"bi bi-arrow-repeat\" viewbox=\"0 0 16 16\">\n  <path d=\"M11.534 7h3.932a.25.25 0 0 1 .192.41l-1.966 2.36a.25.25 0 0 1-.384 0l-1.966-2.36a.25.25 0 0 1 .192-.41m-11 2h3.932a.25.25 0 0 0 .192-.41L2.692 6.23a.25.25 0 0 0-.384 0L.342 8.59A.25.25 0 0 0 .534 9\"><\/path>\n  <path fill-rule=\"evenodd\" d=\"M8 3c-1.552 0-2.94.707-3.857 1.818a.5.5 0 1 1-.771-.636A6.002 6.002 0 0 1 13.917 7H12.9A5 5 0 0 0 8 3M3.1 9a5.002 5.002 0 0 0 8.757 2.182.5.5 0 1 1 .771.636A6.002 6.002 0 0 1 2.083 9z\"><\/path>\n<\/svg>","title_3":"Service Client","description_3":"<p>Le service client est à votre disposition de 9h à 19h en cliquant sur ce <a href=\"\/pages\/contact\" title=\"Contact page\">lien<\/a>.<\/p>","icon_3":"<svg xmlns=\"http:\/\/www.w3.org\/2000\/svg\" width=\"16\" height=\"16\" fill=\"currentColor\" class=\"bi bi-box2-heart-fill\" viewbox=\"0 0 16 16\">\n  <path d=\"M3.75 0a1 1 0 0 0-.8.4L.1 4.2a.5.5 0 0 0-.1.3V15a1 1 0 0 0 1 1h14a1 1 0 0 0 1-1V4.5a.5.5 0 0 0-.1-.3L13.05.4a1 1 0 0 0-.8-.4zM8.5 4h6l.5.667V5H1v-.333L1.5 4h6V1h1zM8 7.993c1.664-1.711 5.825 1.283 0 5.132-5.825-3.85-1.664-6.843 0-5.132\"><\/path>\n<\/svg>","title_4":"","description_4":"","icon_4":"","title_5":"","description_5":"","icon_5":"","title_6":"","description_6":"","icon_6":"","mt":4,"mb":4}},"fbdb557a-90da-432b-984d-26c8ef0ef590":{"type":"upsell_modal","settings":{"modal_title":"ATTENTION, avant qu'il ne soit trop tard...","metafield":"shopiweb.upsell","limit":2,"modal_footer_btn":"Poursuivre l'achat","countdown_timer_pretext":"L'offre expire dans :","countdown_timer":"2024-03-17 11h10am"}},"0b6f7b8f-f303-4fd6-872d-d25d3d66563b":{"type":"separator","settings":{"bbstyle":"solid","bbwidth":1,"bblength":100,"color_border":"#ff4d45","opacity":0.3,"mt":5,"mb":5}},"1012e638-6dbc-4f7d-8d1f-74689a11b8f3":{"type":"qty_breaks","disabled":true,"settings":{"style_packs":"","title":"Achetez plus, Économisez plus !","title_size":"h5","metafield":"shopiweb.qty_breaks","bg_color":"bg-primary text-white","text_offer_all_blocks":"OFFRE bloc 1, OFFRE bloc 2, OFFRE bloc 3, OFFRE LAST !","offer_color_all_blocks":"#ff4d45","offer_color_last":"#198754","enable_animation_last_block":true,"img_orientation":"square","img_thumbnail":"img-thumbnail","shadow_sp":"shadow-2","mt":4,"mb":5}},"16019ab6-f8d7-43bf-b3d8-b80dd76021c3":{"type":"delivery_info","disabled":true,"settings":{"icon":"<svg xmlns=\"http:\/\/www.w3.org\/2000\/svg\" width=\"24\" height=\"24\" fill=\"currentColor\" class=\"bi bi-truck\" viewbox=\"0 0 16 16\"><path d=\"M0 3.5A1.5 1.5 0 0 1 1.5 2h9A1.5 1.5 0 0 1 12 3.5V5h1.02a1.5 1.5 0 0 1 1.17.563l1.481 1.85a1.5 1.5 0 0 1 .329.938V10.5a1.5 1.5 0 0 1-1.5 1.5H14a2 2 0 1 1-4 0H5a2 2 0 1 1-3.998-.085A1.5 1.5 0 0 1 0 10.5v-7zm1.294 7.456A1.999 1.999 0 0 1 4.732 11h5.536a2.01 2.01 0 0 1 .732-.732V3.5a.5.5 0 0 0-.5-.5h-9a.5.5 0 0 0-.5.5v7a.5.5 0 0 0 .294.456zM12 10a2 2 0 0 1 1.732 1h.768a.5.5 0 0 0 .5-.5V8.35a.5.5 0 0 0-.11-.312l-1.48-1.85A.5.5 0 0 0 13.02 6H12v4zm-9 1a1 1 0 1 0 0 2 1 1 0 0 0 0-2zm9 0a1 1 0 1 0 0 2 1 1 0 0 0 0-2z\"><\/path><\/svg>","title":"Informations sur la livraison","title_size":"h5","description":"<p><strong>France :<\/strong> 2 à 3 jours; <strong>International :<\/strong> 7 à 10 jours<\/p>","enable_info_bubble":true,"info_bubble_text":"Votre texte d'info-bulle ici","mt":4,"mb":4}},"6013329c-a6f0-468d-b01b-b2faf3421650":{"type":"trust_badges","disabled":true,"settings":{"label":"Liste des badges de confiance","max_width":"560","col_size":"col-4","color_trust":"#c99700","icon_1":"<svg xmlns=\"http:\/\/www.w3.org\/2000\/svg\" width=\"24\" height=\"24\" fill=\"currentColor\" class=\"bi bi-trophy\" viewbox=\"0 0 16 16\">\n  <path d=\"M2.5.5A.5.5 0 0 1 3 0h10a.5.5 0 0 1 .5.5c0 .538-.012 1.05-.034 1.536a3 3 0 1 1-1.133 5.89c-.79 1.865-1.878 2.777-2.833 3.011v2.173l1.425.356c.194.048.377.135.537.255L13.3 15.1a.5.5 0 0 1-.3.9H3a.5.5 0 0 1-.3-.9l1.838-1.379c.16-.12.343-.207.537-.255L6.5 13.11v-2.173c-.955-.234-2.043-1.146-2.833-3.012a3 3 0 1 1-1.132-5.89A33.076 33.076 0 0 1 2.5.5zm.099 2.54a2 2 0 0 0 .72 3.935c-.333-1.05-.588-2.346-.72-3.935zm10.083 3.935a2 2 0 0 0 .72-3.935c-.133 1.59-.388 2.885-.72 3.935zM3.504 1c.007.517.026 1.006.056 1.469.13 2.028.457 3.546.87 4.667C5.294 9.48 6.484 10 7 10a.5.5 0 0 1 .5.5v2.61a1 1 0 0 1-.757.97l-1.426.356a.5.5 0 0 0-.179.085L4.5 15h7l-.638-.479a.501.501 0 0 0-.18-.085l-1.425-.356a1 1 0 0 1-.757-.97V10.5A.5.5 0 0 1 9 10c.516 0 1.706-.52 2.57-2.864.413-1.12.74-2.64.87-4.667.03-.463.049-.952.056-1.469H3.504z\"><\/path>\n<\/svg>","text_1":"Aucun Compromis en Qualité","icon_2":"<svg xmlns=\"http:\/\/www.w3.org\/2000\/svg\" width=\"24\" height=\"24\" fill=\"currentColor\" class=\"bi bi-arrow-through-heart\" viewbox=\"0 0 16 16\">\n  <path fill-rule=\"evenodd\" d=\"M2.854 15.854A.5.5 0 0 1 2 15.5V14H.5a.5.5 0 0 1-.354-.854l1.5-1.5A.5.5 0 0 1 2 11.5h1.793l.53-.53c-.771-.802-1.328-1.58-1.704-2.32-.798-1.575-.775-2.996-.213-4.092C3.426 2.565 6.18 1.809 8 3.233c1.25-.98 2.944-.928 4.212-.152L13.292 2 12.147.854A.5.5 0 0 1 12.5 0h3a.5.5 0 0 1 .5.5v3a.5.5 0 0 1-.854.354L14 2.707l-1.006 1.006c.236.248.44.531.6.845.562 1.096.585 2.517-.213 4.092-.793 1.563-2.395 3.288-5.105 5.08L8 13.912l-.276-.182a21.86 21.86 0 0 1-2.685-2.062l-.539.54V14a.5.5 0 0 1-.146.354l-1.5 1.5Zm2.893-4.894A20.419 20.419 0 0 0 8 12.71c2.456-1.666 3.827-3.207 4.489-4.512.679-1.34.607-2.42.215-3.185-.817-1.595-3.087-2.054-4.346-.761L8 4.62l-.358-.368c-1.259-1.293-3.53-.834-4.346.761-.392.766-.464 1.845.215 3.185.323.636.815 1.33 1.519 2.065l1.866-1.867a.5.5 0 1 1 .708.708L5.747 10.96Z\"><\/path>\n<\/svg>","text_2":"100% Satisfait Garantie","icon_3":"<svg xmlns=\"http:\/\/www.w3.org\/2000\/svg\" width=\"24\" height=\"24\" fill=\"currentColor\" class=\"bi bi-truck\" viewbox=\"0 0 16 16\">\n  <path d=\"M0 3.5A1.5 1.5 0 0 1 1.5 2h9A1.5 1.5 0 0 1 12 3.5V5h1.02a1.5 1.5 0 0 1 1.17.563l1.481 1.85a1.5 1.5 0 0 1 .329.938V10.5a1.5 1.5 0 0 1-1.5 1.5H14a2 2 0 1 1-4 0H5a2 2 0 1 1-3.998-.085A1.5 1.5 0 0 1 0 10.5v-7zm1.294 7.456A1.999 1.999 0 0 1 4.732 11h5.536a2.01 2.01 0 0 1 .732-.732V3.5a.5.5 0 0 0-.5-.5h-9a.5.5 0 0 0-.5.5v7a.5.5 0 0 0 .294.456zM12 10a2 2 0 0 1 1.732 1h.768a.5.5 0 0 0 .5-.5V8.35a.5.5 0 0 0-.11-.312l-1.48-1.85A.5.5 0 0 0 13.02 6H12v4zm-9 1a1 1 0 1 0 0 2 1 1 0 0 0 0-2zm9 0a1 1 0 1 0 0 2 1 1 0 0 0 0-2z\"><\/path>\n<\/svg>","text_3":"Livraison Gratuite Dès 100€","icon_4":"","text_4":"","mt":3,"mb":3}},"80c062a7-68a5-496f-863b-0e29edaca020":{"type":"liquid_code","disabled":true,"settings":{"liquid":"<p class=\"bg-white rounded border p-4\">Date du jour : <b>{{ 'now' | date: \"%d %b, %Y\" }}<\/b><\/p>","mt":3,"mb":3}},"43c57617-0577-4ae8-90c2-eb4226c836c5":{"type":"testimonials","disabled":true,"settings":{"bg_color":"bg-body text-body","bg_gradient":true,"img_thumbnail":"img-thumbnail","shadow_sp":"shadow-1","show_stars":true,"star_style":"shopitrust","testi_star_color":"#ffb81c","testi_star_off":"#e5e4e2","pagination_color":"#c99700","text_author":"- John Doe","show_verified":"show_avis_verified","stars_rating":3.5,"description":"<p>Partagez ici les avis qui reflètent l'expérience positive de vos clients pour inspirer confiance chez les visiteurs de votre boutique.<\/p>","text_author_1":"- John Doe","show_verified_1":"show_avis_verified","stars_rating_1":2,"description_1":"<p>Partagez ici les avis qui reflètent l'expérience positive de vos clients pour inspirer confiance chez les visiteurs de votre boutique.<\/p>","text_author_2":"- John Doe","show_verified_2":"show_avis_verified","stars_rating_2":1.5,"description_2":"<p>Partagez ici les avis qui reflètent l'expérience positive de vos clients pour inspirer confiance chez les visiteurs de votre boutique.<\/p>","mt":3,"mb":3}},"f706cec8-65d0-451f-a7e2-aab03ef5b5e0":{"type":"bought_together","settings":{"title":"Fréquemment achetés ensemble","title_size":"h5","metafield":"shopiweb.upsell","limit":4,"img_orientation":"square","img_thumbnail":"img-thumbnail","border_color":"border-primary","shadow_sp":"shadow-2","mt":3,"mb":3}}},"block_order":["73d2164a-bdba-440f-87ec-cc1934cf7796","766ca2e7-634d-4df1-b65f-3533a9107f92","05bf51e1-14d3-4f74-a0f8-622bd68c45f9","separator_4YWb36","2417a53b-93e3-4a2d-99d3-89559c52dc0c","f114fdf9-80f5-4e4b-a791-80864a7ddd3c","2ff3baf8-a6d9-4ff3-9d5b-f2bfd77dd640","f32314ca-490c-4313-a829-60b0fe6206e6","5f3df5ea-5dc1-4f72-adb1-1201d79072d6","fbdb557a-90da-432b-984d-26c8ef0ef590","0b6f7b8f-f303-4fd6-872d-d25d3d66563b","1012e638-6dbc-4f7d-8d1f-74689a11b8f3","16019ab6-f8d7-43bf-b3d8-b80dd76021c3","6013329c-a6f0-468d-b01b-b2faf3421650","80c062a7-68a5-496f-863b-0e29edaca020","43c57617-0577-4ae8-90c2-eb4226c836c5","f706cec8-65d0-451f-a7e2-aab03ef5b5e0"],"settings":{"product_content_show_bg_gradient":true,"product_content_bg_gradient":"linear-gradient(180deg, rgba(239, 239, 239, 1) 11%, rgba(255, 255, 255, 1) 49%, rgba(239, 239, 239, 1) 87%)","show_breadcrumbs":false,"breadcrumb_position":"top","show_share_btn":false,"share_btn_position":"top","first_to_variant":false,"gallery_img_orientation":"square","gallery_img_thumbnail":"img-thumbnail","gallery_mobile_full_width":true,"gallery_show_thumbnails_mobile":true,"gallery_enable_lightbox":true,"pt":8,"pb":10,"mt":0,"mb":0}},"16724093711e2e0ee2":{"type":"apps","disabled":true,"settings":{}},"comparaison_table_TJHG37":{"type":"comparaison-table","blocks":{"header_bxGLXH":{"type":"header","settings":{"cell_1":"#","cell_2":"#","cell_3":"","cell_4":"","cell_5":"","cell_6":"","cell_7":""}},"item_ng3tAh":{"type":"item","settings":{"title":"Type","cell_2_display":"text","cell_2":true,"cell_2_text":"{{ product.metafields.custom.type_de_produit.value.label.value }}","cell_3_display":"text","cell_3":false,"cell_3_text":"{{ product.metafields.custom.type_de_produit.value.label.value }}","cell_4_display":"icon","cell_4":false,"cell_4_text":"Texte 4","cell_5_display":"icon","cell_5":false,"cell_5_text":"Texte 5","cell_6_display":"icon","cell_6":false,"cell_6_text":"Texte 6","cell_7_display":"icon","cell_7":false,"cell_7_text":"Texte 7"}},"item_M36nd9":{"type":"item","settings":{"title":"Couleur","cell_2_display":"text","cell_2":true,"cell_2_text":"{{ product.metafields.custom.noir_et_couleur.value }}","cell_3_display":"text","cell_3":false,"cell_3_text":"Texte 3","cell_4_display":"icon","cell_4":false,"cell_4_text":"Texte 4","cell_5_display":"icon","cell_5":false,"cell_5_text":"Texte 5","cell_6_display":"icon","cell_6":false,"cell_6_text":"Texte 6","cell_7_display":"icon","cell_7":false,"cell_7_text":"Texte 7"}},"item_wgBixg":{"type":"item","settings":{"title":"Capacité","cell_2_display":"text","cell_2":true,"cell_2_text":"{{ product.metafields.custom.pages.value }}","cell_3_display":"icon","cell_3":false,"cell_3_text":"Texte 3","cell_4_display":"icon","cell_4":false,"cell_4_text":"Texte 4","cell_5_display":"icon","cell_5":false,"cell_5_text":"Texte 5","cell_6_display":"icon","cell_6":false,"cell_6_text":"Texte 6","cell_7_display":"icon","cell_7":false,"cell_7_text":"Texte 7"}},"item_jtmDAE":{"type":"item","settings":{"title":"Garantie","cell_2_display":"text","cell_2":true,"cell_2_text":"2 ans","cell_3_display":"icon","cell_3":false,"cell_3_text":"Texte 3","cell_4_display":"icon","cell_4":false,"cell_4_text":"Texte 4","cell_5_display":"icon","cell_5":false,"cell_5_text":"Texte 5","cell_6_display":"icon","cell_6":false,"cell_6_text":"Texte 6","cell_7_display":"icon","cell_7":false,"cell_7_text":"Texte 7"}}},"block_order":["header_bxGLXH","item_ng3tAh","item_M36nd9","item_wgBixg","item_jtmDAE"],"settings":{"bg_color":"bg-body text-body","bg_gradient":false,"container":"container","max_width":"1023","text_align":"text-center","brand_image_size":"60","subtitle":"","subtitle_size":"fs-5","color_caption":"#6c757d","title_overlay":"","title_overlay_size":"3","color_title_overlay":"#000000","title":"Caractéristiques","heading_tag":"h2","title_size":"h2","description":"<p>{{ product.title }}. Conçues pour offrir une qualité d'impression exceptionnelle, ces cartouches sont idéales pour tous vos besoins d'impression, avec une {{ product.metafields.custom.pages.value }}, boostez vos impressions qu'il s'agisse de documents professionnels ou de photos colorées, faites un choix avisé.<\/p><p> Économique et écologique, nos cartouches sont couvertes par une garantie de 2 ans.<\/p>","description_size":"fs-5","img_thumbnail":"img-thumbnail","border_color":"","border_width":1,"shadow_sp":"shadow-1","table_bordered":false,"table_border_color":"","table_thead_color":"","table_tfoot_color":"","table_second_col_color":"text-primary","table_second_bg_color":"","table_striped":true,"pt":6,"pb":13,"mt":0,"mb":0}},"custom_border_rjGhQC":{"type":"custom-border","settings":{"divider_option":"wave_animated","full_width":false,"width_border":5,"opacity":0.5,"color_border":"#000000","wave_custom":"8","color_border_fond_svg":"#ffffff","color_border_svg":"#000000","wave_fixe_height_desktop":8,"wave_fixe_height_mobile":4,"wave_animated":"1","waves_position":"sp-waves-top","color_border_svg_animated":"#efefef","blend_wave":false,"color_border_fond_svg_animated":"#ffffff","blend_opacity":1,"animation_speed":12,"wave_height_desktop":8,"wave_height_mobile":4,"svg_border_top":"","svg_border_bottom":"","mt":0,"mb":0}},"5f5695e6-4e71-4a2b-9e1d-417a7e6513aa":{"type":"recommended-products","settings":{"bg_color":"bg-light text-body","container":"container","text_align":"text-center","brand_image_size":"60","subtitle":"","subtitle_size":"fs-5","color_caption":"#6c757d","title":"Ils pourraient aussi vous intéresser...","heading_tag":"h2","title_size":"h2","description":"","description_size":"fs-5","intent":"related","limit":12,"product_card_style":"","product_img_mode":"gallery","product_img_orientation":"square","product_img_thumbnail":"img-thumbnail","product_border_color":"border-primary","product_shadow_sp":"shadow-2","product_show_sale_badge":true,"product_sale_badge_color":"bg-success text-white","product_title_size":"h5","product_title_truncate":"text-truncate","product_show_vendor":false,"product_show_color_swatches":true,"product_show_atc_form":true,"product_form_show_inventory":true,"product_show_wishlist_btn":false,"carousel_arrows":false,"carousel_pagination":true,"carousel_easing":"cubic-bezier(.42,.65,.27,.99)","carousel_speed":400,"carousel_autoplay":false,"carousel_interval":5,"carousel_per_move":"0","carousel_rewind":true,"breakpoint_xs_partial":true,"breakpoint_xs":2,"breakpoint_sm":2,"breakpoint_md":2,"breakpoint_lg":3,"breakpoint_xl":4,"breakpoint_xxl":4,"pt":13,"pb":15,"mt":0,"mb":0}},"custom_border_ttBYDJ":{"type":"custom-border","settings":{"divider_option":"wave_animated","full_width":false,"width_border":5,"opacity":0.5,"color_border":"#000000","wave_custom":"8","color_border_fond_svg":"#ffffff","color_border_svg":"#000000","wave_fixe_height_desktop":8,"wave_fixe_height_mobile":4,"wave_animated":"1","waves_position":"sp-waves-bottom","color_border_svg_animated":"#efefef","blend_wave":false,"color_border_fond_svg_animated":"#ffffff","blend_opacity":1,"animation_speed":12,"wave_height_desktop":8,"wave_height_mobile":4,"svg_border_top":"","svg_border_bottom":"","mt":0,"mb":0}},"collage_dynamique_qgrQay":{"type":"collage-dynamique","blocks":{"text_YUJWGf":{"type":"text","settings":{"bg_color":"bg-white text-dark","bg_gradient":false,"icon":"<svg xmlns=\"http:\/\/www.w3.org\/2000\/svg\" width=\"16\" height=\"16\" fill=\"currentColor\" class=\"bi bi-arrow-through-heart\" viewbox=\"0 0 16 16\">\n  <path fill-rule=\"evenodd\" d=\"M2.854 15.854A.5.5 0 0 1 2 15.5V14H.5a.5.5 0 0 1-.354-.854l1.5-1.5A.5.5 0 0 1 2 11.5h1.793l.53-.53c-.771-.802-1.328-1.58-1.704-2.32-.798-1.575-.775-2.996-.213-4.092C3.426 2.565 6.18 1.809 8 3.233c1.25-.98 2.944-.928 4.212-.152L13.292 2 12.147.854A.5.5 0 0 1 12.5 0h3a.5.5 0 0 1 .5.5v3a.5.5 0 0 1-.854.354L14 2.707l-1.006 1.006c.236.248.44.531.6.845.562 1.096.585 2.517-.213 4.092-.793 1.563-2.395 3.288-5.105 5.08L8 13.912l-.276-.182a22 22 0 0 1-2.685-2.062l-.539.54V14a.5.5 0 0 1-.146.354zm2.893-4.894A20.4 20.4 0 0 0 8 12.71c2.456-1.666 3.827-3.207 4.489-4.512.679-1.34.607-2.42.215-3.185-.817-1.595-3.087-2.054-4.346-.761L8 4.62l-.358-.368c-1.259-1.293-3.53-.834-4.346.761-.392.766-.464 1.845.215 3.185.323.636.815 1.33 1.519 2.065l1.866-1.867a.5.5 0 1 1 .708.708z\"><\/path>\n<\/svg>","image_width_custom":50,"icon_position":"top","text_align":"text-center","title":"Dans le coeur","heading_tag":"h5","title_size":"h5","description":"<p>98% de nos clients sont satisfaits de nos cartouches.<\/p>","description_size":"fs-5","btn_text":"","btn_url":"","btn_color":"btn-primary","btn_size":"btn-md"}},"text_eqkgaW":{"type":"text","settings":{"bg_color":"bg-white text-dark","bg_gradient":false,"icon":"<svg xmlns=\"http:\/\/www.w3.org\/2000\/svg\" width=\"16\" height=\"16\" fill=\"currentColor\" class=\"bi bi-arrow-repeat\" viewbox=\"0 0 16 16\">\n  <path d=\"M11.534 7h3.932a.25.25 0 0 1 .192.41l-1.966 2.36a.25.25 0 0 1-.384 0l-1.966-2.36a.25.25 0 0 1 .192-.41m-11 2h3.932a.25.25 0 0 0 .192-.41L2.692 6.23a.25.25 0 0 0-.384 0L.342 8.59A.25.25 0 0 0 .534 9\"><\/path>\n  <path fill-rule=\"evenodd\" d=\"M8 3c-1.552 0-2.94.707-3.857 1.818a.5.5 0 1 1-.771-.636A6.002 6.002 0 0 1 13.917 7H12.9A5 5 0 0 0 8 3M3.1 9a5.002 5.002 0 0 0 8.757 2.182.5.5 0 1 1 .771.636A6.002 6.002 0 0 1 2.083 9z\"><\/path>\n<\/svg>","image_width_custom":50,"icon_position":"top","text_align":"text-center","title":"Cela peut arriver","heading_tag":"h5","title_size":"h5","description":"<p>Non satisfait ? Retournez votre commande sous 30 jours, sans frais.<\/p>","description_size":"fs-5","btn_text":"","btn_url":"","btn_color":"btn-primary","btn_size":"btn-md"}},"text_mMJKWm":{"type":"text","settings":{"bg_color":"bg-white text-dark","bg_gradient":false,"icon":"<svg xmlns=\"http:\/\/www.w3.org\/2000\/svg\" width=\"16\" height=\"16\" fill=\"currentColor\" class=\"bi bi-truck\" viewbox=\"0 0 16 16\">\n  <path d=\"M0 3.5A1.5 1.5 0 0 1 1.5 2h9A1.5 1.5 0 0 1 12 3.5V5h1.02a1.5 1.5 0 0 1 1.17.563l1.481 1.85a1.5 1.5 0 0 1 .329.938V10.5a1.5 1.5 0 0 1-1.5 1.5H14a2 2 0 1 1-4 0H5a2 2 0 1 1-3.998-.085A1.5 1.5 0 0 1 0 10.5zm1.294 7.456A2 2 0 0 1 4.732 11h5.536a2 2 0 0 1 .732-.732V3.5a.5.5 0 0 0-.5-.5h-9a.5.5 0 0 0-.5.5v7a.5.5 0 0 0 .294.456M12 10a2 2 0 0 1 1.732 1h.768a.5.5 0 0 0 .5-.5V8.35a.5.5 0 0 0-.11-.312l-1.48-1.85A.5.5 0 0 0 13.02 6H12zm-9 1a1 1 0 1 0 0 2 1 1 0 0 0 0-2m9 0a1 1 0 1 0 0 2 1 1 0 0 0 0-2\"><\/path>\n<\/svg>","image_width_custom":50,"icon_position":"top","text_align":"text-center","title":"Du jamais vu !","heading_tag":"h5","title_size":"h5","description":"<p>Livraison rapide et suivie : à partir de 24h, suivez votre commande à chaque étape.<\/p>","description_size":"fs-5","btn_text":"","btn_url":"","btn_color":"btn-primary","btn_size":"btn-md"}},"text_WAHezV":{"type":"text","settings":{"bg_color":"bg-white text-dark","bg_gradient":false,"icon":"<svg xmlns=\"http:\/\/www.w3.org\/2000\/svg\" width=\"16\" height=\"16\" fill=\"currentColor\" class=\"bi bi-credit-card\" viewbox=\"0 0 16 16\">\n  <path d=\"M0 4a2 2 0 0 1 2-2h12a2 2 0 0 1 2 2v8a2 2 0 0 1-2 2H2a2 2 0 0 1-2-2zm2-1a1 1 0 0 0-1 1v1h14V4a1 1 0 0 0-1-1zm13 4H1v5a1 1 0 0 0 1 1h12a1 1 0 0 0 1-1z\"><\/path>\n  <path d=\"M2 10a1 1 0 0 1 1-1h1a1 1 0 0 1 1 1v1a1 1 0 0 1-1 1H3a1 1 0 0 1-1-1z\"><\/path>\n<\/svg>","image_width_custom":50,"icon_position":"top","text_align":"text-center","title":"Serein(e)","heading_tag":"h5","title_size":"h5","description":"<p>Vos données bancaires sont cryptées avec les meilleurs standards de sécurité.<\/p>","description_size":"fs-5","btn_text":"","btn_url":"","btn_color":"btn-primary","btn_size":"btn-md"}}},"block_order":["text_YUJWGf","text_eqkgaW","text_mMJKWm","text_WAHezV"],"settings":{"background_img_opacity":0,"background_img_blur":0,"bg_color":"bg-body text-body","bg_gradient":false,"container":"container","column_layout":"col-sm-6 col-lg-6","max_width":"991","text_align":"text-center","subtitle_img":"shopify:\/\/shop_images\/logo2024_8fd7950a-7713-4521-a9ac-99375ec10f2a.jpg","brand_image_size":"300","subtitle":"","subtitle_size":"fs-5","color_caption":"#6c757d","title_overlay":"","title_overlay_size":"3","color_title_overlay":"#000000","title":"","heading_tag":"h2","title_size":"h2","description":"<p>Ajouter une description facultative à cette section<\/p>","description_size":"fs-5","border_color":"border-primary","border_width":1,"shadow_sp":"shadow-2","animation":"animate__zoomIn","animation_speed":"animate__fast","pt":13,"pb":12,"mt":0,"mb":0}},"d167404f-6e0f-4b9a-9302-986b992f1537":{"type":"sticky-atc","settings":{"bg_color":"bg-white text-body","bg_gradient":false,"max_width":"600","product_img_orientation":"square","product_img_thumbnail":"","product_border_color":"border-primary","product_shadow_sp":"shadow-1"}},"custom_border_iyNja3":{"type":"custom-border","settings":{"divider_option":"wave_animated","full_width":false,"width_border":5,"opacity":0.5,"color_border":"#000000","wave_custom":"8","color_border_fond_svg":"#ffffff","color_border_svg":"#000000","wave_fixe_height_desktop":8,"wave_fixe_height_mobile":4,"wave_animated":"1","waves_position":"sp-waves-top","color_border_svg_animated":"#efefef","blend_wave":false,"color_border_fond_svg_animated":"#ffffff","blend_opacity":1,"animation_speed":12,"wave_height_desktop":8,"wave_height_mobile":4,"svg_border_top":"","svg_border_bottom":"","mt":0,"mb":0}},"89221060-6c7f-4552-9374-cdc2ce7cf1ee":{"type":"recently-viewed","settings":{"bg_color":"bg-light text-body","container":"container-fluid","text_align":"text-center","brand_image_size":"60","subtitle":"","subtitle_size":"fs-5","color_caption":"#6c757d","title":"Récemment Consultés","heading_tag":"h2","title_size":"h2","description":"","description_size":"fs-5","limit":12,"product_img_orientation":"square","product_img_thumbnail":"img-thumbnail","product_border_color":"border-primary","product_shadow_sp":"shadow-1","product_title_size":"h6","product_title_truncate":"text-truncate","product_show_vendor":false,"product_show_atc_form":true,"product_show_wishlist_btn":false,"carousel_arrows":false,"carousel_pagination":true,"carousel_easing":"cubic-bezier(.42,.65,.27,.99)","carousel_speed":400,"carousel_autoplay":true,"carousel_interval":5,"carousel_per_move":"0","carousel_rewind":true,"breakpoint_xs":1,"breakpoint_sm":2,"breakpoint_md":2,"breakpoint_lg":3,"breakpoint_xl":4,"breakpoint_xxl":4,"pt":13,"pb":15,"mt":0,"mb":0}},"custom_border_dNNXLy":{"type":"custom-border","settings":{"divider_option":"wave_animated","full_width":false,"width_border":5,"opacity":0.5,"color_border":"#000000","wave_custom":"8","color_border_fond_svg":"#ffffff","color_border_svg":"#000000","wave_fixe_height_desktop":8,"wave_fixe_height_mobile":4,"wave_animated":"1","waves_position":"sp-waves-bottom","color_border_svg_animated":"#efefef","blend_wave":false,"color_border_fond_svg_animated":"#ffffff","blend_opacity":1,"animation_speed":12,"wave_height_desktop":8,"wave_height_mobile":4,"svg_border_top":"","svg_border_bottom":"","mt":0,"mb":0}},"4e54ffff-99eb-4588-b0f2-f39b3895a40d":{"type":"faq","blocks":{"text_zABzez":{"type":"text","settings":{"icon":"","title":"Puis-je retourner ma commande si je ne suis pas satisfait ?","heading_tag":"h3","description":"<p>Oui, vous pouvez retourner votre commande sous 30 jours, sans frais, si elle ne répond pas à vos attentes. Votre satisfaction est notre priorité.<\/p>","img_orientation":"landscape","img_crop":"center","img_thumbnail":"img-thumbnail","border_color":"","border_width":1,"shadow_sp":"shadow-1","img_align_desktop":"flex-lg-row"}},"text_akG6MC":{"type":"text","settings":{"icon":"","title":"Le paiement sur votre site est-il sécurisé ?","heading_tag":"h3","description":"<p>Absolument. Nous utilisons les meilleurs standards de sécurité pour assurer la protection de vos données et un paiement 100% sécurisé.<\/p>","img_orientation":"landscape","img_crop":"center","img_thumbnail":"img-thumbnail","border_color":"","border_width":1,"shadow_sp":"shadow-1","img_align_desktop":"flex-lg-row"}},"text_B46ycr":{"type":"text","settings":{"icon":"","title":"Quelle garantie offrez-vous sur la qualité des cartouches ?","heading_tag":"h3","description":"<p>Nos cartouches sont garanties fraîches et authentiques. <\/p><p>Nous vous assurons des impressions nettes à chaque utilisation, ou nous vous remboursons.<\/p>","img_orientation":"landscape","img_crop":"center","img_thumbnail":"img-thumbnail","border_color":"","border_width":1,"shadow_sp":"shadow-1","img_align_desktop":"flex-lg-row"}},"text_6dXaqn":{"type":"text","settings":{"icon":"","title":"Vos cartouches sont-elles certifiées ?","heading_tag":"h3","description":"<p>Toutes nos cartouches sont certifiées ISO 9001, ce qui garantit leur qualité et leur sécurité. Vous pouvez imprimer en toute sérénité.<\/p>","img_orientation":"landscape","img_crop":"center","img_thumbnail":"img-thumbnail","border_color":"","border_width":1,"shadow_sp":"shadow-1","img_align_desktop":"flex-lg-row"}},"text_3Ykgqe":{"type":"text","settings":{"icon":"","title":"Quels sont vos délais et modes de livraison ?","heading_tag":"h3","description":"<p>Nous expédions votre commande en 24 heures. <\/p><p>Les délais de livraison sont de 3 à 5 jours ouvrés en France métropolitaine. <\/p><p>Vous pouvez suivre votre commande à chaque étape, de notre entrepôt jusqu'à votre porte.<\/p>","img_orientation":"landscape","img_crop":"center","img_thumbnail":"img-thumbnail","border_color":"","border_width":1,"shadow_sp":"shadow-1","img_align_desktop":"flex-lg-row"}},"template--16715093803229__4e54ffff-99eb-4588-b0f2-f39b3895a40d-16862384699599106a-0":{"type":"text","disabled":true,"settings":{"icon":"","title":"Où expédiez-vous vos produits ?","heading_tag":"h3","description":"<p>Partagez des informations sur votre marque avec vos clients. Décrivez un produit, faites des annonces ou accueillez les clients dans votre magasin.<\/p>","img_orientation":"landscape","img_crop":"center","img_thumbnail":"img-thumbnail","border_color":"","border_width":1,"shadow_sp":"shadow-1","img_align_desktop":"flex-lg-row"}},"template--16715093803229__4e54ffff-99eb-4588-b0f2-f39b3895a40d-16862384699599106a-1":{"type":"text","disabled":true,"settings":{"icon":"","title":"Combien de temps faut-il pour recevoir ma commande ?","heading_tag":"h3","description":"<p>Partagez des informations sur votre marque avec vos clients. Décrivez un produit, faites des annonces ou accueillez les clients dans votre magasin.<\/p>","img_orientation":"landscape","img_crop":"center","img_thumbnail":"img-thumbnail","border_color":"","border_width":1,"shadow_sp":"shadow-1","img_align_desktop":"flex-lg-row"}},"template--16715093803229__4e54ffff-99eb-4588-b0f2-f39b3895a40d-16862384699599106a-2":{"type":"text","disabled":true,"settings":{"icon":"","title":"Quels sont les modes de paiement acceptés ?","heading_tag":"h3","description":"<p>Partagez des informations sur votre marque avec vos clients. Décrivez un produit, faites des annonces ou accueillez les clients dans votre magasin.<\/p>","img_orientation":"landscape","img_crop":"center","img_thumbnail":"img-thumbnail","border_color":"","border_width":1,"shadow_sp":"shadow-1","img_align_desktop":"flex-lg-row"}},"template--16715093803229__4e54ffff-99eb-4588-b0f2-f39b3895a40d-16862384699599106a-3":{"type":"text","disabled":true,"settings":{"icon":"","title":"Comment suivre ma commande ?","heading_tag":"h3","description":"<p>Partagez des informations sur votre marque avec vos clients. Décrivez un produit, faites des annonces ou accueillez les clients dans votre magasin.<\/p>","img_orientation":"landscape","img_crop":"center","img_thumbnail":"img-thumbnail","border_color":"","border_width":1,"shadow_sp":"shadow-1","img_align_desktop":"flex-lg-row"}},"template--16715093803229__4e54ffff-99eb-4588-b0f2-f39b3895a40d-16862384699599106a-4":{"type":"text","disabled":true,"settings":{"icon":"","title":"Puis-je faire un cadeau à quelqu'un d'autre ?","heading_tag":"h3","description":"<p>Partagez des informations sur votre marque avec vos clients. Décrivez un produit, faites des annonces ou accueillez les clients dans votre magasin.<\/p>","img_orientation":"landscape","img_crop":"center","img_thumbnail":"img-thumbnail","border_color":"","border_width":1,"shadow_sp":"shadow-1","img_align_desktop":"flex-lg-row"}},"template--16715093803229__4e54ffff-99eb-4588-b0f2-f39b3895a40d-16862384699599106a-5":{"type":"text","disabled":true,"settings":{"icon":"","title":"Comment puis-je obtenir le remboursement de ma commande ?","heading_tag":"h3","description":"<p>Partagez des informations sur votre marque avec vos clients. Décrivez un produit, faites des annonces ou accueillez les clients dans votre magasin.<\/p>","img_orientation":"landscape","img_crop":"center","img_thumbnail":"img-thumbnail","border_color":"","border_width":1,"shadow_sp":"shadow-1","img_align_desktop":"flex-lg-row"}}},"block_order":["text_zABzez","text_akG6MC","text_B46ycr","text_6dXaqn","text_3Ykgqe","template--16715093803229__4e54ffff-99eb-4588-b0f2-f39b3895a40d-16862384699599106a-0","template--16715093803229__4e54ffff-99eb-4588-b0f2-f39b3895a40d-16862384699599106a-1","template--16715093803229__4e54ffff-99eb-4588-b0f2-f39b3895a40d-16862384699599106a-2","template--16715093803229__4e54ffff-99eb-4588-b0f2-f39b3895a40d-16862384699599106a-3","template--16715093803229__4e54ffff-99eb-4588-b0f2-f39b3895a40d-16862384699599106a-4","template--16715093803229__4e54ffff-99eb-4588-b0f2-f39b3895a40d-16862384699599106a-5"],"settings":{"background_img_opacity":0.7,"background_img_blur":0,"bg_color":"","bg_gradient":false,"max_width":"991","accordion_style":"accordion-default","show_expanded":true,"accordion_custom_bg":"#ffffff","accordion_custom_title_color":"#212529","accordion_custom_bg_plus":"#f56900","accordion_custom_plus_color":"#ffffff","accordion_custom_bg_actif":"#f56900","accordion_custom_title_color_actif":"#ffffff","accordion_custom_bg_plus_actif":"#ffffff","accordion_custom_plus_color_actif":"#f56900","img_thumbnail_faq":"img-thumbnail","border_color_faq":"border-primary","border_width_faq":1,"shadow_sp_faq":"shadow-2","text_align":"text-center","brand_image_size":"60","subtitle":"","subtitle_size":"fs-5","color_caption":"#6c757d","title_overlay":"","title_overlay_size":"3","color_title_overlay":"#000000","title":"F.A.Q","heading_tag":"h2","title_size":"h2","description":"","description_size":"fs-5","img_orientation":"landscape","img_crop":"center","img_thumbnail":"img-thumbnail","border_color":"border-primary","border_width":1,"shadow_sp":"shadow-2","img_align_desktop":"flex-lg-row","pt":12,"pb":13,"mt":0,"mb":0}}},"order":["template-product","16724093711e2e0ee2","comparaison_table_TJHG37","custom_border_rjGhQC","5f5695e6-4e71-4a2b-9e1d-417a7e6513aa","custom_border_ttBYDJ","collage_dynamique_qgrQay","d167404f-6e0f-4b9a-9302-986b992f1537","custom_border_iyNja3","89221060-6c7f-4552-9374-cdc2ce7cf1ee","custom_border_dNNXLy","4e54ffff-99eb-4588-b0f2-f39b3895a40d"]}