{"current":{"dark_mode_toggle":false,"type_header_font":"instrument_sans_n5","type_header_letter_spacing":-0.3,"type_header_line_height":1.3,"type_header_font_card":"instrument_sans_n5","heading_scale_card":109,"type_text_font_card":"instrument_sans_n4","type_body_font":"instrument_sans_n4","type_body_line_height":1.5,"body_scale":100,"type_subtitle_font":"instrument_sans_n6","type_button_font":"instrument_sans_n6","type_header_menu_font":"instrument_sans_n5","type_footer_menu_font":"instrument_sans_n5","type_popups_heading_font":"instrument_sans_n5","type_popups_text_font":"instrument_sans_n4","card_color_scheme":"background-1","badge_soldout_text_color":"#000000","on_hover":"none","product_color_option_display":"value","product_size_option_display":"value","type_color_swatch":"custom","swatch_type":"variant_image","trigger_swatch":"color","swatch_border_radius":0,"quickview_show":true,"add_to_cart_enabled":true,"show_on_mobile":true,"show_collection_card":true,"pagination_type":"load_more","button_style":"tertiary","cart_color_scheme":"background-1","empty_cart_dec":"Browse our latest collection or check your saved favorites to add more items to your cart.","account_type":"drawer","account_heading":"Welcome to Your Account","account_description":"Manage your profile, track your orders, and enjoy a seamless shopping journey with us.","currency_code_enabled":true,"home_page_slider":true,"show_back_to_top":true,"media_border_radius":0,"sale_badge_color_scheme":"background-1","sections":{"main-password-header":{"type":"main-password-header","settings":{"logo":"shopify:\/\/shop_images\/lessandromance_copy-2_63c81d2d-6071-49b6-b0ef-c3a6d52b895c.png","logo_width":190,"color_scheme":""}},"main-password-footer":{"type":"main-password-footer","settings":{"color_scheme":"background-1"}}},"content_for_index":[],"blocks":{"16160716078332068383":{"type":"shopify:\/\/apps\/rubik-variant-images\/blocks\/rubik-variant-images\/e684282e-1343-4a60-8fa2-6393aded15f6","disabled":false,"settings":{}}},"color_schemes":{"background-1":{"settings":{"colors_text":"#000000","colors_secondary_text":"#4d4d4d","colors_text_title":"#000000","colors_background_1":"#ffffff","colors_background_2":"#f5f5f5","background_gradient":"","colors_solid_button_labels":"#f9f9f9","colors_solid_button_labels_hover":"#f9f9f9","colors_solid_button_background":"#000000","colors_solid_button_background_hover":"#282828","colors_secondary_button_labels":"#000000","colors_secondary_button_labels_hover":"#000000","colors_outline_button_labels":"#ebebeb","colors_outline_button_labels_hover":"#eeeeee","colors_tertiary_button_labels":"#000000","colors_tertiary_button_labels_hover":"#ffffff","colors_tertiary_button_background":"#000000","colors_tertiary_button_background_hover":"#000000","colors_input_background":"#ffffff","colors_input_border":"#cccccc","colors_input_hover_border":"#808080","colors_background_overlay":"#000000","color_border":"#e1e1e1"}},"background-2":{"settings":{"colors_text":"#ffffff","colors_secondary_text":"#ffffff","colors_text_title":"#ffffff","colors_background_1":"#000000","colors_background_2":"#000000","background_gradient":"","colors_solid_button_labels":"#000000","colors_solid_button_labels_hover":"#000000","colors_solid_button_background":"#ffffff","colors_solid_button_background_hover":"#000000","colors_secondary_button_labels":"#ffffff","colors_secondary_button_labels_hover":"#ffffff","colors_outline_button_labels":"#000000","colors_outline_button_labels_hover":"#282828","colors_tertiary_button_labels":"#ffffff","colors_tertiary_button_labels_hover":"#000000","colors_tertiary_button_background":"#ffffff","colors_tertiary_button_background_hover":"#ffffff","colors_input_background":"#353535","colors_input_border":"#3e3e3e","colors_input_hover_border":"#3e3e3e","colors_background_overlay":"#000000","color_border":"#000000"}},"scheme-de376188-21b5-4b70-9f90-dcbdd1549bd2":{"settings":{"colors_text":"#ffffff","colors_secondary_text":"#ffffff","colors_text_title":"#ffffff","colors_background_1":"#ffffff","colors_background_2":"#f5f5f5","background_gradient":"","colors_solid_button_labels":"#f9f9f9","colors_solid_button_labels_hover":"#f9f9f9","colors_solid_button_background":"#000000","colors_solid_button_background_hover":"#282828","colors_secondary_button_labels":"#000000","colors_secondary_button_labels_hover":"#000000","colors_outline_button_labels":"#ebebeb","colors_outline_button_labels_hover":"#eeeeee","colors_tertiary_button_labels":"#000000","colors_tertiary_button_labels_hover":"#ffffff","colors_tertiary_button_background":"#000000","colors_tertiary_button_background_hover":"#000000","colors_input_background":"#ffffff","colors_input_border":"#cccccc","colors_input_hover_border":"#808080","colors_background_overlay":"#000000","color_border":"#e1e1e1"}}}},"presets":{"Madrid":{"type_header_font":"instrument_sans_n5","type_header_letter_spacing":-0.3,"type_header_line_height":1.3,"type_header_font_card":"instrument_sans_n5","heading_scale_card":109,"type_text_font_card":"instrument_sans_n4","type_body_font":"instrument_sans_n4","type_body_line_height":1.5,"type_subtitle_font":"instrument_sans_n6","type_button_font":"instrument_sans_n6","type_header_menu_font":"instrument_sans_n5","type_footer_menu_font":"instrument_sans_n5","type_popups_heading_font":"instrument_sans_n5","type_popups_text_font":"instrument_sans_n4","badge_soldout_text_color":"#000000","type_color_swatch":"custom","swatch_type":"variant_image","show_collection_card":true,"cart_color_scheme":"background-1","empty_cart_dec":"Browse our latest collection or check your saved favorites to add more items to your cart.","account_heading":"Welcome to Your Account","account_description":"Manage your profile, track your orders, and enjoy a seamless shopping journey with us.","home_page_slider":false,"sale_badge_color_scheme":"background-1","content_for_index":[],"color_schemes":{"background-1":{"settings":{"colors_text":"#000000","colors_secondary_text":"#4d4d4d","colors_text_title":"#000000","colors_background_1":"#ffffff","colors_background_2":"#f5f5f5","background_gradient":"","colors_solid_button_labels":"#f9f9f9","colors_solid_button_labels_hover":"#f9f9f9","colors_solid_button_background":"#000000","colors_solid_button_background_hover":"#282828","colors_secondary_button_labels":"#000000","colors_secondary_button_labels_hover":"#000000","colors_outline_button_labels":"#ebebeb","colors_outline_button_labels_hover":"#eeeeee","colors_tertiary_button_labels":"#000000","colors_tertiary_button_labels_hover":"#ffffff","colors_tertiary_button_background":"#000000","colors_tertiary_button_background_hover":"#000000","colors_input_background":"#ffffff","colors_input_border":"#cccccc","colors_input_hover_border":"#808080","colors_background_overlay":"#000000","color_border":"#e1e1e1"}},"background-2":{"settings":{"colors_text":"#ffffff","colors_secondary_text":"#a9a9a9","colors_text_title":"#ffffff","colors_background_1":"#282828","colors_background_2":"#1f1f1f","background_gradient":"","colors_solid_button_labels":"#000000","colors_solid_button_labels_hover":"#000000","colors_solid_button_background":"#ffffff","colors_solid_button_background_hover":"#eeeeee","colors_secondary_button_labels":"#ffffff","colors_secondary_button_labels_hover":"#ffffff","colors_outline_button_labels":"#000000","colors_outline_button_labels_hover":"#282828","colors_tertiary_button_labels":"#ffffff","colors_tertiary_button_labels_hover":"#000000","colors_tertiary_button_background":"#ffffff","colors_tertiary_button_background_hover":"#ffffff","colors_input_background":"#353535","colors_input_border":"#3e3e3e","colors_input_hover_border":"#3e3e3e","colors_background_overlay":"#000000","color_border":"#ded9d4"}}}},"Tote":{"type_header_font":"figtree_n5","type_header_letter_spacing":-0.2,"type_header_line_height":1.3,"type_header_font_card":"figtree_n5","heading_scale_card":110,"heading_card_letter_spacing":-0.2,"type_text_font_card":"figtree_n4","type_body_font":"figtree_n4","type_body_line_height":1.5,"type_subtitle_font":"figtree_n6","subtitle_text_transform":"uppercase","subtitle_scale":100,"subtitle_letter_spacing":1,"type_button_font":"figtree_n6","button_text_transform":"none","button_scale":134,"button_letter_spacing":0,"type_header_menu_font":"figtree_n5","header_menu_scale":145,"type_footer_menu_font":"figtree_n5","header_footer_menu_scale":145,"type_popups_heading_font":"figtree_n5","type_popups_text_font":"figtree_n4","badge_soldout_text_color":"#000000","product_color_option_display":"value","swatch_type":"color","show_collection_card":true,"search_collection_list":[],"search_heading":"Collection Name","cart_color_scheme":"background-1","cart_image_ratio":"square","empty_cart_dec":"Browse our latest collection or check your saved favorites to add more items to your cart.","empty_cart_heading":"Casual Collection","account_heading":"Welcome to Your Account","account_description":"Manage your profile, track your orders, and enjoy a seamless shopping journey with us.","sale_badge_color_scheme":"background-1","content_for_index":[],"color_schemes":{"background-1":{"settings":{"colors_text":"#000000","colors_secondary_text":"#4d4d4d","colors_text_title":"#000000","colors_background_1":"#ffffff","colors_background_2":"#f4f4f4","background_gradient":"","colors_solid_button_labels":"#f9f9f9","colors_solid_button_labels_hover":"#f9f9f9","colors_solid_button_background":"#000000","colors_solid_button_background_hover":"#282828","colors_secondary_button_labels":"#000000","colors_secondary_button_labels_hover":"#000000","colors_outline_button_labels":"#ebebeb","colors_outline_button_labels_hover":"#eeeeee","colors_tertiary_button_labels":"#000000","colors_tertiary_button_labels_hover":"#ffffff","colors_tertiary_button_background":"#000000","colors_tertiary_button_background_hover":"#000000","colors_input_background":"#ffffff","colors_input_border":"#cccccc","colors_input_hover_border":"#808080","colors_background_overlay":"#000000","color_border":"#e1e1e1"}},"background-2":{"settings":{"colors_text":"#ffffff","colors_secondary_text":"#a9a9a9","colors_text_title":"#ffffff","colors_background_1":"#282828","colors_background_2":"#1f1f1f","background_gradient":"","colors_solid_button_labels":"#000000","colors_solid_button_labels_hover":"#000000","colors_solid_button_background":"#ffffff","colors_solid_button_background_hover":"#eeeeee","colors_secondary_button_labels":"#ffffff","colors_secondary_button_labels_hover":"#ffffff","colors_outline_button_labels":"#000000","colors_outline_button_labels_hover":"#282828","colors_tertiary_button_labels":"#ffffff","colors_tertiary_button_labels_hover":"#000000","colors_tertiary_button_background":"#ffffff","colors_tertiary_button_background_hover":"#ffffff","colors_input_background":"#353535","colors_input_border":"#3e3e3e","colors_input_hover_border":"#3e3e3e","colors_background_overlay":"#000000","color_border":"#ded9d4"}}}},"Heat":{"type_header_font":"cormorant_i5","heading_h1_scale":119,"heading_h2_scale":123,"heading_h3_scale":129,"type_header_letter_spacing":-0.3,"type_header_line_height":1.3,"type_header_font_card":"dm_sans_n5","heading_scale_card":110,"heading_card_letter_spacing":-0.2,"type_text_font_card":"dm_sans_n4","type_body_font":"dm_sans_n4","type_body_line_height":1.5,"type_subtitle_font":"dm_sans_n5","subtitle_text_transform":"uppercase","subtitle_scale":100,"subtitle_letter_spacing":1,"type_button_font":"dm_sans_n5","button_text_transform":"none","button_scale":134,"button_letter_spacing":-0.1,"type_header_menu_font":"dm_sans_n5","header_menu_scale":100,"type_header_menu_letter_spacing":1,"header_menu_text_transform":"uppercase","type_footer_menu_font":"dm_sans_n5","header_footer_menu_scale":100,"type_footer_menu_letter_spacing":1,"footer_menu_text_transform":"uppercase","type_popups_heading_font":"cormorant_i5","type_popups_text_font":"dm_sans_n4","badge_soldout_text_color":"#000000","product_color_option_display":"value","show_collection_card":true,"search_collection_list":[],"search_heading":"Collection Name","cart_color_scheme":"background-1","empty_cart_dec":"Browse our latest collection or check your saved favorites to add more items to your cart.","empty_cart_heading":"Sunkissed Collection","account_heading":"Welcome to Your Account","account_description":"Manage your profile, track your orders, and enjoy a seamless shopping journey with us.","home_page_slider":true,"sale_badge_color_scheme":"background-1","content_for_index":[],"color_schemes":{"background-1":{"settings":{"colors_text":"#000000","colors_secondary_text":"#4d4d4d","colors_text_title":"#000000","colors_background_1":"#ffffff","colors_background_2":"#f4f4f4","background_gradient":"","colors_solid_button_labels":"#f9f9f9","colors_solid_button_labels_hover":"#f9f9f9","colors_solid_button_background":"#000000","colors_solid_button_background_hover":"#282828","colors_secondary_button_labels":"#000000","colors_secondary_button_labels_hover":"#000000","colors_outline_button_labels":"#ebebeb","colors_outline_button_labels_hover":"#eeeeee","colors_tertiary_button_labels":"#000000","colors_tertiary_button_labels_hover":"#ffffff","colors_tertiary_button_background":"#000000","colors_tertiary_button_background_hover":"#000000","colors_input_background":"#ffffff","colors_input_border":"#cccccc","colors_input_hover_border":"#808080","colors_background_overlay":"#000000","color_border":"#e1e1e1"}},"background-2":{"settings":{"colors_text":"#ffffff","colors_secondary_text":"#a9a9a9","colors_text_title":"#ffffff","colors_background_1":"#282828","colors_background_2":"#1f1f1f","background_gradient":"","colors_solid_button_labels":"#000000","colors_solid_button_labels_hover":"#000000","colors_solid_button_background":"#ffffff","colors_solid_button_background_hover":"#eeeeee","colors_secondary_button_labels":"#ffffff","colors_secondary_button_labels_hover":"#ffffff","colors_outline_button_labels":"#000000","colors_outline_button_labels_hover":"#282828","colors_tertiary_button_labels":"#ffffff","colors_tertiary_button_labels_hover":"#000000","colors_tertiary_button_background":"#ffffff","colors_tertiary_button_background_hover":"#ffffff","colors_input_background":"#353535","colors_input_border":"#3e3e3e","colors_input_hover_border":"#3e3e3e","colors_background_overlay":"#000000","color_border":"#ded9d4"}}}},"Cleanse":{"type_header_font":"newsreader_n4","heading_h1_scale":110,"type_header_letter_spacing":-0.3,"type_header_line_height":1.3,"type_header_font_card":"dm_sans_n5","type_text_font_card":"dm_sans_n4","type_body_font":"dm_sans_n4","type_body_line_height":1.5,"type_subtitle_font":"dm_sans_n7","type_button_font":"dm_sans_n7","button_letter_spacing":0.8,"type_header_menu_font":"dm_sans_n5","type_footer_menu_font":"dm_sans_n5","type_popups_heading_font":"newsreader_n4","type_popups_text_font":"dm_sans_n4","badge_soldout_text_color":"#000000","product_size_option_display":"value","show_collection_card":true,"search_collection_list":[],"search_heading":"Collection Name","cart_color_scheme":"background-1","cart_image_ratio":"square","empty_cart_dec":"Browse our latest collection or check your saved favorites to add more items to your cart.","notification_product_list":[],"account_heading":"Welcome to Your Account","account_description":"Manage your profile, track your orders, and enjoy a seamless shopping journey with us.","sale_badge_color_scheme":"background-1","content_for_index":[],"color_schemes":{"background-1":{"settings":{"colors_text":"#000000","colors_secondary_text":"#4d4d4d","colors_text_title":"#000000","colors_background_1":"#ffffff","colors_background_2":"#f7f7f7","background_gradient":"","colors_solid_button_labels":"#f9f9f9","colors_solid_button_labels_hover":"#f9f9f9","colors_solid_button_background":"#000000","colors_solid_button_background_hover":"#282828","colors_secondary_button_labels":"#000000","colors_secondary_button_labels_hover":"#000000","colors_outline_button_labels":"#ebebeb","colors_outline_button_labels_hover":"#eeeeee","colors_tertiary_button_labels":"#000000","colors_tertiary_button_labels_hover":"#ffffff","colors_tertiary_button_background":"#000000","colors_tertiary_button_background_hover":"#000000","colors_input_background":"#ffffff","colors_input_border":"#cccccc","colors_input_hover_border":"#808080","colors_background_overlay":"#000000","color_border":"#e1e1e1"}},"background-2":{"settings":{"colors_text":"#ffffff","colors_secondary_text":"#a9a9a9","colors_text_title":"#ffffff","colors_background_1":"#282828","colors_background_2":"#1f1f1f","background_gradient":"","colors_solid_button_labels":"#000000","colors_solid_button_labels_hover":"#000000","colors_solid_button_background":"#ffffff","colors_solid_button_background_hover":"#eeeeee","colors_secondary_button_labels":"#ffffff","colors_secondary_button_labels_hover":"#ffffff","colors_outline_button_labels":"#000000","colors_outline_button_labels_hover":"#282828","colors_tertiary_button_labels":"#ffffff","colors_tertiary_button_labels_hover":"#000000","colors_tertiary_button_background":"#ffffff","colors_tertiary_button_background_hover":"#ffffff","colors_input_background":"#353535","colors_input_border":"#3e3e3e","colors_input_hover_border":"#3e3e3e","colors_background_overlay":"#000000","color_border":"#ded9d4"}}}},"Furnish":{"type_header_font":"figtree_n5","type_header_letter_spacing":-0.2,"type_header_line_height":1.3,"type_header_font_card":"figtree_n5","heading_scale_card":109,"type_text_font_card":"figtree_n4","text_scale_card":120,"type_body_font":"figtree_n4","type_body_line_height":1.5,"type_subtitle_font":"figtree_n6","subtitle_text_transform":"uppercase","subtitle_scale":100,"subtitle_letter_spacing":0.8,"type_button_font":"figtree_n6","button_letter_spacing":0.8,"button_border_radius":3,"type_header_menu_font":"figtree_n5","type_footer_menu_font":"figtree_n5","type_popups_heading_font":"figtree_n5","type_popups_text_font":"figtree_n4","badge_soldout_text_color":"#000000","show_collection_card":true,"search_collection_list":[],"search_heading":"Collection Name","cart_color_scheme":"background-1","empty_cart_dec":"Browse our latest collection or check your saved favorites to add more items to your cart.","empty_cart_heading":"Storage Collection","account_heading":"Welcome to Your Account","account_description":"Manage your profile, track your orders, and enjoy a seamless shopping journey with us.","media_border_radius":3,"sale_badge_color_scheme":"background-1","content_for_index":[],"color_schemes":{"background-1":{"settings":{"colors_text":"#000000","colors_secondary_text":"#4d4d4d","colors_text_title":"#000000","colors_background_1":"#ffffff","colors_background_2":"#f4f4f4","background_gradient":"","colors_solid_button_labels":"#f9f9f9","colors_solid_button_labels_hover":"#f9f9f9","colors_solid_button_background":"#000000","colors_solid_button_background_hover":"#282828","colors_secondary_button_labels":"#000000","colors_secondary_button_labels_hover":"#000000","colors_outline_button_labels":"#ebebeb","colors_outline_button_labels_hover":"#eeeeee","colors_tertiary_button_labels":"#000000","colors_tertiary_button_labels_hover":"#ffffff","colors_tertiary_button_background":"#000000","colors_tertiary_button_background_hover":"#000000","colors_input_background":"#ffffff","colors_input_border":"#cccccc","colors_input_hover_border":"#808080","colors_background_overlay":"#000000","color_border":"#e1e1e1"}},"background-2":{"settings":{"colors_text":"#ffffff","colors_secondary_text":"#a9a9a9","colors_text_title":"#ffffff","colors_background_1":"#282828","colors_background_2":"#1f1f1f","background_gradient":"","colors_solid_button_labels":"#000000","colors_solid_button_labels_hover":"#000000","colors_solid_button_background":"#ffffff","colors_solid_button_background_hover":"#eeeeee","colors_secondary_button_labels":"#ffffff","colors_secondary_button_labels_hover":"#ffffff","colors_outline_button_labels":"#000000","colors_outline_button_labels_hover":"#282828","colors_tertiary_button_labels":"#ffffff","colors_tertiary_button_labels_hover":"#000000","colors_tertiary_button_background":"#ffffff","colors_tertiary_button_background_hover":"#ffffff","colors_input_background":"#353535","colors_input_border":"#3e3e3e","colors_input_hover_border":"#3e3e3e","colors_background_overlay":"#000000","color_border":"#ded9d4"}}}}}}