{"current":{"color_text":"#3a3a3a","color_body_text":"#4c4a4a","color_sale_text":"#396e0b","color_button":"#3a3a3a","color_button_text":"#ffffff","color_small_button_text_border":"#3a3a3a","color_text_field_text":"#000000","color_text_field_border":"#cccccc","color_text_field":"#ffffff","color_image_overlay_text":"#ffffff","color_image_overlay":"#ffffff","image_overlay_opacity":0,"color_borders":"#ffffff","color_body_bg":"#ffffff","type_header_font":"nunito_n6","type_header_base_size":20,"type_base_font":"nunito_n6","type_base_size":14,"predictive_search_enabled":true,"predictive_search_show_price":true,"share_twitter":true,"share_pinterest":false,"social_facebook_link":"https:\/\/www.facebook.com\/p\/SNUG-Brandwear-100063704942484\/","social_pinterest_link":"","social_instagram_link":"https:\/\/www.instagram.com\/snug_brandwear\/","social_youtube_link":"https:\/\/www.youtube.com\/channel\/UCQyCmt9E6o2YGdDlmJUxPJw","favicon":"shopify:\/\/shop_images\/favicon-32x32.png","recommended_products":["forest-kadife-baggy-pantolon-erkek","khaki-kadife-baggy-pantolon-erkek","premium-khaki-kadife-baggy-pantolon-kadin","mavi-kadife-baggy-pantolon-kadin","night-baggy-pantolon-kadin","kisl","night-siyah-baggy-pantolon","bej-flow-pantolon","night-kadife-baggy-pantolon-erkek-copy","dune-flow-pantolon-kadin","retroknit-bej-kazak","siver-flow-pantolon-erkek","kadin-dune-baggy-pantolon","haki-flow-pantolon","sand-spring-breeze-kadin-gomlek","forest-fisherman-bere","argyle-desenli-bej-triko-kazak-copy","desenli-polar-ceket","desenli-kirmizi-ceket","desenli-forest-polar-ceket","kadin-forest-baggy-pantolon","forest-baggy-pantolon","night-flow-pantolon-kadin","night-flow-pantolon","striped-kolsuz-triko-suveter","yesil-desenli-triko-kazak-copy","snow-keten-erkek-gomlek-copy","a-feel-silver-gomlek-copy","stripped-pembe-orme-crop","etnik-orme-pamuk-crop","snow-spring-breeze-erkek-gomlek","snug-orme-erkek-crop-bluz-copy","4-silver-oversize-unisex-t-shirt-light-gray","night-orme-kazak","retroknit-night-kazak","silver-panter-desenli-triko-kazak","antrasit-gray-oversize-t-shirt","retro-orme-pamuk-crop","snow-keten-erkek-gomlek","sand-oversize-t-shirt","haki-flow-pantolon-erkek","copy-of-night-baggy-pantolon","forest-kadife-baggy-pantolon-kadin","divine-oneness-canta","dune-baggy-pantolon","snow-keten-bandeau","silver-gri-baggy-pantolon","bej-flow-pantolon-erkek","dune-flow-pantolon","silver-baggy-pantolon-kadin"],"free_shipping_threshold":2000,"badge_1_label":"ϟ Tükenmek üzere","badge_1_products":["forest-baggy-pantolon","silver-gri-baggy-pantolon","night-sky-pamuk-keten-kadin-gomlek","snow-pamuk-keten-kadin-gomlek","night-flow-pantolon","snug-striped-etek-ve-crop-takim","sand-bej-kimono-ceket","forest-duz-paca-pantolon","night-siyah-baggy-pantolon","night-fine-knitted-kimono","bej-flow-pantolon","haki-flow-pantolon","copy-of-night-duz-paca-pantolon","kadin-forest-baggy-pantolon","night-baggy-pantolon-kadin","copy-of-night-baggy-pantolon","night-sky-keten-erkek-gomlek","silver-baggy-pantolon-kadin","snow-keten-erkek-gomlek","snug-night-triko-hirka","snug-night-triko-hirka-erkek","haki-flow-pantolon-erkek","bej-flow-pantolon-erkek","sand-baggy-pantolon-kadin","sand-baggy-pantolon","dune-flow-pantolon","dune-flow-pantolon-kadin","siver-flow-pantolon-erkek","forest-haki-kimono-ceket","forest-fisherman-bere","silver-oversize-wrapper","premium-khaki-kadife-baggy-pantolon-kadin","night-duz-paca-pantolon-erkek","night-kadife-baggy-pantolon-erkek-copy","desenli-kirmizi-ceket","antrasit-gray-oversize-t-shirt","oversize-hardal-duz-kazak","brick-oversize-triko-hirka-copy","desenli-forest-polar-ceket","desenli-polar-ceket","night-flow-pantolon-kadin","kadin-dune-baggy-pantolon","dune-baggy-pantolon","sand-oversize-t-shirt","marine-mavi-oversize-tshirt","khaki-kadife-baggy-pantolon-erkek","forest-kadife-baggy-pantolon-erkek","forest-kadife-baggy-pantolon-kadin","kisl","mavi-kadife-baggy-pantolon-kadin"],"badge_2_label":"☹ Tükendi","badge_2_products":["orange-triko-crop","kadin-green-basic-cotton-t-shirt","forest-oversized-sal","vanillia-krem-crop-top-t_shirt","spiral-bucket-sapka","antrasit-retro-pantolon","snow-kadin-basic-cotton-t-shirt","antrasit-keten-pantolon-1","sand-duz-paca-pantolon","snow-premium-oversize-t-shirt","copy-of-vanillia-krem-crop","night-rabbit-crop","coffee-oversize-wrapper","night-knitted-oversize-wrapper","2-baby-blue-bucket-sapka-baby-blue-bucket-hat","forest-safari-sapka","mint-knitted-oversize-wrapper","retro-orgu-kazak","3-sand-bucket-sapka-sand-bucket-hat","sand-safari-sapka","save-the-reef-pembe-sapka","yesil-keten-pantolon","bej-keten-bandeau","night-fisherman-bere","lipstick-street-beanies","sky-fisherman-bere","night-slash-crop-top","argyle-desenli-bej-triko-kazak-copy-1","spiral-unisex-bej-sweatshirt","spiral-unisex-night-sweatshirt","spiral-unisex-yesil-sweatshirt","street-beanies","4-silver-oversize-unisex-t-shirt-light-gray","khaki-basic-crop-top","night-oversize-wrapper-1","forest-yukata","silver-fisherman-bere","retroknit-bej-white-kazak","retroknit-silverbej-kazak","retroknit-night-kazak","2-forest-oversize-unisex-tshirt","night-oversize-triko-t-shirt","orange-vintage-triko-suveter","yesil-desenli-triko-kazak","yesil-desenli-triko-suveter-kadin","yesil-desenli-triko-kazak-copy"],"badge_3_label":"FW 24 🆕","badge_3_products":["retroknit-bej-kazak","argyle-desenli-bej-triko-kazak-copy-1","retroknit-night-kazak","retroknit-silverbej-kazak","argyle-desenli-bej-triko-kazak-copy","silver-panter-desenli-triko-kazak","fine-crop-orgu-kazak","yesil-desenli-triko-kazak-copy","snug-silver-esofman-alti","snow-keten-erkek-gomlek-copy","snow-spring-breeze-erkek-gomlek","sand-spring-breeze-kadin-gomlek","fine-dantel-orgu-elbise","striped-kolsuz-triko-suveter","encore-orgu-elbise","night-orme-kazak","snug-orme-erkek-crop-bluz-copy","a-feel-silver-gomlek-copy","snug-orme-erkek-crop-bluz","stripped-mavi-top","stripped-pembe-orme-crop","dune-kolsuz-triko-kazak","etnik-orme-pamuk-crop","retro-orme-pamuk-crop","retroknit-bej-white-kazak","premium-khaki-kadife-baggy-pantolon-kadin","desenli-kirmizi-ceket","desenli-polar-ceket","desenli-polar-ceket-1","forest-duz-paca-pantolon-kadin","night-kadife-baggy-pantolon-erkek-copy","desenli-forest-polar-ceket","fawn-desenli-triko-suveter","pink-panter-desenli-triko-suveter","desenli-kirmizi-polar-ceket-copy","monochrome-desenli-triko-suveter","siyah-beyaz-kapusonlu-crop-kazak-copy","limited-gomlek"],"badge_4_label":"Ön Sipariş 🔜📦","badge_4_products":[],"checkout_logo_image":"shopify:\/\/shop_images\/Snug_Logo_Design_1_-10_copy_f6883fe6-59e1-48d6-bc7c-4e3c95414f31.png","checkout_logo_position":"center","checkout_logo_size":"large","checkout_body_background_color":"#ffffff","checkout_input_background_color_mode":"white","checkout_sidebar_background_color":"#fafafa","checkout_heading_font":"-apple-system, BlinkMacSystemFont, 'Segoe UI', Roboto, Helvetica, Arial, sans-serif, 'Apple Color Emoji', 'Segoe UI Emoji', 'Segoe UI Symbol'","checkout_body_font":"-apple-system, BlinkMacSystemFont, 'Segoe UI', Roboto, Helvetica, Arial, sans-serif, 'Apple Color Emoji', 'Segoe UI Emoji', 'Segoe UI Symbol'","checkout_accent_color":"#535658","checkout_button_color":"#1f6793","checkout_error_color":"#e22120","checkout_layout":"threepage","sections":{"header":{"type":"header","settings":{"align_logo":"left","logo":"shopify:\/\/shop_images\/Snug_Logo_Design_1_-10_copy_180x_d5abd8fa-345a-4ad9-855b-02c91b1bfc32.png","logo_max_width":120,"main_linklist":"main-menu","message":true,"home_page_only":false,"message_text":"2000 ₺ VE ÜZERİ ALIŞVERİŞE NET %20 İNDİRİM 🌀","message_link":"shopify:\/\/collections\/summer-fw23-collection","color_bg":"#eaff4e","color_text":"#4b4949"}},"feature-row":{"type":"feature-row","disabled":true,"settings":{"image":"shopify:\/\/shop_images\/Snug_-_135_copy.jpg","layout":"right","title":"","text":"","button_label":"","button_link":""}},"feature-columns":{"type":"feature-columns","blocks":{"feature-columns-0":{"type":"text_block","settings":{"enable_image":true,"title":"Başlık ve slogan ekleyin","text":"<p>Müşterilerinizle blog gönderileri, ürünler ve promosyonlar paylaşın. Ürünleri açıklamak, stok durumu ve stil ile ilgili ayrıntıları paylaşmak veya son değerlendirmeleri ya da SSS'leri göstereceğiniz bir alan olarak yararlanmak için bu metni kullanabilirsiniz.<\/p>","button_label":"","button_link":""}},"feature-columns-1":{"type":"text_block","settings":{"enable_image":true,"title":"Başlık ve slogan ekleyin","text":"<p>Müşterilerinizle blog gönderileri, ürünler ve promosyonlar paylaşın. Ürünleri açıklamak, stok durumu ve stil ile ilgili ayrıntıları paylaşmak veya son değerlendirmeleri ya da SSS'leri göstereceğiniz bir alan olarak yararlanmak için bu metni kullanabilirsiniz.<\/p>","button_label":"","button_link":""}},"feature-columns-2":{"type":"text_block","settings":{"enable_image":true,"title":"Başlık ve slogan ekleyin","text":"<p>Müşterilerinizle blog gönderileri, ürünler ve promosyonlar paylaşın. Ürünleri açıklamak, stok durumu ve stil ile ilgili ayrıntıları paylaşmak veya son değerlendirmeleri ya da SSS'leri göstereceğiniz bir alan olarak yararlanmak için bu metni kullanabilirsiniz.<\/p>","button_label":"","button_link":""}}},"block_order":["feature-columns-0","feature-columns-1","feature-columns-2"],"settings":{"title":"","align_text":"left"}},"collection":{"type":"collection","disabled":true,"settings":{"title":"","collection":"summer-fw23-collection","grid":5,"rows":4,"show_vendor":false,"show_view_all":false}},"quotes":{"type":"quotes","blocks":{"quotes-0":{"type":"quote","settings":{"quote":"<p>Müşteri değerlendirmeleri ve kullanıcı görüşleri ekleyerek mağazanızdan memnun kalan müşterileri gösterin.<\/p>","author":"Yazar adı"}},"quotes-1":{"type":"quote","settings":{"quote":"<p>Müşteri değerlendirmeleri ve kullanıcı görüşleri ekleyerek mağazanızdan memnun kalan müşterileri gösterin.<\/p>","author":"Yazar adı"}},"quotes-2":{"type":"quote","settings":{"quote":"<p>Müşteri değerlendirmeleri ve kullanıcı görüşleri ekleyerek mağazanızdan memnun kalan müşterileri gösterin.<\/p>","author":"Yazar adı"}}},"block_order":["quotes-0","quotes-1","quotes-2"],"settings":{"title":""}},"image-bar":{"type":"image-bar","blocks":{"image-bar-1":{"type":"image","settings":{"image":"shopify:\/\/shop_images\/Screen_Shot_2021-10-25_at_12.47.24_copy.png","alignment":"center","link":"shopify:\/\/collections\/college-beanies","cta_label":""}},"image-bar-2":{"type":"image","settings":{"image":"shopify:\/\/shop_images\/Screen_Shot_2021-10-25_at_12.47.24_copy_c56061c4-ddd1-468f-bb0b-8d5305b38580.png","alignment":"center","link":"shopify:\/\/collections\/shalls","cta_label":""}},"image-bar-0":{"type":"image","settings":{"image":"shopify:\/\/shop_images\/Screen_Shot_2021-10-25_at_12.47.24_copy_584a9465-c14b-44a6-b5c4-fcf74e24a159.png","alignment":"center","link":"shopify:\/\/collections\/canta","cta_label":""}}},"block_order":["image-bar-1","image-bar-2","image-bar-0"],"disabled":true,"settings":{"section_height":"medium"}},"footer":{"type":"footer","blocks":{"d8e34180-04e4-441f-8aa4-273be48f0a64":{"type":"text","settings":{"title":"İletişim","text":"<h4><strong>Sosyal Medya <\/strong>↳<a href=\"https:\/\/www.instagram.com\/snug_brandwear\/\" title=\"https:\/\/www.instagram.com\/snug_brandwear\/\">Instagram  <\/a><\/h4><p><strong>E posta: info@snugbrandwear.com<\/strong><a href=\"mailto:info@wwfmarket.com\"><strong><br\/><\/strong><\/a><\/p><p><strong>Kurumsal: hello@snugbrandwear.com<\/strong><\/p><p><strong>Sipariş Destek Hattı: 08502550358<\/strong><\/p><p><strong>Her Gün : 09.00 - 18.00<\/strong><\/p>"}},"footer-0":{"type":"link_list","settings":{"title":"Hızlı bağlantılar","menu":"footer"}},"newsletter_dMY8dV":{"type":"newsletter","settings":{"title":"Bültenimize kaydolun, kampanyalardan ilk sizin haberiniz olsun🌀"}}},"block_order":["d8e34180-04e4-441f-8aa4-273be48f0a64","footer-0","newsletter_dMY8dV"],"settings":{"show_payment_icons":true,"color_footer_bg":"#f9fafa","color_footer_text":"#333232","show_locale_selector":false,"show_currency_selector":false}},"product-template":{"type":"product-template","custom_css":[".product-single__media .plyr__video-wrapper {height: unset;}",".product-single__description {margin-bottom: 0 !important;}"],"settings":{"show_quantity_selector":false,"show_vendor":false,"enable_payment_button":false,"show_share_buttons":false,"media_size":"large","enable_image_zoom":true,"enable_video_looping":true}},"product-recommendations":{"type":"product-recommendations","custom_css":[".product-recommendations__inner {padding-top: 30px;}"],"settings":{"show_product_recommendations":true,"heading":"","show_vendor":false}},"collection-template":{"type":"collection-template","settings":{"layout":"grid","grid":3,"rows":4,"show_collection_image":false,"show_vendor":false,"sort_enable":false,"tags_enable":false}},"16514057578b814895":{"type":"slideshow","blocks":{"1289b9c3-b076-485d-80a4-bd3e23acaf77":{"type":"image","settings":{"image":"shopify:\/\/shop_images\/4_96278b7a-dc8b-43dd-8955-5d55503034fc.jpg","image_mobile":"shopify:\/\/shop_images\/banner_d17a1415-7757-4812-a908-99ff8fd2a328.jpg","image_link":"shopify:\/\/collections\/summer-fw23-collection","half_image_link_1":"shopify:\/\/collections\/summer-fw23-collection","half_image_link_2":"shopify:\/\/collections\/summer-fw23-collection","alignment":"center center","slide_title":"","subheading":"","button_label":"","button_link":""}},"63ebcf56-81a6-4f17-a2f8-b6347ae926df":{"type":"image","settings":{"image":"shopify:\/\/shop_images\/1_48547206-6183-426f-87e8-2406423fe32d.jpg","image_mobile":"shopify:\/\/shop_images\/4_23e4dc78-f10f-4878-94a1-69510ec1ea53.jpg","image_link":"shopify:\/\/collections\/summer-fw23-collection","half_image_link_1":"shopify:\/\/collections\/summer-fw23-collection","half_image_link_2":"shopify:\/\/collections\/summer-fw23-collection","alignment":"center top","slide_title":"","subheading":"","button_label":"","button_link":""}},"30d8f85f-6ea4-4a52-aa6e-38be0626b363":{"type":"image","settings":{"image":"shopify:\/\/shop_images\/5_eac5f8cc-4c6e-4fac-a752-209a7f7035ed.jpg","image_mobile":"shopify:\/\/shop_images\/2_6ef69857-45c4-43db-a7a8-0f37d2a0fe8c.jpg","image_link":"shopify:\/\/collections\/summer-fw23-collection","half_image_link_1":"shopify:\/\/collections\/summer-fw23-collection","half_image_link_2":"","alignment":"center top","slide_title":"","subheading":"","button_label":"","button_link":""}},"de127bba-3e73-4aec-b476-7c95d874663d":{"type":"image","settings":{"image":"shopify:\/\/shop_images\/Banner-2-Yatay.jpg","image_mobile":"shopify:\/\/shop_images\/Snug_mountain_rabbit_crop_1080_x_1920_px_1269_x_1904_px_1204_x_1024_px_1880_x_1280_px_1269_x_1904_px_1080_x_1920_px.jpg","image_link":"shopify:\/\/collections\/summer-fw23-collection","half_image_link_1":"shopify:\/\/collections\/summer-fw23-collection","half_image_link_2":"","alignment":"center center","slide_title":"","subheading":"","button_label":"","button_link":""}},"8fe9a8fb-4387-4ee4-9fb8-ba2fae26a3de":{"type":"image","settings":{"image":"shopify:\/\/shop_images\/1_a277c01e-04fe-49e0-b3bd-4c6e8dd07b2b.jpg","image_mobile":"shopify:\/\/shop_images\/2_81e887e1-d881-44e9-ad59-88a9b8fae114.jpg","image_link":"shopify:\/\/collections\/summer-fw23-collection","half_image_link_1":"shopify:\/\/collections\/summer-fw23-collection","half_image_link_2":"shopify:\/\/collections\/summer-fw23-collection","alignment":"center center","slide_title":"","subheading":"","button_label":"","button_link":""}},"d1830b0c-f594-43e3-a93b-cf2db78f1f12":{"type":"image","settings":{"image":"shopify:\/\/shop_images\/2_06a5f48a-7baf-4aef-b168-66847ffd5b6d.jpg","image_mobile":"shopify:\/\/shop_images\/2_45693ad3-6475-4c39-ba8a-2094a6dea990.jpg","image_link":"shopify:\/\/collections\/summer-fw23-collection","half_image_link_1":"shopify:\/\/collections\/summer-fw23-collection","half_image_link_2":"shopify:\/\/collections\/summer-fw23-collection","alignment":"center top","slide_title":"","subheading":"","button_label":"","button_link":""}}},"block_order":["1289b9c3-b076-485d-80a4-bd3e23acaf77","63ebcf56-81a6-4f17-a2f8-b6347ae926df","30d8f85f-6ea4-4a52-aa6e-38be0626b363","de127bba-3e73-4aec-b476-7c95d874663d","8fe9a8fb-4387-4ee4-9fb8-ba2fae26a3de","d1830b0c-f594-43e3-a93b-cf2db78f1f12"],"custom_css":[],"settings":{"slideshow_height":"adapt","text_size":"medium","text_alignment":"center top","show_overlay":true,"autorotate":true,"autorotate_speed":5}},"cart-template":{"type":"cart-template","settings":{"cart_ajax_enable":true,"cart_notes_enable":true}},"9c8b7149-751b-494f-8e04-a645073fdd41":{"type":"collection-slider","disabled":true,"settings":{"title":"FW-24","badge-color-0":"#3ddc1e","badge-text-1":"","badge-color-1":"#3364ab","badge-text-2":"best","badge-color-2":"#96a9c2","badge-text-3":"","badge-color-3":"#19c025","badge-text-4":"seller","badge-color-4":"#ff6719","collection":"fw-24","grid":5,"rows":5,"show_vendor":false,"show_view_all":false}},"6079fb46-ed5d-4e23-a25d-dadea260d00c":{"type":"hero","custom_css":[".index-section {padding-top: 0;}"],"settings":{"image":"shopify:\/\/shop_images\/mailing_boyut_2_Recovered_copy.png","alignment":"center","hero_layout":"full_width","hero_size":"large","text_size":"medium","title":"","text":"","button_label":"","button_link":"shopify:\/\/collections\/i̇ndi̇ri̇m"}},"729fa62d-12c3-43ff-bd72-0ab4da9be6d7":{"type":"collection-slider","disabled":true,"settings":{"title":"GÖMLEK","badge-color-0":"#67b729","badge-text-1":"","badge-color-1":"#ff6f88","badge-text-2":"","badge-color-2":"#ff6f88","badge-text-3":"","badge-color-3":"#ff6f88","badge-text-4":"","badge-color-4":"#ff6f88","collection":"unisex-keten-gomlek","grid":5,"rows":5,"show_vendor":false,"show_view_all":false}},"list-collections-template":{"type":"list-collections-template","settings":{"display_type":"all","sort":"alphabetical","grid":3}},"blog-template":{"type":"blog-template","settings":{"layout":"list","blog_show_author":false,"blog_show_date":false}},"822a42e0-4cff-4d16-9d8a-ec1a4a4ff31e":{"type":"wishit-faq","blocks":{"3f59eb69-bd6a-45ad-aa54-9904dc7d7b23":{"type":"faq","settings":{"faq-heading":"Kargomu nasıl takip edebilirim?","faq-content":"<p>Siparişiniz, satın alma işleminiz gerçekleştikten sonra 1 iş günü içinde kargoya verilir, Siparişinizi kargoya teslim ettiğimizde e-posta ve SMS ile size bilgilendireceğiz. <\/p><p>Siparişiniz kargoya teslim edildikten sonra kargonun teslim süresi<\/p><p> <strong>1 – 3<\/strong> <strong>iş günüdür. <\/strong><\/p>"}},"473336ba-350d-43ac-a3ce-bbd7c8f17775":{"type":"faq","settings":{"faq-heading":"Değişim-iade sürem nedir?","faq-content":"<p><strong>Ürünleri teslim aldığınızdan itibaren 14 gün içerisinde ücretsiz değişim ve iade hakkınız vardır<\/strong>. <\/p><p>Size yollayacağımız Kargo üye kodumuz üzerinden iade kaydınızı oluşturarak iade kargonuzu size en yakın yurtiçi kargoya teslim edebilirsiniz.<\/p><p>İade ve değişim talepleriniz için info@snugbrandwear.com adresine e-posta gönderin. E-postada şu bilgileri belirtin:<\/p><p>Sipariş sahibinin adı ve soyadı<\/p><p>Sipariş adresi<\/p><p>İade\/Değişim talebinin sebebi (Örn: Yanlış veya Kusurlu Ürün)<\/p><p>Destek ekibimiz e-posta yoluyla sizinle iletişime geçecektir.<\/p><p>Destek ekibimiz, Yurtiçi Kargo ile gönderim yapabileceğiniz mağaza numaramızı sizlere iletecektir.<\/p><p>Kargo süreci başladığı tarihten 7- 14 iş gün içerisinde, Kalite Kontrol ekibimiz ürünlerinizi inceleyecek ve İade\/Değişim cevabınızı tarafınıza e-posta yoluyla bildirecektir.<\/p><p><\/p><p><\/p>"}},"faq_RAMwEj":{"type":"faq","disabled":true,"settings":{"faq-heading":"Bizim Hikayemiz ?","faq-content":"<p><strong>SNUG BRANDWEAR<\/strong><\/p><p>modaya olan tutkumuzun ve kaliteye olan bağlılığımızın bir yansımasıdır. Her ürünümüzde, özenle seçilmiş malzemeleri ve titiz işçiliği bir araya getiriyoruz. Amacımız, sadece kıyafet değil, kendinizi iyi hissettirecek bir deneyim sunmak. Siz de bizimle bu yolculuğa katılın!<\/p><h3><\/h3>"}},"faq_P79gby":{"type":"faq","settings":{"faq-heading":"Keten nedir ve nasıl bir kumaştır?","faq-content":"<p>Keten, keten bitkisinin liflerinden elde edilen bir tekstil malzemesidir. Keten bitkisi, genellikle keten lifi olarak adlandırılan ince, uzun ve güçlü lifler üreten bir bitkidir. Bu lifler, kumaş üretiminde kullanılarak keten kumaşı elde edilir. Keten kumaşı, dayanıklı, hafif ve serin tutma özelliği olan bir kumaştır.<\/p><p>Keten kumaşın özellikleri nelerdir?<\/p><p>Keten kumaşın birçok özelliği vardır. Öncelikle, dayanıklı bir malzemedir, yani uzun ömürlüdür ve yıpranmaya karşı dirençlidir. Ayrıca, keten kumaş hafif ve serin tutar, bu yüzden sıcak havalarda terleme problemine karşı etkilidir. Diğer bir avantajı da bakımının kolay olmasıdır. Ancak, keten kumaşın kırışma eğilimi vardır, bu nedenle ütü gerektirebilir.<\/p>"}},"faq_hpkegB":{"type":"faq","settings":{"faq-heading":"Doğal pamuk kumaş nedir?","faq-content":"<p>Doğal pamuk kumaş, pamuk bitkisinin liflerinden elde edilen bir tekstil malzemesidir. Pamuk, dünyanın en yaygın ve popüler doğal lif kaynaklarından biridir. İplikler, pamuk bitkisinin çiçeklerinden gelen yumuşak ve ince liflerin döndürülmesiyle oluşturulur. Pamuk kumaşlar, yumuşak, nefes alabilen ve genellikle cilt dostu oldukları için giyim ve ev tekstili ürünlerinde sıklıkla kullanılır.<\/p><p>Doğal pamuk kumaşın avantajları nelerdir?<\/p><p>Doğal pamuk kumaşın birçok avantajı vardır. Öncelikle, pamuk yumuşak, nefes alabilen ve cilt dostu bir malzemedir, bu yüzden giysilerde rahatlık ve konfor sağlar. Ayrıca, dayanıklıdır ve kolayca bakımı yapılabilir. Pamuk, ter emici bir özelliğe sahiptir, bu da sıcak havalarda terlemeyi azaltır. Ayrıca, doğal bir lif olduğu için çevre dostudur ve geri dönüştürülebilir.<\/p>"}},"faq_RncHen":{"type":"faq","settings":{"faq-heading":"","faq-content":""}},"2bca68bf-cece-4fde-b0d8-3eeab9008eff":{"type":"faq","settings":{"faq-heading":"Ürün Bakımı","faq-content":"<ul><li><strong>Pamuklu ürünlerinizin bakımı<\/strong><br\/><br\/>BCI Cotton ve Organik Pamuk elde ve makinede yıkanabilir pamuk türleridir. Ürünün çekmesini önlemek için Soğuk suyla yıkamanıza öneririz. Makine içerisinde oluşabilecek hasarları önlemek için narin ürünleri yıkama filesi ile yıkamanızı öneririz. Pamuklu ürünler asılarak kurutulabilir. Ürünlerin çekmesini veya hasar görmesini engellemek için kurutucuya atmamanızı öneririz.<\/li><\/ul><p>    <\/p><p>        <\/p><p> ------------------------------------    <\/p><ul><li><strong>Keten ürünlerinizin bakımı<\/strong><br\/><br\/>Keten ürünler diğer ürünlere kıyasla çok daha az yıkama gerektirir. Ürünü kullandıktan sonra havalanması için asmanızı, yıkamaları soğuk su ve elde  yıkamanıza  öneririz. Yüksek sıcaklıklar ürünün varsa boyasını etkileyecek ve iplik kalitesini düşürecektir. Keten ürünler asılarak kurutulabilir. Ürünlerin çekmesini veya hasar görmesini engellemek için kurutucuya atmamanızı öneririz. Mümkün ise asmak için ince tel askılar veya mandal kullanmamaya özen göstermenizi öneririz. Aksi halde üründe izler veya şekil bozulmaları olabilir. Keten ürünlerinizdeki kırışıklığı önlemek için içden buhar ütüsü kullanabilirsiniz.<\/li><\/ul><p> ------------------------------------<\/p><ul><li><strong>Triko ve yünlü ürünlerinizin bakımı<\/strong><br\/><br\/>Triko ve yünlü ürünler diğer ürünlere kıyasla çok daha az yıkama gerektirir. Ürünü kullandıktan sonra havalanması için asmanızı, yıkamaları 30° sıcaklıkta ve düşük devirde, mümkünse yünlülere özel deterjan ile yapmanızı öneririz. Ağır ürünler için fazla suyu elde ürünü fazla sıkmadan atmanızı öneririz. Yünlü ürünler asarak kurutulmamalıdır. Bunun yerine düz bir alanda ürünün altına havlu sererek kurutmanızı ve yünlü ürünlerinizi asmadan, katlayarak saklamanızı öneririz. Aksi takdirde ürünün şeklinde bozulmalar meydana gelebilir. Yünlü ürünlerde sürtünme sebepli tüylenmeler olabilir, bunları özel taraklar yardımı ile temizlemeniz mümkündür.<\/li><\/ul>"}},"a0244bbc-225f-44bd-995a-03282517a646":{"type":"faq","settings":{"faq-heading":"Adresimi yanlış girdim nasıl düzeltebilirim?","faq-content":"<p>Siparişler oluşturulduktan sonra adres değişikliği veya düzeltimi yapamıyoruz. Sistem üzerinden düzetme sağlansa da  kargo sistemine entegrasyon sağlanmadığı için  birinci verdiğiniz adresinize teslimat sağlanıyor. Kargo takip numaranız oluştuğunda güncel adresiniz ile birlikte bizimle iletişime geçerseniz kargo şirketine bilgilerinizi ileterek yönlendirme sağlayabiliyoruz.<\/p>"}},"fbfec8c9-eddf-4c95-b44c-63b91fe9619f":{"type":"faq","settings":{"faq-heading":"Bedenimi bilmiyorum nasıl bulabilirim?","faq-content":"<p>Web sitemizde her ürünün altına beden tablosu eklenmeye başlamıştır ürün ölçülerine göz atarak size uygun olan bedeni seçebilirsiniz. Beden tablosu eklenmeyen ürünler için ise müşteri hizmetleri hattımızdan yardım alabilirsiniz.<\/p>"}},"9e32e563-5ae0-4354-8a80-7644bc89371f":{"type":"faq","settings":{"faq-heading":"Uluslararası gönderim yapıyor musunuz?","faq-content":"<p> Evet, FEDEX ve USPS Express ile uluslararası gönderim yapmaktayız. kargo ücret hakkında bizimle iletişim geçebilirsiniz.<\/p>"}},"89df86d7-7b3d-43ea-acb0-15d9f1bdd82c":{"type":"faq","settings":{"faq-heading":"Ürünleriniz sürdürülebilir mi üretiliyor?","faq-content":"<p>Sürdürülebilirlik ve etik uygulamalara bağlıyız. Ekolojik malzemeler kullanmaya, üretim süreçlerinde atığı azaltmaya ve adil işçilik uygulamalarını desteklemeye çalışıyoruz. Daha fazla bilgi için lütfen web sitemiz<\/p><p>https:\/\/snugbrandwear.com\/blogs\/news<\/p><p>https:\/\/snugbrandwear.com\/collections\/snug-zero-waste-wardrobe <\/p><p>ziyaret edin !<\/p>"}}},"block_order":["3f59eb69-bd6a-45ad-aa54-9904dc7d7b23","473336ba-350d-43ac-a3ce-bbd7c8f17775","faq_RAMwEj","faq_P79gby","faq_hpkegB","faq_RncHen","2bca68bf-cece-4fde-b0d8-3eeab9008eff","a0244bbc-225f-44bd-995a-03282517a646","fbfec8c9-eddf-4c95-b44c-63b91fe9619f","9e32e563-5ae0-4354-8a80-7644bc89371f","89df86d7-7b3d-43ea-acb0-15d9f1bdd82c"],"settings":{"section-background":"#f7f7f7","main-heading":"Sıkça Sorulan Sorular","main-heading-size":12,"main-heading-color":"","question-size":12,"question-color":"#000000","question-color-bg":"","answer-size":12,"answer-color":"#101010","answer-color-bg":""}},"73c1fb24-0c19-4ba9-9e8f-5fd01bd0babe":{"type":"collection-slider","disabled":true,"settings":{"title":"BERELER","badge-color-0":"#3ddc1e","badge-text-1":"","badge-color-1":"#3364ab","badge-text-2":"best","badge-color-2":"#96a9c2","badge-text-3":"","badge-color-3":"#19c025","badge-text-4":"seller","badge-color-4":"#ff6719","collection":"bereler","grid":5,"rows":5,"show_vendor":false,"show_view_all":false}},"5e265cec-9172-4226-a8fb-20fe733c5f7d":{"type":"logo-bar","blocks":{"5e265cec-9172-4226-a8fb-20fe733c5f7d-logo_image-3":{"type":"logo_image","settings":{"image":"shopify:\/\/shop_images\/UCRETSIZ_IADE.webp","link":""}},"5e265cec-9172-4226-a8fb-20fe733c5f7d-logo_image-1":{"type":"logo_image","settings":{"image":"shopify:\/\/shop_images\/organic_cotton_icon_copy_1024x904_257eaf1d-c57c-4eda-85c3-e578a9474d24.webp","link":""}},"5e265cec-9172-4226-a8fb-20fe733c5f7d-logo_image-2":{"type":"logo_image","settings":{"image":"shopify:\/\/shop_images\/Ikon_Banner3D-02_480x480_855bd2e2-da12-4302-ac03-002967764c6a.webp","link":""}}},"block_order":["5e265cec-9172-4226-a8fb-20fe733c5f7d-logo_image-3","5e265cec-9172-4226-a8fb-20fe733c5f7d-logo_image-1","5e265cec-9172-4226-a8fb-20fe733c5f7d-logo_image-2"],"settings":{"title":""}},"wishit_payment_icons_HNfeCg":{"type":"wishit-payment-icons","blocks":{"item_immFAR":{"type":"item","settings":{"icon":"<svg width=\"210px\" height=\"90px\" viewbox=\"0 0 210 90\" version=\"1.1\" xmlns=\"http:\/\/www.w3.org\/2000\/svg\" xmlns:xlink=\"http:\/\/www.w3.org\/1999\/xlink\">\n    <title>Brand\/1- Logo\/2- aPayUcompany\/1- Colored<\/title>\n    <g id=\"05---Landings\" stroke=\"none\" stroke-width=\"1\" fill=\"none\" fill-rule=\"evenodd\">\n        <g id=\"004.0.0-Brand-Kit\" transform=\"translate(-215.000000, -1207.000000)\">\n            <g id=\"Group-2\" transform=\"translate(135.000000, 1044.000000)\">\n                <g id=\"Group-4\" transform=\"translate(0.000000, 83.000000)\">\n                    <g id=\"Brand\/1--Logo\/2--aPayUcompany\/1--Colored\" transform=\"translate(80.000000, 80.000000)\">\n                        <g id=\"Group-21\" fill=\"#1E64FF\">\n                            <path d=\"M49.7648428,19.5687818 C51.1018406,16.9957612 54.2728353,15.9921038 56.8501435,17.3317721 C59.4283267,18.6740654 60.4288875,21.8482304 59.0844523,24.4260636 L59.0844523,24.4260636 L35.1186797,70.6726193 C34.2165562,72.4016751 32.4875591,73.4175829 30.6728121,73.4937104 C29.7807511,73.5374618 28.8690026,73.3541434 28.022879,72.9065664 C25.4451333,71.5686483 24.4454475,68.3944833 25.7859453,65.8162125 L25.7859453,65.8162125 L32.562809,52.7257899 L17.8851459,24.4260636 C16.5446482,21.8482304 17.551334,18.6740654 20.1260172,17.3317721 C22.7002629,15.9921038 25.8773826,16.9957612 27.2121929,19.5687818 L27.2121929,19.5687818 L38.4878616,41.3071087 Z M146.22302,16.0378241 C151.90876,16.0378241 157.253689,18.2516455 161.275619,22.2741504 C163.320491,24.3282792 163.320491,27.6564492 161.275619,29.7110155 C159.218935,31.7590192 155.890003,31.7590192 153.839007,29.7110155 C151.801135,27.6721997 149.10439,26.5556637 146.22302,26.5556637 C143.349524,26.5556637 140.648404,27.6721997 138.61622,29.7110155 C136.581848,31.7367059 135.464037,34.4427308 135.464037,37.3198237 C135.464037,40.1942915 136.581848,42.8972538 138.61622,44.932132 C140.648404,46.9586974 143.349524,48.0914215 146.22302,48.0914215 C149.10439,48.0914215 151.801135,46.9586974 153.839007,44.932132 C155.890003,42.8758156 159.218935,42.8758156 161.275619,44.932132 C163.320491,46.9849483 163.320491,50.3153058 161.275619,52.3598093 C157.253689,56.3831892 151.90876,58.6005108 146.22302,58.6005108 C140.544279,58.6005108 135.201975,56.3831892 131.183107,52.3598093 C127.163801,48.3495548 124.948743,43.0013821 124.948743,37.3198237 C124.948743,31.6321401 127.163801,26.2966553 131.183107,22.2741504 C135.201975,18.2516455 140.544279,16.0378241 146.22302,16.0378241 Z M188.722005,16.0376928 C200.45486,16.0376928 209.999782,25.5838135 209.999782,37.3196924 C209.999782,49.0533838 200.45486,58.6008171 188.722005,58.6008171 C176.993962,58.6008171 167.450353,49.0533838 167.450353,37.3196924 C167.450353,25.5838135 176.993962,16.0376928 188.722005,16.0376928 Z M5.80539732,16.740253 C8.70820499,16.740253 11.0615136,19.094079 11.0615136,21.9895475 L11.0615136,21.9895475 L11.0615136,52.7354152 C11.0615136,55.6409465 8.70820499,57.9886473 5.80539732,57.9886473 C2.90258966,57.9886473 0.548406085,55.6409465 0.548406085,52.7354152 L0.548406085,52.7354152 L0.548406085,21.9895475 C0.548406085,19.094079 2.90258966,16.740253 5.80539732,16.740253 Z M93.1818796,16.7379787 C93.2484586,16.7380195 93.3127443,16.7380618 93.3746615,16.7381057 L94.1163619,16.738885 C94.1527105,16.7389453 94.1863138,16.7390074 94.2170967,16.7390712 L94.4462865,16.7399242 L94.4462865,16.7399242 L94.4578871,16.7401655 C95.7139475,16.6972891 96.9822579,17.098052 98.0178186,17.9704552 C100.238565,19.8268277 100.529064,23.1479974 98.6670676,25.3692566 L98.6670676,25.3692566 L80.1127235,47.4759704 L94.6324493,47.4759704 C97.5374444,47.4759704 99.894253,49.8359216 99.894253,52.7353277 C99.894253,55.6412965 97.5374444,57.9885598 94.6324493,57.9885598 L94.6324493,57.9885598 L68.8427423,57.9885598 C67.6501192,57.9885598 66.4478713,57.5917345 65.4634979,56.7587076 C63.2427516,54.897085 62.9496271,51.5846655 64.8173115,49.3555311 L64.8173115,49.3555311 L83.3685931,27.256255 L71.2406758,27.256255 C68.3343681,27.256255 65.9845595,24.8963038 65.9845595,21.9898975 C65.9845595,19.0939915 68.3343681,16.7401655 71.2406758,16.7401655 L71.2406758,16.7401655 L71.6860164,16.7400348 C71.7271996,16.7400229 71.7710607,16.7400103 71.8175246,16.739997 L75.4110103,16.7390439 C75.5186078,16.7390175 75.6276781,16.7389908 75.738146,16.738964 L79.7906416,16.738071 C79.9227416,16.7380451 80.0554105,16.7380193 80.1885731,16.7379939 Z M112.8056,16.740253 C115.714095,16.740253 118.061716,19.094079 118.061716,21.9895475 L118.061716,21.9895475 L118.061716,52.7354152 C118.061716,55.6409465 115.714095,57.9886473 112.8056,57.9886473 C109.905418,57.9886473 107.555609,55.6409465 107.555609,52.7354152 L107.555609,52.7354152 L107.555609,21.9895475 C107.555609,19.094079 109.905418,16.740253 112.8056,16.740253 Z M188.722005,26.5555324 C182.789077,26.5555324 177.965648,31.3830633 177.965648,37.3196924 C177.965648,43.2545716 182.789077,48.0912902 188.722005,48.0912902 C194.65887,48.0912902 199.4893,43.2545716 199.4893,37.3196924 C199.4893,31.3830633 194.65887,26.5555324 188.722005,26.5555324 Z M5.80539732,-4.26048086e-15 C9.01051698,-4.26048086e-15 11.6132001,2.60145899 11.6132001,5.81062511 C11.6132001,9.01322851 9.01051698,11.6195002 5.80539732,11.6195002 C2.60027767,11.6195002 -0.000218000623,9.01322851 -0.000218000623,5.81062511 C-0.000218000623,2.60145899 2.60027767,-4.26048086e-15 5.80539732,-4.26048086e-15 Z M112.8056,-4.26048086e-15 C116.016845,-4.26048086e-15 118.616903,2.60145899 118.616903,5.81062511 C118.616903,9.01322851 116.016845,11.6195002 112.8056,11.6195002 C109.596981,11.6195002 106.996922,9.01322851 106.996922,5.81062511 C106.996922,2.60145899 109.596981,-4.26048086e-15 112.8056,-4.26048086e-15 Z\" id=\"Combined-Shape\"><\/path>\n                        <\/g>\n                        <g id=\"Brand\/1--Logo\/aPayUcompany_Subtext\" transform=\"translate(56.962500, 73.500000)\" fill=\"#212529\" fill-rule=\"nonzero\">\n                            <path d=\"M47.540325,3.25815 C48.1712,3.25815 48.648075,3.7464 48.648075,4.31515 C48.648075,4.5374 48.56845,4.722025 48.502825,4.867275 L48.502825,4.867275 L43.819825,15.398775 C43.57045,15.976275 43.135575,16.22565 42.67795,16.22565 C42.06895,16.22565 41.6367,15.736525 41.6367,15.16865 C41.6367,14.94115 41.709325,14.7644 41.75745,14.62265 L41.75745,14.62265 L42.787325,12.275025 L39.4282,4.867275 C39.374825,4.722025 39.301325,4.5374 39.301325,4.31515 C39.301325,3.7464 39.76945,3.25815 40.3872,3.25815 C40.837825,3.25815 41.26745,3.5084 41.52645,4.088525 L41.52645,4.088525 L43.9432,9.685025 L46.42295,4.088525 C46.668825,3.5084 47.088825,3.25815 47.540325,3.25815 Z M145.730813,3.25815 C146.124562,3.25815 146.430813,3.582775 146.430813,3.9459 C146.430813,4.088525 146.396688,4.179525 146.362563,4.28365 L146.362563,4.28365 L141.4084,15.7234 C141.264025,16.06465 140.992775,16.22565 140.702275,16.22565 C140.30415,16.22565 140.030275,15.901025 140.030275,15.544025 C140.030275,15.398775 140.0679,15.3104 140.109025,15.20015 L140.109025,15.20015 L141.3209,12.37915 L137.776275,4.28365 C137.73865,4.179525 137.701025,4.088525 137.701025,3.9459 C137.701025,3.582775 138.014275,3.25815 138.40715,3.25815 C138.6959,3.25815 138.9724,3.416525 139.11415,3.763025 L139.11415,3.763025 L142.062025,10.6659 L145.017687,3.763025 C145.165562,3.416525 145.437688,3.25815 145.730813,3.25815 Z M111.141713,3.20145 C113.148962,3.20145 115.590212,4.794825 115.590212,8.00695 C115.590212,11.2532 113.148962,12.83695 111.141713,12.83695 C109.552712,12.83695 108.327712,11.884075 107.942712,10.807825 L107.942712,10.807825 L107.942712,15.471575 C107.942712,15.88195 107.587462,16.225825 107.189337,16.225825 C106.775462,16.225825 106.435087,15.88195 106.435087,15.471575 L106.435087,15.471575 L106.435087,4.0152 C106.435087,3.59695 106.753588,3.258325 107.189337,3.258325 C107.587462,3.258325 107.926963,3.59695 107.926963,4.0152 L107.926963,4.0152 L107.926963,5.1037 C108.488712,3.890075 109.766212,3.20145 111.141713,3.20145 Z M59.718575,-1.80300219e-13 C60.381825,-1.80300219e-13 60.892825,0.538125 60.892825,1.18475 L60.892825,1.18475 L60.892825,8.173375 C60.892825,11.095875 58.65195,12.837125 55.8502,12.837125 C53.0362,12.837125 50.811075,11.095875 50.811075,8.173375 L50.811075,8.173375 L50.811075,1.18475 C50.811075,0.538125 51.332575,-1.80300219e-13 52.001075,-1.80300219e-13 C52.673075,-1.80300219e-13 53.247075,0.538125 53.247075,1.18475 L53.247075,1.18475 L53.247075,8.13575 C53.247075,10.031875 54.465075,10.782625 55.8502,10.782625 C57.2642,10.782625 58.4507,10.031875 58.4507,8.13575 L58.4507,8.13575 L58.4507,1.18475 C58.4507,0.538125 59.027325,-1.80300219e-13 59.718575,-1.80300219e-13 Z M32.5884125,3.2018875 C33.8755375,3.2018875 34.9036625,3.8896375 35.2615375,4.7410125 L35.2615375,4.7410125 L35.2615375,4.4251375 C35.2615375,3.7977625 35.8101625,3.2578875 36.4559125,3.2578875 C37.0894125,3.2578875 37.6642875,3.7977625 37.6642875,4.4251375 L37.6642875,4.4251375 L37.6642875,11.6386375 C37.6642875,12.2913875 37.0894125,12.8120125 36.4559125,12.8120125 C35.8101625,12.8120125 35.2615375,12.2913875 35.2615375,11.6386375 L35.2615375,11.6386375 L35.2615375,11.2930125 C35.1241625,11.8530125 34.1625375,12.8373875 32.5884125,12.8373875 C30.6039125,12.8373875 28.2186625,11.2930125 28.2186625,8.0065125 C28.2186625,4.7952625 30.6161625,3.2018875 32.5884125,3.2018875 Z M82.3967375,3.20145 C84.4976125,3.20145 87.1103625,4.810575 87.1103625,8.0262 C87.1103625,11.2532 84.4976125,12.83695 82.3967375,12.83695 C80.3203625,12.83695 77.6953625,11.2532 77.6953625,8.0262 C77.6953625,4.810575 80.3203625,3.20145 82.3967375,3.20145 Z M121.3359,3.20145 C122.7044,3.20145 123.989775,3.890075 124.5489,5.1037 L124.5489,5.1037 L124.5489,4.0152 C124.5489,3.59695 124.898025,3.258325 125.290025,3.258325 C125.7249,3.258325 126.0434,3.59695 126.0434,4.0152 L126.0434,4.0152 L126.0434,12.0547 C126.0434,12.449325 125.70915,12.811575 125.290025,12.811575 C124.898025,12.811575 124.5489,12.449325 124.5489,12.0547 L124.5489,12.0547 L124.5489,10.755325 C124.1884,11.85345 122.9424,12.83695 121.3359,12.83695 C119.333025,12.83695 116.8944,11.2532 116.8944,8.00695 C116.8944,4.794825 119.333025,3.20145 121.3359,3.20145 Z M4.445,3.20145 C5.814375,3.20145 7.095375,3.890075 7.657125,5.1037 L7.657125,5.1037 L7.657125,4.0152 C7.657125,3.59695 8.001,3.258325 8.39825,3.258325 C8.833125,3.258325 9.156,3.59695 9.156,4.0152 L9.156,4.0152 L9.156,12.0547 C9.156,12.449325 8.80775,12.811575 8.39825,12.811575 C8.001,12.811575 7.657125,12.449325 7.657125,12.0547 L7.657125,12.0547 L7.657125,10.755325 C7.294875,11.85345 6.048,12.83695 4.445,12.83695 C2.4325,12.83695 2.48689958e-14,11.2532 2.48689958e-14,8.00695 C2.48689958e-14,4.794825 2.4325,3.20145 4.445,3.20145 Z M22.6849,0.059325 C25.4989,0.059325 27.305775,1.8837 27.305775,4.16045 C27.305775,6.47745 25.4989,8.221325 22.6849,8.221325 L22.6849,8.221325 L20.479025,8.221325 L20.479025,11.605825 C20.479025,12.2752 19.93915,12.83695 19.26715,12.83695 C18.5829,12.83695 18.039525,12.2752 18.039525,11.605825 L18.039525,11.605825 L18.039525,1.3937 C18.039525,0.617575 18.59865,0.059325 19.378275,0.059325 L19.378275,0.059325 Z M72.8931,3.2015375 C74.199475,3.2015375 75.3326,3.6679125 76.127975,4.6330375 C76.27235,4.8106625 76.47185,5.0101625 76.47185,5.2962875 C76.47185,5.6602875 76.18135,5.9157875 75.837475,5.9157875 C75.569725,5.9157875 75.35185,5.7512875 75.203975,5.5675375 C74.663225,4.8491625 73.7646,4.5236625 72.9666,4.5236625 C71.3601,4.5236625 69.68185,5.6777875 69.68185,8.0061625 C69.68185,10.3222875 71.3601,11.4772875 72.9666,11.4772875 C73.7646,11.4772875 74.663225,11.1517875 75.203975,10.4325375 C75.35185,10.2426625 75.569725,10.0851625 75.837475,10.0851625 C76.18135,10.0851625 76.47185,10.3415375 76.47185,10.7046625 C76.47185,10.9916625 76.27235,11.1832875 76.127975,11.3539125 C75.3326,12.3076625 74.199475,12.7994125 72.8931,12.7994125 C70.760725,12.7994125 68.193475,11.2217875 68.193475,8.0061625 C68.193475,4.7791625 70.760725,3.2015375 72.8931,3.2015375 Z M100.686337,3.214225 C102.398712,3.214225 104.204712,4.24585 104.204712,7.24535 L104.204712,7.24535 L104.204712,12.0421 C104.204712,12.429725 103.878337,12.798975 103.469712,12.798975 C103.049712,12.798975 102.706712,12.429725 102.706712,12.0421 L102.706712,12.0421 L102.706712,7.24535 C102.706712,5.2801 101.535087,4.537225 100.269837,4.537225 C98.4244625,4.537225 97.4873375,6.0921 97.3193375,7.123725 L97.3193375,7.123725 L97.3193375,12.0421 C97.3193375,12.429725 96.9798375,12.798975 96.5624625,12.798975 C96.1442125,12.798975 95.8204625,12.429725 95.8204625,12.0421 L95.8204625,12.0421 L95.8204625,7.24535 C95.8204625,5.2801 94.6287125,4.537225 93.3634625,4.537225 C91.5242125,4.537225 90.5844625,6.0921 90.4234625,7.123725 L90.4234625,7.123725 L90.4234625,12.0421 C90.4234625,12.429725 90.0822125,12.798975 89.6788375,12.798975 C89.2649625,12.798975 88.9219625,12.429725 88.9219625,12.0421 L88.9219625,12.0421 L88.9219625,4.01485 C88.9219625,3.5966 89.2649625,3.257975 89.6788375,3.257975 C90.0822125,3.257975 90.4234625,3.5966 90.4234625,4.01485 L90.4234625,4.01485 L90.4234625,5.4796 C90.5302125,4.8671 91.6510875,3.214225 93.7992125,3.214225 C95.1335875,3.214225 96.5405875,3.8521 97.0900875,5.5671 C97.5914625,4.46985 98.7902125,3.214225 100.686337,3.214225 Z M133.095462,3.214225 C134.795588,3.214225 136.619087,4.24585 136.619087,7.24535 L136.619087,7.24535 L136.619087,12.0421 C136.619087,12.429725 136.276088,12.798975 135.864838,12.798975 C135.445712,12.798975 135.123713,12.429725 135.123713,12.0421 L135.123713,12.0421 L135.123713,7.24535 C135.123713,5.2801 133.924087,4.537225 132.663213,4.537225 C130.823087,4.537225 129.879837,6.0921 129.716212,7.123725 L129.716212,7.123725 L129.716212,12.0421 C129.716212,12.429725 129.374962,12.798975 128.977713,12.798975 C128.563837,12.798975 128.217338,12.429725 128.217338,12.0421 L128.217338,12.0421 L128.217338,4.01485 C128.217338,3.5966 128.563837,3.257975 128.977713,3.257975 C129.374962,3.257975 129.716212,3.5966 129.716212,4.01485 L129.716212,4.01485 L129.716212,5.4796 C129.819463,4.8671 130.943838,3.214225 133.095462,3.214225 Z M110.928212,4.4982 C109.517713,4.4982 107.857837,5.53595 107.857837,8.00695 C107.857837,10.43245 109.517713,11.5122 110.928212,11.5122 C112.394713,11.5122 114.086088,10.3957 114.086088,8.00695 C114.086088,5.6462 112.394713,4.4982 110.928212,4.4982 Z M82.3967375,4.523575 C80.8978625,4.523575 79.1846125,5.69695 79.1846125,8.0262 C79.1846125,10.34145 80.8978625,11.5122 82.3967375,11.5122 C83.9139875,11.5122 85.6149875,10.34145 85.6149875,8.0262 C85.6149875,5.69695 83.9139875,4.523575 82.3967375,4.523575 Z M4.65675,4.4982 C3.199,4.4982 1.491875,5.6462 1.491875,8.00695 C1.491875,10.3957 3.199,11.5122 4.65675,11.5122 C6.066375,11.5122 7.72975,10.43245 7.72975,8.00695 C7.72975,5.53595 6.066375,4.4982 4.65675,4.4982 Z M121.5564,4.4982 C120.0864,4.4982 118.389775,5.6462 118.389775,8.00695 C118.389775,10.3957 120.0864,11.5122 121.5564,11.5122 C122.95815,11.5122 124.62415,10.43245 124.62415,8.00695 C124.62415,5.53595 122.95815,4.4982 121.5564,4.4982 Z M33.0241625,5.2266375 C31.8315375,5.2266375 30.5872875,6.1637625 30.5872875,8.0065125 C30.5872875,9.8685125 31.8315375,10.7828875 33.0241625,10.7828875 C34.0356625,10.7828875 35.3744125,10.0452625 35.3744125,8.0065125 C35.3744125,5.9660125 34.0356625,5.2266375 33.0241625,5.2266375 Z M22.573775,2.134825 L20.479025,2.134825 L20.479025,6.15195 L22.573775,6.15195 C23.9344,6.15195 24.94065,5.6602 24.94065,4.16045 C24.94065,2.677325 23.9344,2.134825 22.573775,2.134825 L22.573775,2.134825 Z\" id=\"Combined-Shape\"><\/path>\n                        <\/g>\n                    <\/g>\n                <\/g>\n            <\/g>\n        <\/g>\n    <\/g>\n<\/svg>"}},"item_UdBKga":{"type":"item","settings":{"icon":"<svg width=\"226\" height=\"167\" viewbox=\"0 0 226 167\" fill=\"none\" xmlns=\"http:\/\/www.w3.org\/2000\/svg\"><g filter=\"url(#filter0_d_353_4479)\"><rect x=\"21.3229\" y=\"21.3229\" width=\"182.562\" height=\"124.354\" rx=\"14.5521\" fill=\"white\" stroke=\"#D9D9D9\" stroke-width=\"2.64583\"><\/rect><path fill-rule=\"evenodd\" clip-rule=\"evenodd\" d=\"M113.927 110.789C107.622 116.23 99.4425 119.515 90.5049 119.515C70.5624 119.515 54.3958 103.161 54.3958 82.9865C54.3958 62.8125 70.5624 46.4583 90.5049 46.4583C99.4425 46.4583 107.622 49.7431 113.927 55.1844C120.232 49.7431 128.412 46.4583 137.349 46.4583C157.292 46.4583 173.458 62.8126 173.458 82.9866C173.458 103.161 157.292 119.515 137.349 119.515C128.412 119.515 120.232 116.23 113.927 110.789Z\" fill=\"#ED0006\"><\/path><path fill-rule=\"evenodd\" clip-rule=\"evenodd\" d=\"M113.927 110.789C121.691 104.089 126.614 94.1193 126.614 82.9865C126.614 71.8538 121.691 61.8843 113.927 55.1843C120.232 49.743 128.412 46.4583 137.349 46.4583C157.292 46.4583 173.458 62.8125 173.458 82.9865C173.458 103.161 157.292 119.515 137.349 119.515C128.412 119.515 120.232 116.23 113.927 110.789Z\" fill=\"#F9A000\"><\/path><path fill-rule=\"evenodd\" clip-rule=\"evenodd\" d=\"M113.927 110.789C121.691 104.089 126.614 94.1193 126.614 82.9866C126.614 71.854 121.691 61.8845 113.927 55.1846C106.163 61.8845 101.24 71.854 101.24 82.9866C101.24 94.1193 106.163 104.089 113.927 110.789Z\" fill=\"#FF5E00\"><\/path><\/g><defs><filter id=\"filter0_d_353_4479\" x=\"0\" y=\"0\" width=\"225.208\" height=\"167\" filterunits=\"userSpaceOnUse\" color-interpolation-filters=\"sRGB\"><feflood flood-opacity=\"0\" result=\"BackgroundImageFix\"><\/feflood><fecolormatrix in=\"SourceAlpha\" type=\"matrix\" values=\"0 0 0 0 0 0 0 0 0 0 0 0 0 0 0 0 0 0 127 0\" result=\"hardAlpha\"><\/fecolormatrix><feoffset><\/feoffset><fegaussianblur stddeviation=\"10\"><\/fegaussianblur><fecomposite in2=\"hardAlpha\" operator=\"out\"><\/fecomposite><fecolormatrix type=\"matrix\" values=\"0 0 0 0 0 0 0 0 0 0 0 0 0 0 0 0 0 0 0.07 0\"><\/fecolormatrix><feblend mode=\"normal\" in2=\"BackgroundImageFix\" result=\"effect1_dropShadow_353_4479\"><\/feblend><feblend mode=\"normal\" in=\"SourceGraphic\" in2=\"effect1_dropShadow_353_4479\" result=\"shape\"><\/feblend><\/filter><\/defs><\/svg>"}},"item_3B9K8d":{"type":"item","settings":{"icon":"<svg width=\"226\" height=\"167\" viewbox=\"0 0 226 167\" fill=\"none\" xmlns=\"http:\/\/www.w3.org\/2000\/svg\"><g filter=\"url(#filter0_d_353_4566)\"><rect x=\"21.3229\" y=\"21.3229\" width=\"182.562\" height=\"124.354\" rx=\"14.5521\" fill=\"white\" stroke=\"#D9D9D9\" stroke-width=\"2.64583\"><\/rect><path fill-rule=\"evenodd\" clip-rule=\"evenodd\" d=\"M76.2253 106.033H65.0053L56.5916 73.9349C56.1923 72.4584 55.3444 71.153 54.0971 70.5378C50.9844 68.9917 47.5543 67.7613 43.8125 67.1407V65.9049H61.8871C64.3816 65.9049 66.2526 67.7613 66.5644 69.9172L70.9299 93.071L82.1444 65.9049H93.0526L76.2253 106.033ZM99.2891 106.033H88.6927L97.4182 65.9049H108.015L99.2891 106.033ZM121.724 77.0216C122.035 74.8603 123.906 73.6245 126.089 73.6245C129.519 73.3142 133.256 73.9348 136.374 75.4755L138.245 66.8356C135.126 65.5998 131.696 64.9792 128.584 64.9792C118.299 64.9792 110.815 70.5377 110.815 78.252C110.815 84.1207 116.116 87.2022 119.858 89.0585C123.906 90.9095 125.466 92.1453 125.154 93.9964C125.154 96.7729 122.035 98.0087 118.923 98.0087C115.181 98.0087 111.439 97.0832 108.015 95.5371L106.144 104.182C109.885 105.723 113.934 106.344 117.675 106.344C129.207 106.649 136.374 101.095 136.374 92.7606C136.374 82.2643 121.724 81.6491 121.724 77.0216ZM173.458 106.033L165.045 65.9049H156.007C154.136 65.9049 152.266 67.1407 151.642 68.9917L136.062 106.033H146.97L149.147 100.17H162.55L163.797 106.033H173.458ZM157.566 76.7111L160.679 91.8349H151.954L157.566 76.7111Z\" fill=\"#172B85\"><\/path><\/g><defs><filter id=\"filter0_d_353_4566\" x=\"0\" y=\"0\" width=\"225.208\" height=\"167\" filterunits=\"userSpaceOnUse\" color-interpolation-filters=\"sRGB\"><feflood flood-opacity=\"0\" result=\"BackgroundImageFix\"><\/feflood><fecolormatrix in=\"SourceAlpha\" type=\"matrix\" values=\"0 0 0 0 0 0 0 0 0 0 0 0 0 0 0 0 0 0 127 0\" result=\"hardAlpha\"><\/fecolormatrix><feoffset><\/feoffset><fegaussianblur stddeviation=\"10\"><\/fegaussianblur><fecomposite in2=\"hardAlpha\" operator=\"out\"><\/fecomposite><fecolormatrix type=\"matrix\" values=\"0 0 0 0 0 0 0 0 0 0 0 0 0 0 0 0 0 0 0.07 0\"><\/fecolormatrix><feblend mode=\"normal\" in2=\"BackgroundImageFix\" result=\"effect1_dropShadow_353_4566\"><\/feblend><feblend mode=\"normal\" in=\"SourceGraphic\" in2=\"effect1_dropShadow_353_4566\" result=\"shape\"><\/feblend><\/filter><\/defs><\/svg>"}}},"block_order":["item_immFAR","item_UdBKga","item_3B9K8d"],"settings":{"spaced-out":false,"background-color":"","main-heading":"","main-heading-color":"","main-heading-font-size":24}},"custom_follow_us_8hdXCj":{"type":"custom-follow-us","blocks":{"image_LpHagE":{"type":"image","settings":{"image":"shopify:\/\/shop_images\/Screenshot_2024-05-23_at_12.08.55.jpg"}},"image_kfx8zr":{"type":"image","settings":{"image":"shopify:\/\/shop_images\/Screenshot_2024-05-23_at_12.08.20.jpg"}},"image_JnxgbP":{"type":"image","settings":{"image":"shopify:\/\/shop_images\/Screenshot_2024-05-24_at_09.18.23.jpg"}},"image_3RbKFm":{"type":"image","settings":{"image":"shopify:\/\/shop_images\/Screenshot_2024-05-23_at_12.10.48.jpg"}},"image_q6qVPH":{"type":"image","settings":{"image":"shopify:\/\/shop_images\/Screenshot_2024-05-24_at_09.16.42_1.jpg"}},"image_DRt7NQ":{"type":"image","settings":{"image":"shopify:\/\/shop_images\/Screenshot_2024-05-23_at_12.10.59.jpg"}}},"block_order":["image_LpHagE","image_kfx8zr","image_JnxgbP","image_3RbKFm","image_q6qVPH","image_DRt7NQ"],"settings":{"link_label":"FOLLOW US @SNUG_BRANDWEAR","link":"https:\/\/www.instagram.com\/snug_brandwear\/"}},"custom_featured_blog_HYN8gt":{"type":"custom-featured-blog","settings":{"image":"shopify:\/\/shop_images\/blog_cover.jpg","title":"<p><strong>İLK ALIŞVERİŞLERE ÖZEL 😉<\/strong><\/p><h3>Size özel %20 indirim kodu için Instagram da bizi takip etmeyi unutmayın:@snug_brandwear 🌀<\/h3>","url_label":"","url_link":"shopify:\/\/collections\/summer-fw23-collection","bg_image":"shopify:\/\/shop_images\/plain_and_simple.jpg"}},"article-template":{"type":"article-template","settings":{"blog_show_author":true,"blog_show_date":true,"show_share_buttons":true}},"wishit_circle_menu_mDpKfb":{"type":"wishit-circle-menu","blocks":{"collection_ep6czt":{"type":"collection","settings":{"image":"shopify:\/\/shop_images\/Indirim.jpg","title":"İNDİRİM","url":"shopify:\/\/collections\/summer-fw23-collection"}},"collection_iUffTt":{"type":"collection","settings":{"image":"shopify:\/\/shop_images\/Pantolon.jpg","title":"PANTOLON","url":"shopify:\/\/collections\/uni̇sex-pantolonlar"}},"collection_hbDALx":{"type":"collection","settings":{"image":"shopify:\/\/shop_images\/Gomlek.jpg","title":"GÖMLEK","url":"https:\/\/snugbrandwear.com\/collections\/unisex-keten-gomlek"}},"collection_xUy8XK":{"type":"collection","settings":{"image":"shopify:\/\/shop_images\/Tisort.jpg","title":"T-SHIRT","url":"shopify:\/\/collections\/t-shirt-1"}},"collection_xzCbaQ":{"type":"collection","settings":{"image":"shopify:\/\/shop_images\/Kimono.jpg","title":"KİMONO","url":"https:\/\/snugbrandwear.com\/collections\/kimono-ceket"}},"collection_EpBniz":{"type":"collection","settings":{"image":"shopify:\/\/shop_images\/Canta.jpg","title":"ÇANTA","url":"https:\/\/snugbrandwear.com\/collections\/canta-1"}},"collection_xBKftk":{"type":"collection","settings":{"image":"shopify:\/\/shop_images\/Bere.jpg","title":"BERE","url":"shopify:\/\/collections\/bereler"}}},"block_order":["collection_ep6czt","collection_iUffTt","collection_hbDALx","collection_xUy8XK","collection_xzCbaQ","collection_EpBniz","collection_xBKftk"],"settings":{"spaced-out":false,"background-color":"","desktop-circle-width":100,"mobile-circle-width":90,"image-border-color":"#717070","image-border-thickness":3,"main-heading":"","main-heading-color":"","main-heading-font-size":12,"title-color":"","title-size":12}},"collection_slider_fdC3nB":{"type":"collection-slider","disabled":true,"settings":{"title":"PANTOLON","badge-color-0":"#3ddc1e","badge-text-1":"","badge-color-1":"#3364ab","badge-text-2":"best","badge-color-2":"#96a9c2","badge-text-3":"","badge-color-3":"#19c025","badge-text-4":"seller","badge-color-4":"#ff6719","collection":"pantolonlar","grid":5,"rows":5,"show_vendor":false,"show_view_all":false}},"collection_slider_WNBwiL":{"type":"collection-slider","disabled":true,"settings":{"title":"T-SHIRTS","badge-color-0":"#3ddc1e","badge-text-1":"","badge-color-1":"#3364ab","badge-text-2":"best","badge-color-2":"#96a9c2","badge-text-3":"","badge-color-3":"#19c025","badge-text-4":"seller","badge-color-4":"#ff6719","collection":"t-shirt-1","grid":5,"rows":5,"show_vendor":false,"show_view_all":false}},"collection_slider_YVKJEn":{"type":"collection-slider","disabled":true,"settings":{"title":"FW-24","badge-color-0":"#67b729","badge-text-1":"","badge-color-1":"#ff6f88","badge-text-2":"","badge-color-2":"#ff6f88","badge-text-3":"","badge-color-3":"#ff6f88","badge-text-4":"","badge-color-4":"#ff6f88","collection":"fw-24","grid":5,"rows":5,"show_vendor":false,"show_view_all":false}},"collection_slider_afiLWj":{"type":"collection-slider","disabled":true,"settings":{"title":"BERE","badge-color-0":"#67b729","badge-text-1":"","badge-color-1":"#ff6f88","badge-text-2":"","badge-color-2":"#ff6f88","badge-text-3":"","badge-color-3":"#ff6f88","badge-text-4":"","badge-color-4":"#ff6f88","collection":"bereler","grid":5,"rows":5,"show_vendor":false,"show_view_all":false}},"collection_slider_Laf9y3":{"type":"collection-slider","disabled":true,"settings":{"title":"KİMONO","badge-color-0":"#67b729","badge-text-1":"","badge-color-1":"#ff6f88","badge-text-2":"","badge-color-2":"#ff6f88","badge-text-3":"","badge-color-3":"#ff6f88","badge-text-4":"","badge-color-4":"#ff6f88","collection":"kimono-ceket","grid":5,"rows":5,"show_vendor":false,"show_view_all":false}},"collection_slider_GXdXaC":{"type":"collection-slider","disabled":true,"settings":{"title":"CROP-TOP","badge-color-0":"#67b729","badge-text-1":"","badge-color-1":"#ff6f88","badge-text-2":"","badge-color-2":"#ff6f88","badge-text-3":"","badge-color-3":"#ff6f88","badge-text-4":"","badge-color-4":"#ff6f88","collection":"crop-top-t-shirt","grid":5,"rows":5,"show_vendor":false,"show_view_all":false}},"collection_slider_LUENDp":{"type":"collection-slider","disabled":true,"settings":{"title":"ÇANTA","badge-color-0":"#67b729","badge-text-1":"","badge-color-1":"#ff6f88","badge-text-2":"","badge-color-2":"#ff6f88","badge-text-3":"","badge-color-3":"#ff6f88","badge-text-4":"","badge-color-4":"#ff6f88","collection":"canta","grid":5,"rows":5,"show_vendor":false,"show_view_all":false}},"wishit_collection_grid_1_aWA3wL":{"type":"wishit-collection-grid-1","blocks":{"slide_PJVyJr":{"type":"slide","settings":{"collection_title":"","image":"shopify:\/\/shop_images\/1_d937110a-2f56-4a5f-a56c-e464a40ab1af.jpg","overlay_bg_color":"#000000","image_overlay_opacity":0.4,"title":"","content":"","button-text":"","url":"shopify:\/\/collections\/kadin"}},"slide_fwbAGN":{"type":"slide","settings":{"collection_title":"","image":"shopify:\/\/shop_images\/2_7163ca15-c648-4309-9c68-fa89f4f6bd27.jpg","overlay_bg_color":"#000000","image_overlay_opacity":0.3,"title":"","content":"","button-text":"","url":"shopify:\/\/collections\/erkek"}}},"block_order":["slide_PJVyJr","slide_fwbAGN"],"custom_css":[".wishit-gallery-with-text__media img {width: 100%; height: 100%; object-fit: cover; object-position: top; margin: 0; \/* Remove all margins to eliminate white space *\/}"," \/* Add space between the two images *\/.wishit-gallery-with-text__media {display: flex; gap: 30px; \/* Adjust the gap value to add white space between images *\/ justify-content: flex-start; \/* Align items to the start to remove any left margin *\/}"," \/* Remove any left margin or padding from the container *\/.wishit-gallery-with-text {margin-left: 0; padding-left: 0;}"],"settings":{"background-color":"","main-heading":"","main-heading-color":"","heading-size":21,"label-size":16,"title-size":20,"content-size":17,"text-color":"#ffffff","background-button":"#000000","button-text-color":"#ffffff","padding_top":40,"padding_bottom":40}},"collection_slider_VCrfmQ":{"type":"collection-slider","disabled":true,"settings":{"title":"ATKI","badge-color-0":"#3ddc1e","badge-text-1":"","badge-color-1":"#3364ab","badge-text-2":"best","badge-color-2":"#96a9c2","badge-text-3":"","badge-color-3":"#19c025","badge-text-4":"seller","badge-color-4":"#ff6719","collection":"shalls","grid":5,"rows":5,"show_vendor":false,"show_view_all":false}},"collection_slider_iT4wLe":{"type":"collection-slider","disabled":true,"settings":{"title":"ERKEK","badge-color-0":"#3ddc1e","badge-text-1":"","badge-color-1":"#3364ab","badge-text-2":"best","badge-color-2":"#96a9c2","badge-text-3":"","badge-color-3":"#19c025","badge-text-4":"seller","badge-color-4":"#ff6719","collection":"erkek","grid":5,"rows":5,"show_vendor":false,"show_view_all":false}},"custom_featured_blog_YpVbpq":{"type":"custom-featured-blog","settings":{"image":"shopify:\/\/shop_images\/3_f3e8e345-89d5-4044-b060-4566ce533347.jpg","title":"<h3><strong>FW-24 Süper Yumuşak Neo Retro Koleksiyonu şimdi satışta <\/strong>🌀<\/h3>","url_label":"ŞİMDİ KEŞFET","url_link":"https:\/\/snugbrandwear.com\/collections\/fw-24","bg_image":"shopify:\/\/shop_images\/plain_and_simple_9b12a125-c8fc-4fea-a0c5-8765e18471d9.jpg"}},"wishit_collection_grid_1_tKphTV":{"type":"wishit-collection-grid-1","blocks":{"slide_mUycw6":{"type":"slide","settings":{"collection_title":"FW-24 🌀","image":"shopify:\/\/shop_images\/1_50444bbc-fdd0-4fbb-aa05-59b79ee899fe.jpg","overlay_bg_color":"#000000","image_overlay_opacity":0.4,"title":"","content":"","button-text":"Şimdi İncele","url":"shopify:\/\/collections\/fw-24"}},"slide_jCJAcW":{"type":"slide","settings":{"collection_title":"40'A VARAN + Ek %20 İNDİRİM ⏰","image":"shopify:\/\/shop_images\/Mobile-Banner-2_1.jpg","overlay_bg_color":"#5f5a5a","image_overlay_opacity":0.4,"title":"","content":"","button-text":"","url":"shopify:\/\/collections\/summer-fw23-collection"}}},"block_order":["slide_mUycw6","slide_jCJAcW"],"settings":{"background-color":"","main-heading":"","main-heading-color":"","heading-size":32,"label-size":16,"title-size":26,"content-size":14,"text-color":"#ffffff","background-button":"#000000","button-text-color":"#ffffff","padding_top":50,"padding_bottom":50}},"collection_slider_TRfgEk":{"type":"collection-slider","settings":{"title":"40'A VARAN İNDİRİMLER","badge-color-0":"#3ddc1e","badge-text-1":"","badge-color-1":"#3364ab","badge-text-2":"best","badge-color-2":"#96a9c2","badge-text-3":"","badge-color-3":"#19c025","badge-text-4":"seller","badge-color-4":"#ff6719","collection":"summer-fw23-collection","grid":5,"rows":5,"show_vendor":false,"show_view_all":false}},"wishit_marquee_Hk8mpe":{"type":"wishit-marquee","blocks":{"item_4ek63X":{"type":"item","settings":{"text":"Ürünlerinde %40'a Varan İndirim 🌞","url":"shopify:\/\/collections\/summer-fw23-collection"}},"item_gYR4T9":{"type":"item","settings":{"text":"Sipariş Destek Hattı: 08502550358 ☎️","url":"shopify:\/\/pages\/i̇leti̇si̇m"}},"item_e7A9Mn":{"type":"item","settings":{"text":"Ücretsiz İade ve Değişim ↩️","url":"shopify:\/\/policies\/refund-policy"}},"item_6h8y9Y":{"type":"item","settings":{"text":"2000 TL ve Üzeri Alışverişlerde Net %20 Sepet İndirimi 🛍️","url":"shopify:\/\/collections\/fw-24"}}},"block_order":["item_4ek63X","item_gYR4T9","item_e7A9Mn","item_6h8y9Y"],"settings":{"background-color":"#ececec","font-color":"#f7f7f7","font-size":15,"spacing":140,"margin":2,"speed":65}}},"content_for_index":["16514057578b814895","wishit_circle_menu_mDpKfb","wishit_collection_grid_1_aWA3wL","collection_slider_TRfgEk","wishit_collection_grid_1_tKphTV","9c8b7149-751b-494f-8e04-a645073fdd41","collection_slider_YVKJEn","collection_slider_iT4wLe","collection_slider_fdC3nB","729fa62d-12c3-43ff-bd72-0ab4da9be6d7","collection_slider_WNBwiL","collection_slider_afiLWj","collection_slider_Laf9y3","collection_slider_GXdXaC","collection_slider_VCrfmQ","collection_slider_LUENDp","5e265cec-9172-4226-a8fb-20fe733c5f7d","wishit_marquee_Hk8mpe","custom_featured_blog_HYN8gt","custom_follow_us_8hdXCj","6079fb46-ed5d-4e23-a25d-dadea260d00c","73c1fb24-0c19-4ba9-9e8f-5fd01bd0babe","wishit_payment_icons_HNfeCg","custom_featured_blog_YpVbpq","822a42e0-4cff-4d16-9d8a-ec1a4a4ff31e"],"blocks":{"855628211100114053":{"type":"shopify:\/\/apps\/klaviyo-email-marketing-sms\/blocks\/klaviyo-onsite-embed\/2632fe16-c075-4321-a88b-50b567f42507","disabled":false,"settings":{}},"6406956604159796213":{"type":"shopify:\/\/apps\/smart-seo\/blocks\/smartseo\/7b0a6064-ca2e-4392-9a1d-8c43c942357b","disabled":false,"settings":{}},"14060646107696862457":{"type":"shopify:\/\/apps\/judge-me-product-reviews\/blocks\/judgeme_core\/61ccd3b1-a9f2-4160-9fe9-4fec8413e5d8","disabled":false,"settings":{}},"16278478101612877664":{"type":"shopify:\/\/apps\/pagefly-page-builder\/blocks\/app-embed\/83e179f7-59a0-4589-8c66-c0dddf959200","disabled":false,"settings":{}},"15683396631634586217":{"type":"shopify:\/\/apps\/inbox\/blocks\/chat\/841fc607-4181-4ad1-842d-e24d7f8bad6b","disabled":true,"settings":{"button_color":"#64b77c","button_icon":"chat_bubble","button_text":"no_text","button_horizontal_position":"bottom_right","button_vertical_position":"lowest","greeting_message":"👋 Merhaba Snugger,\nSorularınızı, önerilerinizi ve şikayetlerinizi canlı destek hattından bizlerle paylaşabilirsiniz.\n"}},"9258473194686202715":{"type":"shopify:\/\/apps\/wishit-theme-sections-library\/blocks\/app-embed\/75718c87-6fbb-4711-96bb-441b314b29ba","disabled":false,"settings":{"custom_script":"<!-- You can copy paste JS\/CSS\/HTML scripts here -->","custom_css":"\/* Enter your Custom CSS below without style tag *\/","custom_js":"\/* Enter your Custom Javascript code below without script tag *\/"}},"4976129024724438625":{"type":"shopify:\/\/apps\/smartseo\/blocks\/brokenLinkDetection\/7b0a6064-ca2e-4392-9a1d-8c43c942357b","disabled":false,"settings":{}}}},"presets":{"Default":{"sections":{"header":{"type":"header","settings":{}},"hero-1":{"type":"hero","settings":{"hero_size":"large","text_size":"large"}},"feature-row":{"type":"feature-row","settings":{}},"feature-columns":{"type":"feature-columns","blocks":{"feature-columns-0":{"type":"text_block","settings":{}},"feature-columns-1":{"type":"text_block","settings":{}},"feature-columns-2":{"type":"text_block","settings":{}}},"block_order":["feature-columns-0","feature-columns-1","feature-columns-2"],"settings":{"title":""}},"collection":{"type":"collection","settings":{"grid":4}},"hero-2":{"type":"hero","settings":{"text_size":"large"}},"quotes":{"type":"quotes","blocks":{"quotes-0":{"type":"quote","settings":{}},"quotes-1":{"type":"quote","settings":{}},"quotes-2":{"type":"quote","settings":{}}},"block_order":["quotes-0","quotes-1","quotes-2"],"settings":{"title":""}},"image-bar":{"type":"image-bar","blocks":{"image-bar-0":{"type":"image","settings":{}},"image-bar-1":{"type":"image","settings":{}},"image-bar-2":{"type":"image","settings":{}}},"block_order":["image-bar-0","image-bar-1","image-bar-2"],"settings":{}},"footer":{"type":"footer","blocks":{"footer-0":{"type":"link_list","settings":{}},"footer-1":{"type":"newsletter","settings":{}}},"block_order":["footer-0","footer-1"],"settings":{"show_payment_icons":true}}},"content_for_index":["hero-1","feature-row","feature-columns","collection","hero-2","quotes","image-bar"]},"Light":{"color_text":"#162950","color_body_text":"#6d6d6d","color_sale_text":"#DA2F0C","color_borders":"#e4e4e4","color_button":"#DA2F0C","color_button_text":"#ffffff","color_small_button_text_border":"#162950","color_text_field":"#ffffff","color_text_field_text":"#162950","color_text_field_border":"#909090","color_image_overlay_text":"#ffffff","color_image_overlay":"#3d3d3d","image_overlay_opacity":40,"color_body_bg":"#f8f8f8","type_header_font":"muli_n6","type_header_base_size":26,"type_base_font":"muli_n4","type_base_size":18,"share_facebook":true,"share_twitter":true,"share_pinterest":true,"social_twitter_link":"","social_facebook_link":"","social_pinterest_link":"","social_instagram_link":"","social_tumblr_link":"","social_snapchat_link":"","social_youtube_link":"","social_vimeo_link":"","favicon":"","checkout_header_image":"","checkout_logo_image":"","checkout_logo_position":"left","checkout_logo_size":"small","checkout_body_background_image":"","checkout_body_background_color":"#ffffff","checkout_input_background_color_mode":"white","checkout_sidebar_background_image":"","checkout_sidebar_background_color":"#e8f3f6","checkout_heading_font":"Roboto","checkout_body_font":"Source Sans Pro","checkout_accent_color":"#1990c6","checkout_button_color":"#23314e","checkout_error_color":"#ff6d6d","sections":{"header":{"type":"header","settings":{"align_logo":"left","logo":"","logo_max_width":135,"main_linklist":"main-menu","message":true,"color_bg":"#162950","color_text":"#ffffff"}},"hero":{"type":"hero","settings":{"alignment":"center","hero_size":"x-large","text_size":"large"}},"slideshow":{"type":"slideshow","blocks":{"slideshow-0":{"type":"image","settings":{"image":"","alignment":"center center"}},"1492095993817":{"type":"image","settings":{"image":"","alignment":"center"}}},"block_order":["slideshow-0","1492095993817"],"settings":{"slideshow_height":"medium","text_size":"medium","autorotate":false,"autorotate_speed":5}},"featured-collections":{"type":"collection","settings":{"grid":3,"rows":1,"show_vendor":true,"show_view_all":true}},"product-template":{"type":"product-template","settings":{"show_quantity_selector":false,"show_vendor":false,"show_share_buttons":true,"media_size":"medium","enable_image_zoom":true,"enable_video_looping":false}},"collection-template":{"type":"collection-template","settings":{"layout":"grid","grid":2,"rows":2,"show_collection_image":true,"show_vendor":false,"sort_enable":true,"tags_enable":true}},"1492033809691":{"type":"map","settings":{}},"1492033877875":{"type":"quotes","blocks":{"1492033877875-0":{"type":"quote","settings":{}}},"block_order":["1492033877875-0"],"settings":{}},"1492033924902":{"type":"custom-content","blocks":{"1492033924902-0":{"type":"text","settings":{"width":"100%","alignment":"center","align_text":"center"}}},"block_order":["1492033924902-0"],"settings":{"title":""}},"1492096252560":{"type":"collection-list","blocks":{"1492096252560-0":{"type":"featured_collection","settings":{}},"1492096252560-1":{"type":"featured_collection","settings":{}},"1492096252560-2":{"type":"featured_collection","settings":{}}},"block_order":["1492096252560-0","1492096252560-1","1492096252560-2"],"settings":{"grid":3}},"blog-template":{"type":"blog-template","settings":{"layout":"grid","blog_show_author":true,"blog_show_date":false}},"article-template":{"type":"article-template","settings":{"blog_show_author":true,"blog_show_date":true,"show_share_buttons":true}},"cart-template":{"type":"cart-template","settings":{"cart_notes_enable":false}},"footer":{"type":"footer","blocks":{"link_list":{"type":"link_list","settings":{}},"text":{"type":"text","settings":{}},"newsletter":{"type":"newsletter","settings":{}}},"block_order":["link_list","text","newsletter"],"settings":{"color_footer_bg":"#f8f8f8","color_footer_text":"#6d6d6d"}}},"content_for_index":["hero","featured-collections","slideshow","1492033924902","1492096252560","1492033877875","1492033809691"]}},"platform_customizations":{"custom_css":["body {font-weight: bold;}"]}}