{"current":{"icon_stroke_width":1.5,"section_vertical_spacing":"md","default_color_scheme":"scheme-2","product_rating_color":"#000000","product_on_sale_accent":"#e32c2b","product_sold_out_badge_background":"#efefef","product_custom_badge_background":"#000000","success_color":"#307a07","warning_color":"#ed8a00","error_color":"#cb2b2b","heading_font":"instrument_sans_n4","heading_text_transform":"normal","heading_font_size_factor":1.2,"heading_letter_spacing":6,"text_font":"open_sans_n4","text_font_size_mobile":15,"text_font_size_desktop":15,"button_text_font":"body","button_letter_spacing":13,"round_color_swatches":true,"color_swatch_config":"","product_image_aspect_ratio":"natural","product_card_text_font":"body","product_color_display":"hide","show_quick_buy":false,"show_discount":false,"social_facebook":"https:\/\/www.facebook.com\/people\/Azara-Jewelry\/61557576757562\/","social_instagram":"https:\/\/www.instagram.com\/azaraofficialco\/","favicon":"shopify:\/\/shop_images\/Untitled_design_4c4c6f71-c2eb-4e09-b20c-edee066c33d9.png","variation_images":"14K Yellow Gold: https:\/\/cdn.shopify.com\/s\/files\/1\/0836\/0597\/9456\/files\/metal-1.png?v=1744495401\n18K Yellow Gold: https:\/\/cdn.shopify.com\/s\/files\/1\/0836\/0597\/9456\/files\/metal-2.png?v=1744495407\n14K White Gold: https:\/\/cdn.shopify.com\/s\/files\/1\/0836\/0597\/9456\/files\/metal-3.png?v=1744495415\n18K White Gold: https:\/\/cdn.shopify.com\/s\/files\/1\/0836\/0597\/9456\/files\/metal-4.png?v=1744495424\n14K Rose Gold: https:\/\/cdn.shopify.com\/s\/files\/1\/0836\/0597\/9456\/files\/metal-5.png?v=1744495404\n18K Rose Gold: https:\/\/cdn.shopify.com\/s\/files\/1\/0836\/0597\/9456\/files\/metal-6.png?v=1744495427\nPlatinum: https:\/\/cdn.shopify.com\/s\/files\/1\/0836\/0597\/9456\/files\/metal-7.png?v=1744495421\n4 Carat: https:\/\/cdn.shopify.com\/s\/files\/1\/0836\/0597\/9456\/files\/cart-3.png?v=1744497008\n5 Carat: https:\/\/cdn.shopify.com\/s\/files\/1\/0836\/0597\/9456\/files\/cart-3.png?v=1744497008\n6 Carat: https:\/\/cdn.shopify.com\/s\/files\/1\/0836\/0597\/9456\/files\/cart-3.png?v=1744497008\n0.5 Carat: https:\/\/cdn.shopify.com\/s\/files\/1\/0836\/0597\/9456\/files\/cart-3.png?v=1744497008\n1 Carat: https:\/\/cdn.shopify.com\/s\/files\/1\/0836\/0597\/9456\/files\/cart-3.png?v=1744497008\n1.5 Carat: https:\/\/cdn.shopify.com\/s\/files\/1\/0836\/0597\/9456\/files\/cart-3.png?v=1744497008\n2 Carat: https:\/\/cdn.shopify.com\/s\/files\/1\/0836\/0597\/9456\/files\/cart-3.png?v=1744497008\n3 Carat: https:\/\/cdn.shopify.com\/s\/files\/1\/0836\/0597\/9456\/files\/cart-3.png?v=1744497008","checkout_logo_image":"shopify:\/\/shop_images\/2.png","metal_images":"14K Yellow Gold: https:\/\/cdn.shopify.com\/s\/files\/1\/0836\/0597\/9456\/files\/metal-1.png?v=1744450120\n18K Yellow Gold: https:\/\/cdn.shopify.com\/s\/files\/1\/0836\/0597\/9456\/files\/metal-2.png?v=1744450120\n14K White Gold: https:\/\/cdn.shopify.com\/s\/files\/1\/0836\/0597\/9456\/files\/metal-3.png?v=1744450120","carat_images":"4 Carat: https:\/\/cdn.shopify.com\/s\/files\/1\/0836\/0597\/9456\/files\/cart-1.png?v=1744451500\n5 Carat: https:\/\/cdn.shopify.com\/s\/files\/1\/0836\/0597\/9456\/files\/cart-2.png?v=1744451500\n6 Carat: https:\/\/cdn.shopify.com\/s\/files\/1\/0836\/0597\/9456\/files\/cart-3.png?v=1744451500","metal_colors":"","band_images":"","content_for_index":[],"blocks":{"13305437469741356523":{"type":"shopify:\/\/apps\/gsc-instagram-feed\/blocks\/embed\/96970b1b-b770-454f-b16b-51f47e1aa4ed","disabled":false,"settings":{}},"15623156175785154009":{"type":"shopify:\/\/apps\/qikify-smart-menu-mega-menu\/blocks\/app-embed\/19d2f1cd-1836-4a32-8937-03df3c601dc8","disabled":false,"settings":{}},"14060646107696862457":{"type":"shopify:\/\/apps\/judge-me-reviews\/blocks\/judgeme_core\/61ccd3b1-a9f2-4160-9fe9-4fec8413e5d8","disabled":false,"settings":{}},"5946647744298494267":{"type":"shopify:\/\/apps\/wishlist-plus\/blocks\/wishlist-app-embed\/80c3b1fc-3a8f-407e-8367-ffdeebb8b612","disabled":false,"settings":{"storefront_layout_enabled":false,"storefront_layout_type":"as-drawer","storefront_layout_collection_enabled":true,"storefront_layout_primary_bg_color":"#000000","storefront_layout_primary_text_color":"#ffffff","storefront_layout_secondary_bg_color":"#f4f8fe","storefront_layout_secondary_text_color":"#333333","storefront_layout_ui_border_radius":6,"storefront_layout_notification_enabled_as_default":true,"storefront_layout_notification_position":"left","storefront_layout_action_popup_position":"left","storefront_layout_drawer_position":"left","storefront_layout_drawer_width":400,"storefront_layout_as_section_page":""}},"10274264662263595587":{"type":"shopify:\/\/apps\/wishlist-plus\/blocks\/wishlist-collections-embed\/80c3b1fc-3a8f-407e-8367-ffdeebb8b612","disabled":false,"settings":{"swym_collections_icon_type":"heart","swym_collections_icon_thickness":1.7,"swym_collections_position":"top-right","swym_collections_vertical_offset":0,"swym_collections_horizontal_offset":0,"swym_collections_button_size":25,"swym_collections_icon_color":"#000000","swym_collections_product_link_selector":"-","swym_collections_product_tile_selector":"-","enable_variant_selector":false,"swym_add_to_wishlist_title_color":"#333","swym_variant_selector_font_size_1":14,"swym_variant_selector_popup_bg_color":"#fff","swym_variant_selector_section_heading_color":"#000","swym_variant_selector_section_heading_font_size_2":12,"swym_variant_selector_choose_create_text":"Choose or Create new Wishlist","swym_variant_selector_wishlist_btn_bg_color":"#292929","swym_variant_selector_wishlist_btn_color":"#fff","swym_variant_selector_product_detail_font_color":"#fff","swym_variant_selector_create_list_placeholder_text":"Enter wishlist name","swym_variant_selector_create_list_title":"Name Your Wishlist"}},"15683396631634586217":{"type":"shopify:\/\/apps\/inbox\/blocks\/chat\/841fc607-4181-4ad1-842d-e24d7f8bad6b","disabled":false,"settings":{"button_color":"#000000","secondary_color":"#ffffff","ternary_color":"#000000","button_icon":"chat_bubble","button_text":"live_chat","button_horizontal_position":"bottom_right","button_vertical_position":"lowest","greeting_message":"Azara Client Care"}}},"color_schemes":{"scheme-1":{"settings":{"background":"#ffffff","background_gradient":"","text_color":"#000000","primary_button_background":"#1c1c1c","primary_button_text_color":"#ffffff","circle_button_background":"#ffffff","circle_button_icon":"#1c1c1c"}},"scheme-2":{"settings":{"background":"#ffffff","background_gradient":"","text_color":"#1c1c1c","primary_button_background":"#1c1c1c","primary_button_text_color":"#ffffff","circle_button_background":"#ffffff","circle_button_icon":"#1c1c1c"}},"scheme-3":{"settings":{"background":"#1c1c1c","background_gradient":"","text_color":"#ffffff","primary_button_background":"#ffffff","primary_button_text_color":"#1c1c1c","circle_button_background":"#ffffff","circle_button_icon":"#1c1c1c"}},"scheme-4":{"settings":{"background":"rgba(0,0,0,0)","background_gradient":"","text_color":"#ffffff","primary_button_background":"#ffffff","primary_button_text_color":"#1c1c1c","circle_button_background":"#ffffff","circle_button_icon":"#1c1c1c"}}}},"presets":{"Allure":{"section_vertical_spacing":"md","heading_font":"instrument_sans_n4","heading_letter_spacing":18,"text_font":"nunito_n4","text_font_size_desktop":14,"button_letter_spacing":18,"color_schemes":{"scheme-1":{"settings":{"background":"#efefef","text_color":"#1c1c1c","primary_button_background":"#1c1c1c","primary_button_text_color":"#ffffff","circle_button_background":"#ffffff","circle_button_icon":"#1c1c1c"}},"scheme-2":{"settings":{"background":"#ffffff","text_color":"#1c1c1c","primary_button_background":"#1c1c1c","primary_button_text_color":"#ffffff","circle_button_background":"#ffffff","circle_button_icon":"#1c1c1c"}},"scheme-3":{"settings":{"background":"#1c1c1c","text_color":"#ffffff","primary_button_background":"#ffffff","primary_button_text_color":"#1c1c1c","circle_button_background":"#ffffff","circle_button_icon":"#1c1c1c"}},"scheme-4":{"settings":{"background":"rgba(0,0,0,0)","text_color":"#ffffff","primary_button_background":"#ffffff","primary_button_text_color":"#1c1c1c","circle_button_background":"#ffffff","circle_button_icon":"#1c1c1c"}}},"success_color":"#307a07","warning_color":"#ed8a00","error_color":"#cb2b2b","product_rating_color":"#1c1c1c","product_on_sale_accent":"#e32c2b","product_sold_out_badge_background":"#efefef","product_custom_badge_background":"#1c1c1c"},"Couture":{"section_vertical_spacing":"md","heading_font":"jost_n4","heading_letter_spacing":18,"text_font":"poppins_n4","text_font_size_desktop":14,"button_letter_spacing":18,"color_schemes":{"scheme-1":{"settings":{"background":"#ffffff","text_color":"#5c5c5c","primary_button_background":"#5c5c5c","primary_button_text_color":"#ffffff","circle_button_background":"#ffffff","circle_button_icon":"#1c1c1c"}},"scheme-2":{"settings":{"background":"#f3f3f3","text_color":"#5c5c5c","primary_button_background":"#5c5c5c","primary_button_text_color":"#ffffff","circle_button_background":"#ffffff","circle_button_icon":"#5c5c5c"}},"scheme-3":{"settings":{"background":"#1c1c1c","text_color":"#ffffff","primary_button_background":"#ffffff","primary_button_text_color":"#1c1c1c","circle_button_background":"#ffffff","circle_button_icon":"#1c1c1c"}},"scheme-4":{"settings":{"background":"rgba(0,0,0,0)","text_color":"#ffffff","primary_button_background":"#ffffff","primary_button_text_color":"#1c1c1c","circle_button_background":"#ffffff","circle_button_icon":"#1c1c1c"}}},"success_color":"#307a07","warning_color":"#ed8a00","error_color":"#cb2b2b","product_rating_color":"#1c1c1c","product_on_sale_accent":"#e32c2b","product_sold_out_badge_background":"#efefef","product_custom_badge_background":"#1c1c1c"},"Vogue":{"section_vertical_spacing":"xs","heading_font":"jost_n4","heading_letter_spacing":18,"text_font":"jost_n4","text_font_size_desktop":14,"button_letter_spacing":18,"color_schemes":{"scheme-1":{"settings":{"background":"#ffffff","text_color":"#303030","primary_button_background":"#f5db8b","primary_button_text_color":"#303030","circle_button_background":"#1c1c1c","circle_button_icon":"#f5db8b"}},"scheme-2":{"settings":{"background":"#ffffff","text_color":"#303030","primary_button_background":"#f5db8b","primary_button_text_color":"#303030","circle_button_background":"#1c1c1c","circle_button_icon":"#f5db8b"}},"scheme-3":{"settings":{"background":"#1c1c1c","text_color":"#ffffff","primary_button_background":"#ffffff","primary_button_text_color":"#1c1c1c","circle_button_background":"#ffffff","circle_button_icon":"#1c1c1c"}},"scheme-4":{"settings":{"background":"rgba(0,0,0,0)","text_color":"#ffffff","primary_button_background":"#ffffff","primary_button_text_color":"#1c1c1c","circle_button_background":"#ffffff","circle_button_icon":"#1c1c1c"}}},"success_color":"#307a07","warning_color":"#ed8a00","error_color":"#cb2b2b","product_rating_color":"#1c1c1c","product_on_sale_accent":"#e32c2b","product_sold_out_badge_background":"#efefef","product_custom_badge_background":"#1c1c1c"}}}