{"current":{"color_body_bg":"#ffffff","color_body_text":"#000000","color_price":"#111111","color_savings_text":"#C20000","color_borders":"#e8e8e1","color_button":"#111111","color_button_text":"#ffffff","color_cart_dot":"#ff4f33","color_small_image_bg":"#ffffff","color_large_image_bg":"#0f0f0f","color_header":"#ffffff","color_header_text":"#000000","color_announcement":"#333333","color_announcement_text":"#ffffff","color_footer":"#333333","color_footer_text":"#000000","color_drawer_background":"#ffffff","color_drawer_text":"#000000","color_drawer_border":"#e8e8e1","color_drawer_button":"#111111","color_drawer_button_text":"#ffffff","color_modal_overlays":"#e6e6e6","color_image_overlay":"#000000","color_image_overlay_text_shadow":20,"type_header_font_family":"roboto_n4","type_header_spacing":"0","type_header_base_size":36,"type_header_line_height":1,"type_header_capitalize":false,"type_headers_align_text":true,"type_base_font_family":"roboto_n4","type_base_spacing":"25","type_base_size":18,"type_base_line_height":1.4,"type_body_align_text":false,"type_navigation_style":"heading","type_navigation_size":20,"type_navigation_capitalize":false,"type_product_style":"body","type_product_capitalize":false,"type_collection_font":"heading","type_collection_size":20,"button_style":"square","icon_weight":"3px","icon_linecaps":"round","product_save_amount":true,"product_save_type":"percent","quick_shop_enable":true,"quick_shop_text":"Quick view","product_grid_image_size":"natural","product_grid_image_fill":true,"product_hover_image":true,"enable_swatches":true,"swatch_style":"round","enable_product_reviews":true,"collection_grid_style":"overlaid","collection_grid_shape":"landscape","collection_grid_image":"collection","collection_grid_text_align":"bottom-left","collection_grid_tint":"#000000","collection_grid_opacity":10,"collection_grid_gutter":true,"cart_type":"drawer","cart_icon":"cart","cart_notes_enable":true,"cart_terms_conditions_enable":false,"social_facebook_link":"https:\/\/www.facebook.com\/profile.php?i00755576918d=1082","social_pinterest_link":"https:\/\/www.pinterest.com\/glercbikes\/","social_instagram_link":"https:\/\/www.instagram.com\/glercbikes\/","social_youtube_link":"https:\/\/www.youtube.com\/channel\/UCXNzHU1pQzADdcxj-zM3N5Q","share_facebook":false,"share_twitter":false,"share_pinterest":false,"favicon":"shopify:\/\/shop_images\/logoG.png","search_enable":true,"predictive_search_enabled":false,"show_breadcrumbs":false,"checkout_logo_position":"left","checkout_logo_size":"small","checkout_body_background_color":"#ffffff","checkout_input_background_color_mode":"white","checkout_sidebar_background_color":"#fafafa","checkout_accent_color":"#111111","checkout_button_color":"#111111","checkout_error_color":"#ff6d6d","breadcrumb":false,"sections":{"collection-header":{"type":"collection-header","settings":{"enable":true,"collection_image_enable":true,"parallax":true}}},"content_for_index":[],"blocks":{"319724205969189013":{"type":"shopify:\/\/apps\/hulk-form-builder\/blocks\/app-embed\/b6b8dd14-356b-4725-a4ed-77232212b3c3","disabled":false,"settings":{}},"14327677521557774844":{"type":"shopify:\/\/apps\/simprosys-google-shopping-feed\/blocks\/core_settings_block\/1f0b859e-9fa6-4007-97e8-4513aff5ff3b","disabled":false,"settings":{}},"2153490007123654574":{"type":"shopify:\/\/apps\/consentmo-gdpr\/blocks\/gdpr_cookie_consent\/4fbe573f-a377-4fea-9801-3ee0858cae41","disabled":false,"settings":{}},"18228966181090706294":{"type":"shopify:\/\/apps\/selleasy\/blocks\/app-embed\/790c1a03-a71f-4bc1-9869-00dad526d3c2","disabled":false,"settings":{"storefrontAccessToken":"c41fa5da0c23dce89265b2d4b472edee"}},"7147999719060634790":{"type":"shopify:\/\/apps\/gsc-countdown-timer\/blocks\/countdown-bar\/58dc5b1b-43d2-4209-b1f3-52aff31643ed","disabled":false,"settings":{}},"14060646107696862457":{"type":"shopify:\/\/apps\/judge-me-reviews\/blocks\/judgeme_core\/61ccd3b1-a9f2-4160-9fe9-4fec8413e5d8","disabled":false,"settings":{}},"15683396631634586217":{"type":"shopify:\/\/apps\/inbox\/blocks\/chat\/841fc607-4181-4ad1-842d-e24d7f8bad6b","disabled":true,"settings":{"button_color":"#000000","secondary_color":"#ffffff","ternary_color":"#6a6a6a","button_icon":"chat_bubble","button_text":"no_text","button_horizontal_position":"bottom_left","button_vertical_position":"lowest","greeting_message":""}},"4015264832934714879":{"type":"shopify:\/\/apps\/ecomsend-popups\/blocks\/app\/a5670cf8-5705-4b01-ad9e-447033feae26","disabled":false,"settings":{}},"17453258828962521766":{"type":"shopify:\/\/apps\/captain-insure\/blocks\/app\/a7ef2f88-bc96-4a68-ba4e-f042ccbc8beb","disabled":false,"settings":{}},"2104245418471043333":{"type":"shopify:\/\/apps\/17track\/blocks\/app-embed\/1519e068-e330-4e0b-92dd-0a3263bfceda","disabled":true,"settings":{}},"17198465164502963513":{"type":"shopify:\/\/apps\/parcel-panel\/blocks\/app.embed\/fc785c3f-90e0-4c98-a20c-7cde9ba5e4b5","disabled":false,"settings":{}},"17368511000352060744":{"type":"shopify:\/\/apps\/goaffpro-affiliate-marketing\/blocks\/goaffpro-embedded-pixel\/2f4d802b-86c2-47e4-8096-ae1aa3efbab2","disabled":false,"settings":{}},"9685009021672784835":{"type":"shopify:\/\/apps\/g-combined-listings\/blocks\/swatch_renderer\/b3e63011-8382-4b7f-8929-7fe2b1aec125","disabled":false,"settings":{"enable_swatch_product_page":true,"enable_swatch_product_card_1":false,"enable_swatch_product_card_2":false,"swatch_option_identifiers":"Color, Couleur, Colore, Farbe,\nPattern, Patrón, Motif, Muster, Motivo,\nMaterial, Matériau, Materiale,\nFinish, Finition, Finitura, Oberfläche, Acabado"}}}},"presets":{"Modern":{"breadcrumb":false,"button_style":"square","cart_notes_enable":false,"cart_terms_conditions_enable":false,"cart_type":"drawer","checkout_accent_color":"#111111","checkout_body_background_color":"#ffffff","checkout_button_color":"#111111","checkout_error_color":"#ff6d6d","checkout_input_background_color_mode":"white","checkout_logo_position":"left","checkout_logo_size":"small","checkout_sidebar_background_color":"#fafafa","collection_grid_gutter":true,"collection_grid_image":"product","collection_grid_opacity":10,"collection_grid_shape":"square","collection_grid_style":"overlaid-box","collection_grid_text_align":"center","collection_grid_tint":"#000000","color_announcement":"#0f0f0f","color_announcement_text":"#ffffff","color_body_bg":"#ffffff","color_body_text":"#000000","color_borders":"#e8e8e1","color_button":"#111111","color_button_text":"#ffffff","color_cart_dot":"#ff4f33","color_drawer_background":"#ffffff","color_drawer_border":"#e8e8e1","color_drawer_button":"#111111","color_drawer_button_text":"#ffffff","color_drawer_text":"#000000","color_footer":"#ffffff","color_footer_text":"#000000","color_header":"#ffffff","color_header_text":"#000000","color_image_overlay":"#000000","color_image_overlay_text_shadow":20,"color_large_image_bg":"#0f0f0f","color_modal_overlays":"#e6e6e6","color_price":"#1c1d1d","color_savings_text":"#C20000","color_small_image_bg":"#ffffff","icon_linecaps":"miter","icon_weight":"2px","product_grid_image_size":"natural","product_hover_image":false,"quick_shop_text":"Quick view","type_base_font_family":"twentieth_century_n4","type_base_line_height":1.4,"type_base_size":18,"type_base_spacing":"25","type_body_align_text":true,"type_collection_font":"body","type_collection_size":20,"type_header_base_size":36,"type_header_capitalize":true,"type_header_font_family":"tenor_sans_n4","type_header_line_height":1,"type_header_spacing":"0","type_headers_align_text":true,"type_navigation_capitalize":true,"type_navigation_size":16,"type_navigation_style":"body","type_product_style":"body","sections":{"collection-header":{"type":"collection-header","settings":{"enable":true,"collection_image_enable":true,"parallax":true}}}},"Clean":{"show_breadcrumbs":true,"color_body_bg":"#ffffff","color_body_text":"#000000","color_price":"#1c1d1d","color_savings_text":"#ff4e4e","color_borders":"#e8e8e1","color_button":"#111111","color_button_text":"#ffffff","color_cart_dot":"#ff4f33","color_small_image_bg":"#e5e5e5","color_large_image_bg":"#0f0f0f","color_header":"#ffffff","color_header_text":"#000000","color_announcement":"#0f0f0f","color_announcement_text":"#ffffff","color_footer":"#ffffff","color_footer_text":"#000000","color_drawer_background":"#ffffff","color_drawer_text":"#000000","color_drawer_border":"#e8e8e1","color_drawer_button":"#111111","color_drawer_button_text":"#ffffff","color_modal_overlays":"#e6e6e6","color_image_overlay_opacity":0,"color_image_overlay_text_shadow":24,"type_header_font_family":"basic_commercial_n7","type_header_spacing":"25","type_header_base_size":38,"type_header_line_height":1,"type_header_capitalize":false,"type_headers_align_text":false,"type_base_font_family":"basic_commercial_n4","type_base_spacing":"25","type_base_size":16,"type_base_line_height":1.6,"type_body_align_text":false,"type_navigation_style":"body","type_navigation_size":18,"type_navigation_capitalize":false,"type_product_style":"heading","type_product_capitalize":false,"type_collection_font":"body","type_collection_size":24,"button_style":"square","icon_weight":"4px","icon_linecaps":"miter","quick_shop_text":"Quick view","product_grid_image_size":"square","product_hover_image":true,"collection_grid_style":"overlaid","collection_grid_shape":"square","collection_grid_image":"collection","collection_grid_text_align":"center","collection_grid_tint":"#000000","collection_grid_opacity":20,"collection_grid_gutter":true,"cart_type":"drawer","cart_notes_enable":false,"cart_terms_conditions_enable":false,"checkout_logo_position":"left","checkout_logo_size":"medium","checkout_body_background_color":"#ffffff","checkout_input_background_color_mode":"white","checkout_sidebar_background_color":"#f5f5f5","checkout_accent_color":"#682d2d","checkout_button_color":"#682d2d","checkout_error_color":"#ff6d6d","product_fixed_image_height":false,"sections":{"header":{"type":"header","blocks":{"1520882467782":{"type":"logo","settings":{"logo":"","logo-inverted":"","desktop_logo_width":200,"mobile_logo_width":140}}},"block_order":["1520882467782"],"settings":{"main_menu_link_list":"main-menu","mega_menu_images":true,"main_menu_alignment":"left-center","header_style":"sticky","sticky_index":true,"sticky_collection":true,"toolbar_menu":"","toolbar_social":true,"show_locale_selector":true,"show_currency_selector":true,"show_currency_flags":true}},"footer":{"type":"footer","blocks":{"1494301487049":{"type":"menu","settings":{"show_footer_title":false,"menu":"footer","container_width":25}},"1494292487693":{"type":"newsletter","settings":{"show_footer_title":true,"title":"Sign up and save","text":"<p>Subscribe to get special offers, free giveaways, and once-in-a-lifetime deals.<\/p>","container_width":30}},"1494301487048":{"type":"logo_social","settings":{"logo":"","desktop_logo_height":50,"container_width":95}}},"block_order":["1494301487049","1494292487693","1494301487048"],"settings":{"show_locale_selector":true,"show_currency_selector":true,"show_currency_flags":true,"show_payment_icons":false,"show_copyright":false,"copyright_text":""}},"newsletter-popup":{"type":"newsletter-popup","settings":{"popup_seconds":5,"popup_days":30,"popup_title":"Sign up and save","popup_text":"<p>Entice customers to sign up for your mailing list with discounts or exclusive offers. Include an image for extra impact.<\/p>","popup_image":"","enable_newsletter":true,"button_label":"Optional button","button_link":""}},"collection-header":{"type":"collection-header","settings":{"enable":true,"collection_image_enable":true,"parallax":true}},"footer-promotions":{"type":"footer-promotions","blocks":{"footer-promotions-0":{"type":"promotion","settings":{"enable_image":true,"image":"","title":"Site-wide promotion","text":"<p>Use this section to promote content throughout every page of your site. Add images for further impact.<\/p>","button_label":"Optional button","button_link":""}},"footer-promotions-1":{"type":"promotion","settings":{"enable_image":true,"image":"","title":"Site-wide promotion","text":"<p>Use this section to promote content throughout every page of your site. Add images for further impact.<\/p>","button_label":"Optional button","button_link":""}},"footer-promotions-2":{"type":"promotion","settings":{"enable_image":true,"image":"","title":"Site-wide promotion","text":"<p>Use this section to promote content throughout every page of your site. Add images for further impact.<\/p>","button_label":"Optional button","button_link":""}}},"block_order":["footer-promotions-0","footer-promotions-1","footer-promotions-2"],"settings":{"hide_homepage":false}}}},"Bold":{"color_body_bg":"#000000","color_body_text":"#ffffff","color_price":"#d1ba98","color_savings_text":"#b30000","color_borders":"#2b2a27","color_button":"#9f8561","color_button_text":"#ffffff","color_cart_dot":"#b30000","color_small_image_bg":"#000000","color_large_image_bg":"#111111","color_header":"#000000","color_header_text":"#ffffff","color_announcement":"#cf2424","color_announcement_text":"#ffffff","color_footer":"#000000","color_footer_text":"#ffffff","color_drawer_background":"#000000","color_drawer_text":"#ffffff","color_drawer_border":"#2b2a27","color_drawer_button":"#9f8561","color_drawer_button_text":"#ffffff","color_modal_overlays":"#67635d","color_image_overlay":"#000000","color_image_overlay_opacity":15,"color_image_overlay_text_shadow":30,"type_header_font_family":"fjalla_one_n4","type_header_spacing":"150","type_header_base_size":45,"type_header_line_height":1.2,"type_header_capitalize":true,"type_headers_align_text":true,"type_base_font_family":"itc_conduit_n4","type_base_spacing":"50","type_base_size":18,"type_base_line_height":1.4,"type_body_align_text":true,"type_navigation_style":"heading","type_navigation_size":18,"type_product_style":"heading","type_collection_font":"heading","type_collection_size":23,"button_style":"angled","icon_weight":"5px","icon_linecaps":"miter","search_enable":false,"product_save_amount":true,"quick_shop_enable":true,"quick_shop_text":"Quick view","product_grid_image_size":"square","product_hover_image":false,"product_content_collapse_1":false,"product_content_collapse_2":true,"product_content_collapse_3":true,"collection_grid_style":"overlaid-box","collection_grid_shape":"landscape","collection_grid_image":"collection","collection_grid_text_align":"bottom-center","collection_grid_tint":"#000000","collection_grid_opacity":10,"collection_grid_gutter":true,"cart_type":"drawer","checkout_logo_position":"left","checkout_logo_size":"small","checkout_body_background_color":"#000000","checkout_input_background_color_mode":"transparent","checkout_sidebar_background_color":"#000000","checkout_heading_font":"Helvetica Neue","checkout_body_font":"Helvetica Neue","checkout_accent_color":"#ae9878","checkout_button_color":"#ae9878","checkout_error_color":"#ff6d6d","color_image_2":"#cf2424","color_image_2_opacity":0,"color_image_1":"#6d1414","color_image_1_opacity":0,"type_accent_style":"body","type_accent_bold":true,"type_accent_capitalize":true,"type_button_font":"heading","type_button_capitalize":false,"type_header_accent_transform":true,"type_base_accent_transform":true,"collection_grid_font":"heading","color_image_bg":"#000000","breadcrumb":true,"color_sale_tag":"#990000","color_input":"#ffffff","checkout_banner_background_color":"#ffffff","checkout_call_to_action_color":"#a26b25","sections":{"header":{"type":"header","blocks":{"1524768779513":{"type":"logo","settings":{}}},"block_order":["1524768779513"],"settings":{"main_menu_link_list":"main-menu","main_menu_alignment":"left-center","header_style":"normal","sticky_index":true,"sticky_collection":false,"toolbar_social":false}},"footer":{"type":"footer","blocks":{"1494292487693":{"type":"newsletter","settings":{}},"1526406521795":{"type":"menu","settings":{"menu":"footer","container_width":25}},"1525444454442":{"type":"logo_social","settings":{"container_width":95}}},"block_order":["1494292487693","1526406521795","1525444454442"],"settings":{"show_payment_icons":true}},"newsletter-popup":{"type":"newsletter-popup","settings":{}},"collection-header":{"type":"collection-header","settings":{"enable":true,"collection_image_enable":false,"parallax":false}}}}}}