{"type":"footer","name":"Footer group","sections":{"footer":{"type":"footer","blocks":{"image_E3zn6f":{"type":"image","settings":{"image":"shopify:\/\/shop_images\/Zoomed_in_9c54871f-8529-4679-85f3-81621e2b7113.png","image_width":200,"link":""}},"text_RQHzYq":{"type":"text","settings":{"title":"ABOUT US","content":"<h6>We design and craft custom fine jewelry using lab-grown diamonds and premium materials. Every made-to-order piece blends innovative design with masterful craftsmanship—modern luxury made uniquely yours.<\/h6>","enable_follow_on_shop":false}},"text_pwDDEN":{"type":"text","settings":{"title":"CONTACT","content":"<h6>Contact@azaraofficial.com<br\/>Call: +1 6043680603<br\/><a href=\"https:\/\/azaraofficial.com\/?chat\" title=\"Live Chat\">Live Chat<br\/><\/a><a href=\"https:\/\/calendly.com\/azaraofficial\" title=\"Virtual Appointment\">Book a Virtual Appointment<\/a><\/h6>","enable_follow_on_shop":false}},"links":{"type":"links","settings":{"menu":"footer","show_menu_title":true,"menu_title":"INFORMATION"}},"newsletter":{"type":"newsletter","settings":{"title":"Newsletter","content":"<p>Sign up to our newsletter to receive exclusive offers.<\/p>","button_background":"","button_text_color":""}}},"block_order":["image_E3zn6f","text_RQHzYq","text_pwDDEN","links","newsletter"],"settings":{"color_scheme":"scheme-3","separate_section_with_border":false,"show_social_media":true,"show_payment_icons":true,"show_country_selector":false,"show_country_name":false,"show_country_flag":false,"show_locale_selector":false}}},"order":["footer"]}