{"type":"header","name":"Header group","sections":{"header":{"type":"header","blocks":{"mega_menu_XFYUGU":{"type":"mega_menu","settings":{"menu_item":"","images_position":"right","image_1_heading":"","image_1_text":"","image_1_link":"","image_2_heading":"","image_2_text":"","image_2_link":""}},"mega_menu_wjP47B":{"type":"mega_menu","settings":{"menu_item":"Main Menu","images_position":"right","image_1_heading":"","image_1_text":"","image_1_link":"","image_2_heading":"","image_2_text":"","image_2_link":""}}},"block_order":["mega_menu_XFYUGU","mega_menu_wjP47B"],"settings":{"color_scheme":"scheme-3","enable_sticky":true,"hide_on_scroll":false,"show_separation_border":true,"reduce_padding":true,"logo":"shopify:\/\/shop_images\/1.png","logo_max_width":165,"logo_mobile_max_width":110,"menu":"main-menu","sidebar_menu":"main-menu","menu_open_trigger":"hover","menu_text_font":"body","enable_search":true,"sidebar_color_scheme":"scheme-2","sidebar_text_font":"heading","sidebar_show_dividers":true,"sidebar_open_second_level_menus":true,"layout":"logo_center_navigation_below","show_icons":true,"show_country_selector":true,"show_country_name":false,"show_country_flag":true,"show_locale_selector":false,"transparent_header_text_color":"#efefef","transparent_logo":"shopify:\/\/shop_images\/4_930fd32b-cd87-4727-a375-33a3ebffe728.png"}},"announcement-bar":{"type":"announcement-bar","blocks":{"message_VCceGK":{"type":"message","settings":{"text":"<a href=\"https:\/\/calendly.com\/azaraofficial\" target=\"_blank\" title=\"Book an appointment\"><strong>Speak with a diamond expert online<\/strong><\/a>"}}},"block_order":["message_VCceGK"],"settings":{"color_scheme":"scheme-3","enable_sticky":false,"autoplay":true,"cycle_speed":4,"desktop_font_size":14,"mobile_font_size":12}}},"order":["header","announcement-bar"]}