{"type":"footer","name":"t:sections.footer-group.name","sections":{"footer-promotions":{"type":"footer-promotions","blocks":{"footer-promotions-0":{"type":"promotion","settings":{"enable_image":true,"image_mask":"square","title":"","text":"<p>Experience speed and thrill with our performance-oriented bicycles!<\/p>","button_label":"Shop Now","button_link":"shopify:\/\/products\/bc3011"}},"footer-promotions-1":{"type":"promotion","settings":{"enable_image":true,"image_mask":"square","title":"","text":"<p>Turn your ride into a stage, push limits, express yourself, ride with our performance bicycles!<\/p>","button_label":"Shop Now","button_link":"shopify:\/\/products\/starry-12-16-bxm-style-bike-for-kids"}},"footer-promotions-2":{"type":"promotion","settings":{"enable_image":true,"image_mask":"square","title":"","text":"<p>Passion meets precision: Ride the streets with our performance bikes!<\/p>","button_label":"Shop Now","button_link":"shopify:\/\/products\/bc3002"}}},"block_order":["footer-promotions-0","footer-promotions-1","footer-promotions-2"],"disabled":true,"settings":{"hide_homepage":false}},"footer":{"type":"footer","blocks":{"menu_XFQVYq":{"type":"menu","settings":{"show_footer_title":true,"menu":"footer","container_width":25}},"menu_3T4wbm":{"type":"menu","settings":{"show_footer_title":true,"menu":"about-us","container_width":25}},"menu_rhFAgK":{"type":"menu","settings":{"show_footer_title":true,"menu":"policy","container_width":25}},"menu_NYJTjJ":{"type":"menu","settings":{"show_footer_title":true,"menu":"support-1","container_width":25}}},"block_order":["menu_XFQVYq","menu_3T4wbm","menu_rhFAgK","menu_NYJTjJ"],"custom_css":[".footer__title {color: white;}",".site-footer {color:white"],"settings":{"show_locale_selector":false,"show_currency_selector":false,"show_currency_flags":false,"show_payment_icons":true,"show_copyright":true,"copyright_text":""}}},"order":["footer-promotions","footer"]}