{"type":"header","name":"t:sections.header-group.name","sections":{"announcement":{"type":"announcement","blocks":{"announcement-0":{"type":"announcement","settings":{"text":"","link_text":"Buy 2 Bikes, Get 10% Off! 🚴‍♀️","link":""}},"announcement_9TxDKp":{"type":"announcement","settings":{"text":"","link_text":"🚚Free shipping within the UK✨","link":""}}},"block_order":["announcement-0","announcement_9TxDKp"],"settings":{"announcement_compact":true}},"header":{"type":"header","blocks":{"header-0":{"type":"logo","settings":{"logo":"shopify:\/\/shop_images\/logo_1.webp","desktop_logo_width":150,"mobile_logo_width":110}}},"block_order":["header-0"],"settings":{"main_menu_link_list":"main-menu","hover_menu":true,"mega_menu_images":true,"main_menu_alignment":"left-center","header_style":"sticky","sticky_index":false,"sticky_collection":false,"toolbar_menu":"","toolbar_social":false,"show_locale_selector":false,"show_currency_selector":false,"show_currency_flags":false}}},"order":["announcement","header"]}