{"sections":{"collection-banner":{"type":"collection-banner","settings":{"color_scheme":"scheme-2","image_size":"auto","allow_transparent_header":true,"reveal":true,"enable_parallax":true,"show_image":true,"show_collection_title":false,"show_collection_description":false,"show_breadcrumb":false,"content_width":"sm","overlay_color":"#000000","overlay_opacity":30}},"main":{"type":"main-collection","settings":{"color_scheme":"scheme-2","hide_product_information":false,"products_per_page":48,"products_per_row_mobile":"2","products_size_desktop":"large","show_grid_mode_selector":true,"horizontal_spacing_factor":1,"vertical_spacing_factor":1,"filter_layout":"drawer","quick_links_menu":"","show_sort_by":true,"show_filters":true,"show_results_count":true,"show_filter_group_name":false,"show_filter_values_count":true,"open_filters_by_default":false}}},"order":["collection-banner","main"]}