{"sections":{"slideshow":{"type":"slideshow","blocks":{"slide-1":{"type":"image","settings":{"image":"shopify:\/\/shop_images\/3232.jpg","mobile_image":"shopify:\/\/shop_images\/Love_Perfected_in_Diamond_125286dc-e8c9-4ec3-b829-6bdd5d1cb4e6.png","subheading":"","title":"","mobile_text_position":"place-self-end-center text-center","desktop_text_position":"sm:place-self-end-center sm:text-center","content_max_width":520,"button_1_text":"","button_1_link":"","button_1_style":"outline","button_1_background":"#ffffff","button_1_text_color":"#000000","button_2_text":"","button_2_link":"","button_2_style":"outline","button_2_background":"#ffffff","button_2_text_color":"#000000","background":"rgba(0,0,0,0)","background_opacity":34,"text_color":"#ffffff","border_color":"rgba(0,0,0,0)","gradient_overlay":""}}},"block_order":["slide-1"],"settings":{"allow_transparent_header":false,"show_next_section_button":false,"media_size":"auto","show_initial_transition":false,"autoplay":true,"autoplay_pause_on_video":false,"cycle_speed":5,"background":"#000000","controls_color":"#ffffff"}},"rich_text_768jfg":{"type":"rich-text","blocks":{"heading_RhawHp":{"type":"heading","settings":{"text":"<strong>Diamonds that define you<\/strong>","heading_tag":"h3"}},"subheading_KY8FTY":{"type":"subheading","settings":{"text":"Explore an exclusive collection of diamond rings"}},"button_XKXeRb":{"type":"button","settings":{"style":"outline","text":"Shop All Diamond Rings","url":"shopify:\/\/collections\/shop","background":"#1c1c1c","text_color":""}}},"block_order":["heading_RhawHp","subheading_KY8FTY","button_XKXeRb"],"name":"t:sections.rich_text.presets.rich_text.name","settings":{"color_scheme":"","separate_section_with_border":false,"content_width":"sm","text_position":"center","remove_vertical_spacing":false}},"sliderr_PX9BkM":{"type":"sliderr","blocks":{"slide_L4HcYF":{"type":"slide","settings":{"midheading":"Oval Cut","midsubheading":"Elongated shape, graceful sparkle.","midimage":"shopify:\/\/shop_images\/oval.png","midcollection":"oval"}},"slide_HCHUxg":{"type":"slide","settings":{"midheading":"Round Cut","midsubheading":"Classic brilliance, timeless sparkle.","midimage":"shopify:\/\/shop_images\/round-briliant.png","midcollection":"round"}},"slide_ffhUfR":{"type":"slide","settings":{"midheading":"Pear Cut","midsubheading":"Tapered elegance, brilliant shine.","midimage":"shopify:\/\/shop_images\/pear.png","midcollection":"pear"}},"slide_ka4BJR":{"type":"slide","settings":{"midheading":"Cushion Cut","midsubheading":"Soft edges, vintage-inspired brilliance.","midimage":"shopify:\/\/shop_images\/cushion.png","midcollection":"cushion"}},"slide_mQa4f3":{"type":"slide","settings":{"midheading":"Emerald Cut","midsubheading":"Elegant lines, mirror-like shine.","midimage":"shopify:\/\/shop_images\/emerald.png","midcollection":"emerald"}},"slide_LqTKeY":{"type":"slide","settings":{"midheading":"Radiant Cut","midsubheading":"Modern cut, intense sparkle.","midimage":"shopify:\/\/shop_images\/radiant.png","midcollection":"radiant"}},"slide_8pwCGd":{"type":"slide","settings":{"midheading":"Marquise Cut","midsubheading":"Dramatic shape, elongated sparkle.","midimage":"shopify:\/\/shop_images\/marquise.png","midcollection":"marquise"}}},"block_order":["slide_L4HcYF","slide_HCHUxg","slide_ffhUfR","slide_ka4BJR","slide_mQa4f3","slide_LqTKeY","slide_8pwCGd"],"custom_css":[],"settings":{"heading":"SHOP BY SHAPE","subheading":"Discover our curated selection of diamond cuts—each designed to match your unique style and story."}},"rich_text_EBFq43":{"type":"rich-text","blocks":{"heading_VNxrm9":{"type":"heading","settings":{"text":"<strong>SHOP BY STYLE<\/strong>","heading_tag":"h1"}}},"block_order":["heading_VNxrm9"],"name":"t:sections.rich_text.presets.rich_text.name","settings":{"color_scheme":"","separate_section_with_border":false,"content_width":"xs","text_position":"center","remove_vertical_spacing":true}},"collection_list_aWcapQ":{"type":"collection-list","blocks":{"collection_PW4GKJ":{"type":"collection","settings":{"color_scheme":"","collection":"","image":"shopify:\/\/shop_images\/Ring11.293_1.jpg","expand_collection":false,"content_position":"place-self-end-center text-center","subheading":"","title":"","button_text":"Solitaire Rings","button_link":"shopify:\/\/collections\/solitaire","button_style":"outline","overlay_color":"#000000","overlay_opacity":0}},"collection_DXnL84":{"type":"collection","settings":{"color_scheme":"","collection":"","image":"shopify:\/\/shop_images\/Ring13.252_8.jpg","expand_collection":false,"content_position":"place-self-end-center text-center","subheading":"","title":"","button_text":"Vintage Rings","button_link":"shopify:\/\/collections\/vintage","button_style":"outline","overlay_color":"#000000","overlay_opacity":0}},"collection_PLXYnB":{"type":"collection","settings":{"color_scheme":"","collection":"","image":"shopify:\/\/shop_images\/Ring23_2.jpg","expand_collection":false,"content_position":"place-self-end-center text-center","subheading":"","title":"","button_text":"Side Stone Rings","button_link":"shopify:\/\/collections\/side-stones","button_style":"outline","overlay_color":"#000000","overlay_opacity":0}},"collection_Hyr8RR":{"type":"collection","settings":{"color_scheme":"","collection":"","image":"shopify:\/\/shop_images\/RING_4_6.jpg","expand_collection":false,"content_position":"place-self-end-center text-center","subheading":"","title":"","button_text":"Nature Rings","button_link":"shopify:\/\/collections\/nature","button_style":"outline","overlay_color":"#000000","overlay_opacity":0}},"collection_jhKjfr":{"type":"collection","settings":{"color_scheme":"","collection":"","image":"shopify:\/\/shop_images\/17_2.jpg","expand_collection":false,"content_position":"place-self-end-center text-center","subheading":"","title":"","button_text":"Three Stone Rings","button_link":"shopify:\/\/collections\/three-stone","button_style":"outline","overlay_color":"#000000","overlay_opacity":0}},"collection_dgQqpj":{"type":"collection","settings":{"color_scheme":"","collection":"","image":"shopify:\/\/shop_images\/Ring_1.34_8.jpg","expand_collection":false,"content_position":"place-self-end-center text-center","subheading":"","title":"","button_text":"Halo Rings","button_link":"shopify:\/\/collections\/halo","button_style":"outline","overlay_color":"#000000","overlay_opacity":0}},"collection_aqnC4n":{"type":"collection","settings":{"color_scheme":"","collection":"","image":"shopify:\/\/shop_images\/Ring10.270_2.jpg","expand_collection":false,"content_position":"place-self-end-center text-center","subheading":"","title":"","button_text":"Pave Rings","button_link":"shopify:\/\/collections\/pave","button_style":"outline","overlay_color":"#000000","overlay_opacity":0}},"collection_Kpnhxa":{"type":"collection","settings":{"color_scheme":"","collection":"","image":"shopify:\/\/shop_images\/Ring6.357_9ae2947f-9afe-4412-af17-bfa125fa6c75.jpg","expand_collection":false,"content_position":"place-self-end-center text-center","subheading":"","title":"","button_text":"Bezel Rings","button_link":"shopify:\/\/collections\/bezel-collection","button_style":"outline","overlay_color":"#ffffff","overlay_opacity":0}}},"block_order":["collection_PW4GKJ","collection_DXnL84","collection_PLXYnB","collection_Hyr8RR","collection_jhKjfr","collection_dgQqpj","collection_aqnC4n","collection_Kpnhxa"],"settings":{"color_scheme":"scheme-2","separate_section_with_border":false,"image_size":"auto","show_text_outside":false,"space_items":false,"stack_collections":false,"collections_per_row_mobile":"1","collections_per_row_desktop":3,"subheading":"","title":"","content":""}},"image_with_text_XWfcka":{"type":"image-with-text","blocks":{"heading_X73KCH":{"type":"heading","settings":{"text":"<strong>Where Forever Begins<\/strong>","heading_tag":"h1"}},"richtext_76iCbt":{"type":"richtext","settings":{"content":"<h5>A bold expression of love, this fancy-cut diamond engagement ring is crafted to turn moments into memories. Each design is tailored with exquisite detail<\/h5>"}}},"block_order":["heading_X73KCH","richtext_76iCbt"],"name":"t:sections.image_with_text.presets.image_with_text.name","settings":{"color_scheme":"","separate_section_with_border":false,"image":"shopify:\/\/shop_images\/A10_9086be1d-172c-4012-bb49-9909857dd1a9.jpg","reveal_on_scroll":true,"image_position":"start","content_width":"sm","remove_vertical_spacing":true}},"rich_text_hXg963":{"type":"rich-text","blocks":{"heading_yKeLU9":{"type":"heading","settings":{"text":"<strong>SHOP COLLECTIONS<\/strong>","heading_tag":"h1"}}},"block_order":["heading_yKeLU9"],"name":"t:sections.rich_text.presets.rich_text.name","settings":{"color_scheme":"","separate_section_with_border":true,"content_width":"xs","text_position":"center","remove_vertical_spacing":true}},"collection_list_m6cGMx":{"type":"collection-list","blocks":{"collection_3h3YwM":{"type":"collection","settings":{"color_scheme":"","collection":"the-statement-diamond-collection","image":"shopify:\/\/shop_images\/JOB_9_YG_1.jpg","expand_collection":false,"content_position":"place-self-end-center text-center","subheading":"","title":"","button_text":"The Statement","button_link":"","button_style":"outline","overlay_color":"rgba(0,0,0,0)","overlay_opacity":0}},"collection_8kpfGU":{"type":"collection","settings":{"color_scheme":"","collection":"east-west","image":"shopify:\/\/shop_images\/Project_22_1_YG.jpg","expand_collection":false,"content_position":"place-self-end-center text-center","subheading":"","title":"","button_text":"EAST WEST","button_link":"","button_style":"outline","overlay_color":"rgba(0,0,0,0)","overlay_opacity":0}},"collection_DpRjAw":{"type":"collection","settings":{"color_scheme":"scheme-4","collection":"bezel-collection","image":"shopify:\/\/shop_images\/JOB7_YG_1_dd5ae335-bb6a-488f-80cf-13d9f346bc01.jpg","expand_collection":false,"content_position":"place-self-end-center text-center","subheading":"","title":"","button_text":"BEZEL","button_link":"","button_style":"outline","overlay_color":"rgba(0,0,0,0)","overlay_opacity":4}}},"block_order":["collection_3h3YwM","collection_8kpfGU","collection_DpRjAw"],"name":"t:sections.collection_list.presets.collection_list.name","settings":{"color_scheme":"scheme-2","separate_section_with_border":false,"image_size":"auto","show_text_outside":false,"space_items":false,"stack_collections":false,"collections_per_row_mobile":"1","collections_per_row_desktop":3,"subheading":"","title":"","content":""}},"single_product_cta_MAx8wR":{"type":"single-product-cta","name":"Single Product CTA","settings":{}},"17467828438c928388":{"type":"apps","blocks":{"gsc_instagram_feed_instafeed_Lhh3f4":{"type":"shopify:\/\/apps\/gsc-instagram-feed\/blocks\/instafeed\/96970b1b-b770-454f-b16b-51f47e1aa4ed","settings":{"widget_id":"GSC-GTrsVZMZNcYEEfA"}}},"block_order":["gsc_instagram_feed_instafeed_Lhh3f4"],"settings":{"color_scheme":"","separate_section_with_border":true,"remove_vertical_spacing":true,"remove_horizontal_spacing":true}},"1746766305556956cb":{"type":"apps","blocks":{"judge_me_reviews_featured_carousel_bWzg7B":{"type":"shopify:\/\/apps\/judge-me-reviews\/blocks\/featured_carousel\/61ccd3b1-a9f2-4160-9fe9-4fec8413e5d8","settings":{"maxwidth":1080}}},"block_order":["judge_me_reviews_featured_carousel_bWzg7B"],"settings":{"color_scheme":"","separate_section_with_border":true,"remove_vertical_spacing":true,"remove_horizontal_spacing":false}}},"order":["slideshow","rich_text_768jfg","sliderr_PX9BkM","rich_text_EBFq43","collection_list_aWcapQ","image_with_text_XWfcka","rich_text_hXg963","collection_list_m6cGMx","single_product_cta_MAx8wR","17467828438c928388","1746766305556956cb"]}