{"sections":{"main":{"type":"main-page","disabled":true,"settings":{"color_scheme":"","show_title":true,"page_width":"xs"}},"rich_text_VYPqW9":{"type":"rich-text","blocks":{"subheading_q444eK":{"type":"subheading","settings":{"text":"Subheading"}},"heading_FBfja6":{"type":"heading","settings":{"text":"Find Your Ring Size","heading_tag":"h1"}},"richtext_tNyAMi":{"type":"richtext","settings":{"content":"<p>Use this text to share information about your brand with your customers. Describe a product, share announcements, or welcome customers to your store.<\/p>"}}},"block_order":["subheading_q444eK","heading_FBfja6","richtext_tNyAMi"],"settings":{"color_scheme":"","separate_section_with_border":true,"content_width":"sm","text_position":"center","remove_vertical_spacing":false}}},"order":["main","rich_text_VYPqW9"]}