{"sections":{"main":{"type":"main-page","disabled":true,"settings":{"color_scheme":"","show_title":true,"page_width":"xs"}},"slideshow_84hEA4":{"type":"slideshow","blocks":{"image_EjWWVc":{"type":"image","settings":{"image":"shopify:\/\/shop_images\/A10_4478c3ef-01f6-4cc6-bef1-92a27c86d0f3.jpg","subheading":"","title":"<strong>OUR STORY<\/strong>","mobile_text_position":"place-self-center text-center","desktop_text_position":"sm:place-self-center sm:text-center","content_max_width":780,"button_1_text":"","button_1_link":"","button_1_style":"solid","button_1_background":"#ffffff","button_1_text_color":"#000000","button_2_text":"","button_2_link":"","button_2_style":"outline","button_2_background":"#ffffff","button_2_text_color":"#000000","background":"","background_opacity":30,"text_color":"#ffffff","border_color":"","gradient_overlay":""}}},"block_order":["image_EjWWVc"],"name":"t:sections.slideshow.presets.slideshow.name","settings":{"allow_transparent_header":true,"show_next_section_button":false,"media_size":"auto","show_initial_transition":false,"autoplay":true,"autoplay_pause_on_video":true,"cycle_speed":5,"background":"#000000","controls_color":"#ffffff"}},"image_with_text_tc8Adj":{"type":"image-with-text","blocks":{"heading_UXRWUL":{"type":"heading","settings":{"text":"<strong>Our Vision: Where Luxury Meets Innovation<\/strong>","heading_tag":"h3"}},"richtext_GtjjRT":{"type":"richtext","settings":{"content":"<h5>At Azara Jewelry, we believe true luxury is born from individuality. Every piece we create is custom-made, designed to tell a personal story with artistry and intention. Our innovative designs blend timeless elegance with bold modernity, resulting in diamond jewelry that is distinctive, refined, and unmistakably Azara.<\/h5><h2><\/h2>"}}},"block_order":["heading_UXRWUL","richtext_GtjjRT"],"name":"t:sections.image_with_text.presets.image_with_text.name","settings":{"color_scheme":"","separate_section_with_border":true,"image":"shopify:\/\/shop_images\/A18_96993456-77d6-4ed2-b378-abcde99a5e33.jpg","reveal_on_scroll":true,"image_position":"start","content_width":"sm","remove_vertical_spacing":true}},"image_with_text_itPYLf":{"type":"image-with-text","blocks":{"heading_xafQFH":{"type":"heading","settings":{"text":"<strong>Our Craftsmanship: Excellence in Every Detail<\/strong>","heading_tag":"h3"}},"richtext_N6bEGf":{"type":"richtext","settings":{"content":"<h5>Craftsmanship is at the heart of everything we do. Each creation is meticulously handcrafted by master artisans, using the finest materials and time-honored techniques. From the perfect setting to the brilliance of each stone, every detail is shaped with precision, care, and an uncompromising commitment to quality.<\/h5>"}}},"block_order":["heading_xafQFH","richtext_N6bEGf"],"name":"t:sections.image_with_text.presets.image_with_text.name","settings":{"color_scheme":"","separate_section_with_border":true,"image":"shopify:\/\/shop_images\/A15_f2a9d056-8507-4d34-a5d0-bb233d1d73e3.jpg","reveal_on_scroll":true,"image_position":"end","content_width":"sm","remove_vertical_spacing":true}},"image_with_text_emKAA4":{"type":"image-with-text","blocks":{"heading_zicUBw":{"type":"heading","settings":{"text":"<strong>Our Commitment: Sustainability with Purpose<\/strong>","heading_tag":"h3"}},"richtext_8VAw4J":{"type":"richtext","settings":{"content":"<h5>At Azara, luxury and responsibility go hand in hand. Our made-to-order model ensures that every piece is created exclusively for its owner, minimizing waste and reducing our environmental footprint. By crafting jewelry with intention and purpose, we honor not only the beauty of each piece but the future of our planet.<\/h5>"}}},"block_order":["heading_zicUBw","richtext_8VAw4J"],"name":"t:sections.image_with_text.presets.image_with_text.name","settings":{"color_scheme":"","separate_section_with_border":true,"image":"shopify:\/\/shop_images\/A14_5ce595fb-cc90-4c66-9416-84be1b63ec77.jpg","reveal_on_scroll":true,"image_position":"start","content_width":"sm","remove_vertical_spacing":true}}},"order":["main","slideshow_84hEA4","image_with_text_tc8Adj","image_with_text_itPYLf","image_with_text_emKAA4"]}