{"sections":{"collabs":{"type":"apps","blocks":{"fe84797b-73aa-49e2-99d2-e995527bf55d":{"type":"shopify:\/\/apps\/collabs\/blocks\/application-page\/54758706-9f25-4fa9-a553-64720a4c998b","settings":{"heading":"ABOUT THE PROGRAM","show_square_logo":true,"show_partnership_info":true,"button_text":"Apply now","number_of_images":"4","logo_position":"above","corner_style":"square","button_background_color":"#000000","button_label_color":"#ffffff","link_color":"#631b17"}}},"block_order":["fe84797b-73aa-49e2-99d2-e995527bf55d"],"settings":{"color_scheme":"","separate_section_with_border":true,"remove_vertical_spacing":false,"remove_horizontal_spacing":false}}},"order":["collabs"]}