{"sections":{"main":{"type":"main-page","disabled":true,"settings":{"color_scheme":"","show_title":true,"page_width":"xs"}},"rich_text_K6r3Hc":{"type":"rich-text","blocks":{"heading_mLpCEf":{"type":"heading","settings":{"text":"<strong>Here to Help<\/strong>","heading_tag":"h1"}},"richtext_rHycmb":{"type":"richtext","settings":{"content":"<h6>our dedicated team is here to support you—whether you have questions, need guidance choosing the perfect lab-grown engagement ring, or want help customizing your dream piece.<\/h6>"}}},"block_order":["heading_mLpCEf","richtext_rHycmb"],"name":"t:sections.rich_text.presets.rich_text.name","settings":{"color_scheme":"scheme-1","separate_section_with_border":true,"content_width":"sm","text_position":"center","remove_vertical_spacing":false}},"image_with_text_CkhFad":{"type":"image-with-text","blocks":{"heading_bBFDMQ":{"type":"heading","settings":{"text":"<strong>Your Ring, Your Way<\/strong>","heading_tag":"h1"}},"subheading_R7qrRE":{"type":"subheading","settings":{"text":"<strong>Expertly Guided, Personally Yours<\/strong>"}},"richtext_ykABQm":{"type":"richtext","settings":{"content":"<h6>Book a virtual appointment with an Azara Jewelry Specialist and enjoy tailored, one-on-one guidance—whether you're searching for the perfect lab-grown engagement ring or a meaningful gift, we’re here to bring your vision to life.<\/h6>"}},"button_jfCUJd":{"type":"button","settings":{"style":"solid","text":"BOOK A VIRTUAL APPOINTMENT","url":"https:\/\/calendly.com\/azaraofficial","background":"","text_color":""}}},"block_order":["heading_bBFDMQ","subheading_R7qrRE","richtext_ykABQm","button_jfCUJd"],"custom_css":[],"name":"t:sections.image_with_text.presets.image_with_text.name","settings":{"color_scheme":"scheme-2","separate_section_with_border":false,"image":"shopify:\/\/shop_images\/Virutal.png","reveal_on_scroll":true,"image_position":"start","content_width":"lg","remove_vertical_spacing":true}},"image_with_text_RjTpmK":{"type":"image-with-text","blocks":{"heading_BMY7h7":{"type":"heading","settings":{"text":"<strong>Contact Us<\/strong>","heading_tag":"h1"}},"subheading_hVCT7x":{"type":"subheading","settings":{"text":"<strong>Contact@azaraofficial.com<\/strong>"}},"subheading_Tn839r":{"type":"subheading","settings":{"text":"<strong>Call: +1 6043680603<\/strong>"}},"button_hWqBKw":{"type":"button","settings":{"style":"solid","text":"Live Chat","url":"https:\/\/azaraofficial.com\/?chat","background":"","text_color":""}},"button_dNcCKQ":{"type":"button","settings":{"style":"solid","text":"Whatsapp","url":"https:\/\/wa.me\/+16043680603","background":"","text_color":""}},"button_LFxUj4":{"type":"button","settings":{"style":"solid","text":"Email","url":"mailto:contact@azaraofficial.com","background":"","text_color":""}}},"block_order":["heading_BMY7h7","subheading_hVCT7x","subheading_Tn839r","button_hWqBKw","button_dNcCKQ","button_LFxUj4"],"name":"t:sections.image_with_text.presets.image_with_text.name","settings":{"color_scheme":"scheme-2","separate_section_with_border":false,"image":"shopify:\/\/shop_images\/sds.png","reveal_on_scroll":true,"image_position":"end","content_width":"lg","remove_vertical_spacing":true}}},"order":["main","rich_text_K6r3Hc","image_with_text_CkhFad","image_with_text_RjTpmK"]}