{"sections":{"main":{"type":"main-page","disabled":true,"settings":{"color_scheme":"","show_title":true,"page_width":"xs"}},"rich_text_VYPqW9":{"type":"rich-text","blocks":{"heading_FBfja6":{"type":"heading","settings":{"text":"Private Policy","heading_tag":"h1"}},"richtext_tNyAMi":{"type":"richtext","settings":{"content":"<h6>Effective Date: APRIL 2025<\/h6><h6>Welcome to <strong>Azara Jewelry<\/strong> (“Company,” “we,” “our,” or “us”). Your privacy is critically important to us. This Privacy Policy explains how we collect, use, and safeguard your information when you visit our website <a href=\"http:\/\/www.azaraofficial.com\"><strong>www.azaraofficial.com<\/strong><\/a> (the \"Site\").<\/h6><h6>By accessing or using our Site, you agree to the terms of this Privacy Policy.<\/h6><h6>1. Information We Collect<\/h6><h6>We collect the following types of personal information when you place an order, subscribe to our newsletter, or interact with us:<\/h6><h6>We collect this information directly from you through order forms, account registrations, and newsletter sign-ups.<\/h6><h6>2. How We Use Your Information<\/h6><h6>We use the information we collect to:<\/h6><h6>We may also use your information to prevent fraud and ensure the security of our Site.<\/h6><h6>3. Use of Cookies and Tracking Technologies<\/h6><h6>Our website uses cookies and similar technologies to enhance your browsing experience, analyze website traffic, and support our marketing efforts.<br\/><br\/>Cookies help us remember your preferences, keep items in your shopping cart, and provide relevant advertisements through platforms such as Google and Facebook.<\/h6><h6>You may choose to disable cookies through your browser settings; however, this may limit certain functionalities of the Site.<\/h6><h6>4. Sharing of Information<\/h6><h6>We do not sell, trade, or rent your personal information to third parties.<br\/><br\/>We may share information with trusted third-party partners for the purposes described above, including:<\/h6><h6>All partners are contractually obligated to keep your information secure and use it only for authorized purposes.<\/h6><h6>5. Data Security<\/h6><h6>We implement industry-standard security measures, including SSL encryption, to protect your personal information from unauthorized access, disclosure, alteration, or destruction.<br\/><br\/>While we take reasonable steps to safeguard your data, no internet transmission is completely secure.<\/h6><h6>6. Your Rights and Choices<\/h6><h6>You have the right to:<\/h6><h6>To exercise any of these rights, please contact us at <a><strong>contact@azaraofficial.com<\/strong><\/a>.<\/h6><h6>7. International Data Transfers<\/h6><h6>Azara Jewelry is based in <strong>British Columbia, Canada<\/strong> and serves customers internationally.<br\/><br\/>By using our Site, you consent to the transfer and processing of your information in Canada and other countries where our service providers operate.<\/h6><h6>8. Children’s Privacy<\/h6><h6>Our Site is intended for individuals who are at least 18 years old.<br\/><br\/>We do not knowingly collect personal information from minors. If you believe we have inadvertently collected information from a child under 18, please contact us immediately.<\/h6><h6>9. Changes to This Privacy Policy<\/h6><h6>We reserve the right to update or modify this Privacy Policy at any time.<br\/><br\/>Changes will be effective immediately upon posting to the Site. We encourage you to review this page periodically for the latest information.<\/h6><h6>10. Contact Us<\/h6><h6>If you have any questions or concerns regarding this Privacy Policy or our privacy practices, please contact us at:<br\/><br\/><strong>Email:<\/strong> <a>contact@azaraofficial.com<\/a><br\/><br\/><strong>Website:<\/strong> <a href=\"http:\/\/www.azaraofficial.com\">www.azaraofficial.com<\/a><\/h6>"}}},"block_order":["heading_FBfja6","richtext_tNyAMi"],"settings":{"color_scheme":"","separate_section_with_border":true,"content_width":"sm","text_position":"center","remove_vertical_spacing":false}}},"order":["main","rich_text_VYPqW9"]}