{"sections":{"slideshow_n3ViK4":{"type":"slideshow","blocks":{"image_MpEBQD":{"type":"image","settings":{"image":"shopify:\/\/shop_images\/DESKTOP.jpg","mobile_image":"shopify:\/\/shop_images\/A3_65be09ca-8084-4d09-b6c5-f012f8165dcb.jpg","subheading":"","title":"","mobile_text_position":"place-self-center text-center","desktop_text_position":"sm:place-self-center sm:text-center","content_max_width":780,"button_1_text":"","button_1_link":"","button_1_style":"solid","button_1_background":"#ffffff","button_1_text_color":"#000000","button_2_text":"","button_2_link":"","button_2_style":"outline","button_2_background":"#ffffff","button_2_text_color":"#000000","background":"","background_opacity":50,"text_color":"#ffffff","border_color":"","gradient_overlay":"linear-gradient(180deg, rgba(54, 54, 54, 0.2), rgba(4, 4, 4, 0.65) 100%)"}}},"block_order":["image_MpEBQD"],"name":"t:sections.slideshow.presets.slideshow.name","settings":{"allow_transparent_header":true,"show_next_section_button":true,"media_size":"auto","show_initial_transition":false,"autoplay":true,"autoplay_pause_on_video":true,"cycle_speed":5,"background":"#000000","controls_color":"#ffffff"}},"faq":{"type":"faq","blocks":{"question-1":{"type":"question","settings":{"question":"<strong>How do I book a virtual appointment with an Azara Jewelry Diamond Expert?<\/strong>","answer":"<h6>Our Diamond Experts are here to guide you every step of the way. To schedule a personalized, one-on-one appointment, please <a href=\"https:\/\/calendly.com\/azaraofficial\" title=\"Virtual Appointment\">Contact Us<\/a> and we’ll be happy to assist you.<\/h6>"}},"question-2":{"type":"question","settings":{"question":"<strong>Are lab grown diamonds considered real diamonds?<\/strong>","answer":"<h6>Absolutely. Lab grown diamonds are real diamonds and will test positive on a diamond tester. They have the same chemical, physical, and optical properties as mined diamonds.<\/h6><h6>The only way to distinguish them is with specialized equipment used by gemological experts to detect minor differences in trace elements and crystal formation<\/h6>"}},"question-3":{"type":"question","settings":{"question":"<strong>How do I know my ring size?<\/strong>","answer":"<h6>Finding your perfect fit is easy with our complimentary Ring Sizer.<\/h6>"}},"question_mrwAin":{"type":"question","settings":{"question":"<strong>How long does it take to make a ring?<\/strong>","answer":"<h6>Each Azara ring is handcrafted to order with exceptional care. Production typically takes 2 to 3 weeks, depending on the complexity of the design. For estimated timelines, please refer to the details on each product page.<\/h6><h6>If you’re working with a specific deadline, feel free to <a href=\"https:\/\/calendly.com\/azaraofficial\" title=\"Virtual Appointment\">Contact Us<\/a> — we’ll do our best to accommodate your request.<\/h6>"}},"question_YFPXVf":{"type":"question","settings":{"question":"<strong>Are your diamonds ethically sourced?<\/strong>","answer":"<h6>Absolutely. At Azara Jewelry, we use lab grown diamonds that are created above ground using advanced, responsible technology, never mined. This ensures each center stone is both ethically sourced and environmentally conscious.<\/h6>"}},"question_XzcHh3":{"type":"question","settings":{"question":"<strong>What type of packaging do you offer?<\/strong>","answer":"<h6>Every Azara engagement ring is presented in a complimentary luxury ring box, perfect for the moment you say yes. Your order will also include an official IGI certificate for your center stone, ensuring authenticity and quality with every purchase.<\/h6>"}},"question_airbAw":{"type":"question","settings":{"question":"<strong>Are your diamonds certified?<\/strong>","answer":"<h6>Yes. All Azara lab grown diamond engagement rings with center stones of 1.00 carat and above come with an official IGI certification. This guarantees the quality and authenticity of your diamond.<\/h6>"}},"question_L9DQRj":{"type":"question","settings":{"question":"<strong>Can I personalize my ring with engraving?<\/strong>","answer":"<h6>Yes! We offer complimentary engraving on all Azara engagement rings. You can add your engraving directly on each ring’s product page. For optimal results, we recommend keeping your message to 10 characters or fewer.<\/h6>"}},"question_wPKDDd":{"type":"question","settings":{"question":"<strong>Warranty Policy<\/strong>","answer":"<h6>At Azara Jewelry, we provide a complimentary warranty that covers any manufacturing defects. If you believe your piece has a defect, please Contact Us and we’ll be happy to inspect and repair or replace it as needed.<\/h6>"}},"question_3mRGyf":{"type":"question","settings":{"question":"<strong>What is your shipping policy?<\/strong>","answer":"<h6>We offer free worldwide shipping on all orders. Once your ring is complete, delivery typically takes about one week. Every package includes a tracking number so you can follow your order every step of the way. Yes, we ship internationally too!<\/h6>"}}},"block_order":["question-1","question-2","question-3","question_mrwAin","question_YFPXVf","question_XzcHh3","question_airbAw","question_L9DQRj","question_wPKDDd","question_3mRGyf"],"settings":{"color_scheme":"","separate_section_with_border":true,"show_categories":false,"subheading":"","title":"Frequently Asked Questions","content":""}}},"order":["slideshow_n3ViK4","faq"]}