{"sections":{"main":{"type":"main-page","disabled":true,"settings":{"color_scheme":"","show_title":true,"page_width":"xs"}},"rich_text_VYPqW9":{"type":"rich-text","blocks":{"heading_FBfja6":{"type":"heading","settings":{"text":"Warranty","heading_tag":"h1"}},"richtext_tNyAMi":{"type":"richtext","settings":{"content":"<h4>At Azara Jewelry, we stand behind the craftsmanship of every piece we create. We offer a <strong>lifetime warranty<\/strong> against manufacturing defects on all of our jewelry.<\/h4><h4>Please note, this warranty does <strong>not<\/strong> cover damage from daily wear and tear, loss of the center stone, or any issues resulting from repairs or alterations performed by third-party jewelers.<\/h4><h4><strong>What's Covered<\/strong><\/h4><h4>Manufacturing defects that are covered under our warranty may include:<br\/><br\/>– Loose or missing accent stones<br\/>– Prong issues affecting the security of the center stone<br\/>– Uneven or misaligned settings<br\/>– Defective clasps or closures (for rings with movable parts)<br\/><br\/>– Structural flaws in the craftsmanship not caused by wear or impact<br\/><br\/><\/h4><h4>If you notice any of these issues, please contact us and we will gladly assess the piece for repair or replacement.<\/h4><h4><strong>What's Not Covered<\/strong><\/h4><h4>Our warranty does not apply to damages caused by normal wear, accidental damage, or improper care. Examples include:<br\/><\/h4><h4><strong>Important:<\/strong><br\/><br\/>If your ring is serviced by any jeweler outside of Azara Jewelry, this warranty will be voided.<\/h4><h4><strong>Additional Notes<\/strong><\/h4><h4>Rings are delicate by nature and can become slightly out of shape if exposed to repeated pressure or heavy use. This can weaken the setting over time, so we recommend removing your ring during activities like lifting heavy objects, sports, or manual work to protect its integrity.<\/h4><h4>If you’re unsure whether your jewelry damage is due to a manufacturing defect or general wear and tear, feel free to reach out to our team for a complimentary assessment.<\/h4>"}}},"block_order":["heading_FBfja6","richtext_tNyAMi"],"settings":{"color_scheme":"","separate_section_with_border":true,"content_width":"sm","text_position":"center","remove_vertical_spacing":false}}},"order":["main","rich_text_VYPqW9"]}