{"sections":{"main":{"type":"main-page","disabled":true,"settings":{"color_scheme":"","show_title":true,"page_width":"xs"}},"rich_text_VYPqW9":{"type":"rich-text","blocks":{"heading_FBfja6":{"type":"heading","settings":{"text":"Terms of Use","heading_tag":"h1"}},"richtext_tNyAMi":{"type":"richtext","settings":{"content":"<h6><strong>Effective Date:<\/strong> APRIL 2025<br\/><br\/><strong>Website:<\/strong> <a href=\"https:\/\/www.azaraofficial.com\">www.azaraofficial.com<\/a><\/h6><h6>Welcome to Azara Jewelry. These Terms of Use (“Terms”) govern your use of the website <a href=\"http:\/\/www.azaraofficial.com\"><strong>www.azaraofficial.com<\/strong><\/a> (the “Site”), operated by <strong>Azara Jewelry<\/strong> (“we,” “our,” “us”). By accessing or using the Site, you agree to be bound by these Terms and all applicable laws.<\/h6><h6>If you do not agree with any part of these Terms, please do not use our website.<\/h6><h6>1. Use of Our Website<\/h6><h6>You must be at least 18 years old to use this Site or place an order.<br\/><br\/>You agree not to use the Site for any unlawful purpose or in violation of these Terms.<\/h6><h6>We reserve the right to refuse service or cancel orders at our discretion.<\/h6><h6>2. Products and Services<\/h6><h6>All items on our Site, including custom engagement rings and fine jewelry, are subject to availability.<br\/><br\/>We strive to ensure that product descriptions, images, and pricing are accurate, but we do not guarantee that all information is error-free.<br\/><br\/>Minor variations may occur due to lighting, photography, screen resolution, or hand-finishing.<\/h6><h6><strong>Custom and personalized orders<\/strong> (including engravings or ring sizing) are <strong>non-refundable<\/strong> and <strong>non-cancellable<\/strong> once production begins.<\/h6><h6>3. Pricing and Payments<\/h6><h6>All prices are listed in [CAD or USD – choose one].<br\/><br\/>We accept payments via secure checkout systems and third-party processors (such as Shopify Payments, PayPal, etc.).<\/h6><h6>Azara Jewelry reserves the right to change prices at any time. If a pricing error occurs, we reserve the right to cancel the order and issue a full refund.<\/h6><h6>4. Shipping and Delivery<\/h6><h6>We offer worldwide shipping. Estimated delivery times are provided at checkout but may vary depending on destination, customs clearance, and production schedules.<\/h6><h6>Customers are responsible for providing accurate shipping details.<br\/><br\/><strong>High-value items may require a signature upon delivery.<\/strong><\/h6><h6>Once a package is shipped and tracking is provided, Azara Jewelry is not liable for delays, loss, or damage caused by the shipping carrier.<\/h6><h6>5. Returns and Exchanges<\/h6><h6>Due to the made-to-order and custom nature of our products, <strong>all sales are final<\/strong> unless otherwise stated.<br\/><br\/>If there is an issue with craftsmanship or a manufacturing defect, please contact us within <strong>7 days<\/strong> of receiving your order.<\/h6><h6>Approved repairs or remakes are handled on a case-by-case basis and at our sole discretion.<\/h6><h6>6. Intellectual Property<\/h6><h6>All content on the Site — including product designs, photography, logos, graphics, copywriting, and brand assets — is the exclusive property of Azara Jewelry and is protected by copyright and trademark laws.<\/h6><h6>You may not use, reproduce, distribute, or modify any content without our written permission.<\/h6><h6>7. Marketing Communications<\/h6><h6>By placing an order or subscribing to our newsletter, you consent to receive marketing emails from us. You may unsubscribe at any time by clicking the “unsubscribe” link in any email.<\/h6><h6>We use Klaviyo, Google Ads, Facebook Ads, and related platforms for marketing and retargeting.<\/h6><h6>8. Limitation of Liability<\/h6><h6>To the fullest extent permitted by law, Azara Jewelry shall not be liable for any indirect, incidental, special, or consequential damages resulting from your use of our Site or purchase of our products.<\/h6><h6>Our total liability for any claim shall not exceed the value of the product you purchased.<\/h6><h6>9. Governing Law<\/h6><h6>These Terms are governed by and construed in accordance with the laws of the <strong>Province of British Columbia, Canada<\/strong>, without regard to its conflict of law principles.<\/h6><h6>10. Changes to Terms<\/h6><h6>We reserve the right to update or modify these Terms at any time. Changes will be posted on this page with an updated effective date. Your continued use of the Site constitutes acceptance of those changes.<\/h6><h6>11. Contact Information<\/h6><h6>If you have any questions regarding these Terms, please contact us at:<br\/><br\/>📧 <a><strong>contact@azaraofficial.com<\/strong><\/a><br\/><br\/>🌐 <a href=\"http:\/\/www.azaraofficial.com\"><strong>www.azaraofficial.com<\/strong><\/a><\/h6>"}}},"block_order":["heading_FBfja6","richtext_tNyAMi"],"settings":{"color_scheme":"","separate_section_with_border":true,"content_width":"sm","text_position":"center","remove_vertical_spacing":false}}},"order":["main","rich_text_VYPqW9"]}