{"sections":{"main":{"type":"main-page","disabled":true,"settings":{"color_scheme":"","show_title":true,"page_width":"xs"}},"rich_text_wcmT9k":{"type":"rich-text","blocks":{"heading_yVJjdK":{"type":"heading","settings":{"text":"SHIPPING INFORMATION","heading_tag":"h1"}},"richtext_XLCEtL":{"type":"richtext","settings":{"content":"<h5>At Azara, we are proud to offer free worldwide shipping on all orders.<\/h5><h5><strong>Production Time<\/strong><\/h5><h5>Each custom ring is carefully handcrafted to order. Please allow <strong>2–3 weeks<\/strong> for the creation of your jewelry before it ships.<\/h5><h5><strong>Shipping Time<\/strong><\/h5><h5>Once your piece is complete, it will be shipped promptly. Delivery typically takes <strong>approximately 1 week<\/strong> after shipment.<br\/><br\/><strong>Shipping Costs<\/strong><\/h5><h5>Shipping is <strong>completely free<\/strong> worldwide — no additional shipping fees will be charged.<\/h5><h5><strong>Taxes and Duties<\/strong><\/h5><h5>Customers are responsible only for applicable <strong>provincial taxes<\/strong>. There are <strong>no duties<\/strong> for orders delivered within Canada.<br\/><br\/>Customers outside of Canada are responsible for any <strong>local taxes<\/strong> and <strong>duties<\/strong> that may apply at the time of delivery. These fees vary by country.<\/h5><h5><strong>Tracking Information<\/strong><\/h5><h5>As soon as your order ships, we will email you a <strong>tracking number<\/strong> so you can monitor your package’s journey to you.<br\/><br\/><br\/><br\/><\/h5>"}},"heading_TMwyEJ":{"type":"heading","settings":{"text":"RETURNS","heading_tag":"h1"}},"richtext_MGfbNq":{"type":"richtext","settings":{"content":"<h5>At Azara, each ring is custom made to order, crafted specifically for you. As a result, we do not accept returns or exchanges on custom-made jewelry.<\/h5><h5><strong>Manufacturing Defects<\/strong><br\/><br\/>If your piece arrives with a manufacturing defect, please contact us within 7 days of delivery at <a><strong>contact@azaraofficial.com<\/strong><\/a>. We will be happy to repair or replace the item at no additional cost after confirming the issue.<\/h5><h5><strong>Non-Returnable Items<\/strong><br\/><br\/>Due to the personalized nature of our rings, all sales are final unless your item is defective upon arrival. We do not accept exchanges or refunds for changes of mind, incorrect sizing, or custom design variations.<\/h5><h5>We are committed to ensuring every Azara piece meets our high standards. If you have any concerns about your order, our team is here to assist you.<\/h5>"}},"heading_wpmKqW":{"type":"heading","settings":{"text":"COUNTRIES WE SHIP TO","heading_tag":"h1"}},"richtext_rnfq74":{"type":"richtext","settings":{"content":"<h5><strong><br\/>NORTH AMERICA<\/strong><br\/><br\/>Canada, United States<br\/><br\/><strong>EUROPE<\/strong><br\/>Sweden, Greece, Belgium, Portugal, Croatia, Denmark, Cyprus, Finland, Switzerland, Malta, Spain, Czech Republic, Lithuania, Ireland, Bulgaria, Netherlands, Germany, Norway, France, Slovakia, Latvia, Luxembourg, Austria, United Kingdom, Hungary, Slovenia, Romania, Italy, Poland, Estonia.<br\/><br\/><strong>GENERAL SHIPPING INFORMATION<br\/><\/strong><br\/>Each custom ring is carefully handcrafted to order. Please allow 2–3 weeks for the creation of your jewelry before it ships.<br\/>Once your piece is complete, it will be shipped promptly. Delivery typically takes approximately 1 week after shipment.<br\/><br\/>At Azara, deliveries are scheduled on business days only; we do not deliver on weekends or public holidays.<br\/>For your security, a signature is required upon receipt of all shipments.<br\/>Please note, we are unable to deliver to P.O. box addresses.<br\/><br\/><strong>CANADA<\/strong><br\/>We proudly offer free shipping across Canada with no additional duties or shipping fees. Customers are only responsible for applicable provincial taxes at checkout. Your order will be delivered quickly and securely, and a tracking number will be provided once your custom piece ships.<br\/><br\/><strong>EUROPE SHIPPING INFORMATION<\/strong><br\/><br\/><strong>EUROPEAN UNION<\/strong><br\/>Azara proudly offers complimentary shipping to all European Union countries.<br\/>Please note that customers are responsible for any applicable duties, taxes, or import fees assessed by their local authorities.<br\/><br\/><strong>UNITED KINGDOM<\/strong><br\/>Enjoy complimentary shipping on all Azara orders to the United Kingdom.<br\/>Please note, customers are responsible for any applicable duties, taxes, or import fees upon arrival.<\/h5>"}}},"block_order":["heading_yVJjdK","richtext_XLCEtL","heading_TMwyEJ","richtext_MGfbNq","heading_wpmKqW","richtext_rnfq74"],"settings":{"color_scheme":"","separate_section_with_border":true,"content_width":"sm","text_position":"center","remove_vertical_spacing":false}}},"order":["main","rich_text_wcmT9k"]}