{"sections":{"main":{"type":"main-product","blocks":{"title":{"type":"title","settings":{"heading_tag":"h1"}},"text_8PbfLc":{"type":"text","settings":{"text":"<h6>High Polish<\/h6>"}},"price":{"type":"price","settings":{"show_taxes_notice":false}},"afterpay_on_site_messaging_payments_messaging_zcYa3W":{"type":"shopify:\/\/apps\/afterpay-on-site-messaging\/blocks\/payments-messaging\/f45a5524-d177-4475-bf59-281efd2215a8","settings":{"text_align":"inherit","margin_top":16,"margin_bottom":16,"color":"","size":"sm","intro_text":"or","show_interest_free":true,"payment_amount_is_bold":true,"show_with":true,"logo_type":"compact-badge","logo_theme":"black-on-mint","modal_link_style":"circled-info-icon","modal_theme":"mint","breakpoint":749,"text_align_mobile":"inherit","margin_top_mobile":16,"margin_bottom_mobile":16,"show_lower_limit":true,"show_upper_limit":true,"show_if_outside_limits":true,"product":"{{product}}"}},"payment_terms":{"type":"payment_terms","disabled":true,"settings":{}},"variant_picker":{"type":"variant_picker","settings":{"hide_sold_out_variants":false,"selector_style":"block","swatch_selector_style":"block_swatch","variant_image_options":"","size_chart_page":"find-your-ring-size"}},"liquid_zPqLGX":{"type":"liquid","settings":{"liquid":"{% render 'ring-size-selector' %}"}},"line_item_property_bUMbEW":{"type":"line_item_property","settings":{"label":"Optional Engraving","type":"text","required":false,"allow_long_text":false,"max_length":20,"checkbox_value":"Yes","select_values":"Value 1,Value 2,Value 3"}},"share_buttons_zCzhf9":{"type":"share_buttons","settings":{}},"text_qD4Bw6":{"type":"text","settings":{"text":"<h6>Made-To-Order (3-4 weeks)<\/h6>"}},"buy_buttons":{"type":"buy_buttons","settings":{"show_payment_button":false,"show_gift_card_recipient":false,"atc_button_background":"#000000","atc_button_text_color":"","payment_button_background":"","payment_button_text_color":""}},"button_Fb3dNy":{"type":"button","settings":{"link":"#side-drawer","text":"CONTACT A CLIENT ADVISOR","stretch":true,"background":"","text_color":""}},"wishlist_plus_wishlist_pdp_button_mcmU9k":{"type":"shopify:\/\/apps\/wishlist-plus\/blocks\/wishlist-pdp-button\/80c3b1fc-3a8f-407e-8367-ffdeebb8b612","settings":{"swym_atw_button_icon":"heart","swym_atw_icon_thickness":1.7,"swym_atw_display_btn_text":true,"swym_button_position":"default","swym_atw_button_vertical_offset":0,"swym_atw_full_width":true,"swym_atw_button_alignment":"center","swym_add_to_wishlist_color":"#ffffff","swym_added_to_wishlist_color":"#fffdfd","swym_button_text_color":"#000000","swym_atw_border_color":"#070606","swym_atw_border_thickness":1,"swym_atw_button_border_radius":0,"swym_enable_hover_customization":false,"swym_hover_add_to_wishlist_color":"#000000","swym_hover_added_to_wishlist_color":"#222222","swym_hover_button_text_color":"#ffffff","swym_hover_atw_border_color":"#000000","swym_hover_atw_border_thickness":0,"swym_hover_atw_button_border_radius":0,"swym_custom_css":""}},"description":{"type":"description","settings":{"collapse_content":false,"show_below_gallery":false}}},"block_order":["title","text_8PbfLc","price","afterpay_on_site_messaging_payments_messaging_zcYa3W","payment_terms","variant_picker","liquid_zPqLGX","line_item_property_bUMbEW","share_buttons_zCzhf9","text_qD4Bw6","buy_buttons","button_Fb3dNy","wishlist_plus_wishlist_pdp_button_mcmU9k","description"],"settings":{"color_scheme":"scheme-2","container_size":"xl","product_info_size":30,"show_sticky_add_to_cart":false,"center_basic_info":false,"desktop_media_layout":"grid_2x","desktop_media_grid_gap":10,"mobile_controls":"thumbnails","enable_media_autoplay":true,"enable_video_looping":true,"enable_image_zoom":true,"max_image_zoom_level":3}},"craftmanship_single_product_A9Yqrn":{"type":"craftmanship-single-product","settings":{}},"single_product_cta_7VkKdp":{"type":"single-product-cta","settings":{}},"product_experience_68fyNw":{"type":"product-experience","blocks":{"text_URAWEm":{"type":"text","settings":{"text":"Complimentary Engraving"}},"text_gtMRbd":{"type":"text","settings":{"text":"IGI CERTIFIED"}},"text_WTFMLL":{"type":"text","settings":{"text":"Financing Available"}},"text_MrMzpe":{"type":"text","settings":{"text":"Lifetime Warranty"}}},"block_order":["text_URAWEm","text_gtMRbd","text_WTFMLL","text_MrMzpe"],"settings":{"heading":"Crafted to Celebrate","content":"<p>Every detail is made for you. From handcrafted designs to personalized service, we offer a seamless journey defined by elegance, expertise, and care—because you deserve nothing less.<\/p>","bottom_text_1":"Contact Us","bottom_url_1":"shopify:\/\/pages\/contact","bottom_text_2":"BOOK A VIRTUAL APPOINTMENT","bottom_url_2":"https:\/\/calendly.com\/azaraofficial","bottom_text_3":"WARRANTY","bottom_url_3":"shopify:\/\/pages\/warranty","bg_color":"#000000","text_color":"#ffffff"}},"related_products_MPzEAX":{"type":"related-products","settings":{"color_scheme":"scheme-2","separate_section_with_border":false,"hide_product_information":false,"stack_products":false,"recommendations_count":10,"products_per_row_mobile":"1","products_per_row_desktop":4,"horizontal_spacing_factor":0.6,"vertical_spacing_factor":0.3,"subheading":"","title":"You May Also Like","content":""}},"17467640263b04c1b0":{"type":"apps","blocks":{"judge_me_reviews_featured_carousel_EVCULy":{"type":"shopify:\/\/apps\/judge-me-reviews\/blocks\/featured_carousel\/61ccd3b1-a9f2-4160-9fe9-4fec8413e5d8","settings":{"maxwidth":1080}},"judge_me_reviews_review_widget_WiXy7A":{"type":"shopify:\/\/apps\/judge-me-reviews\/blocks\/review_widget\/61ccd3b1-a9f2-4160-9fe9-4fec8413e5d8","settings":{}}},"block_order":["judge_me_reviews_featured_carousel_EVCULy","judge_me_reviews_review_widget_WiXy7A"],"settings":{"color_scheme":"","separate_section_with_border":true,"remove_vertical_spacing":false,"remove_horizontal_spacing":false}}},"order":["main","craftmanship_single_product_A9Yqrn","single_product_cta_7VkKdp","product_experience_68fyNw","related_products_MPzEAX","17467640263b04c1b0"]}